essay_id,set,score,org_score,pos_adjadv,pos_noun,pos_pronoun,pos_verb,pos_other,pos_nums,complex_short,complex_medium,complex_long,vocab_level,new_score,pred_score,prompt_relevance
20716,8,18.0,0,2,2,2,2,2,2,0.23684210526315788,0.7368421052631579,0.02631578947368421,6.1,0,0,187
20717,8,21.0,0,2,2,2,2,2,1,0.03333333333333333,0.8,0.16666666666666666,10.8,1,0,169
20718,8,15.0,0,2,2,3,2,2,1,0.10256410256410256,0.717948717948718,0.1794871794871795,9.1,0,0,233
20719,8,12.0,0,2,3,2,3,2,1,0.3,0.5,0.2,8.3,0,0,161
20721,8,11.0,1,2,2,2,2,2,1,0.11538461538461539,0.6923076923076923,0.19230769230769232,7.7,0,0,194
20722,8,20.0,0,2,2,2,2,2,2,0.5416666666666666,0.4583333333333333,0.0,7.2,0,0,123
20723,8,20.0,0,2,2,2,2,2,1,0.4268292682926829,0.573170731707317,0.0,4.6,0,0,162
20724,8,15.0,1,2,2,3,2,2,1,0.23529411764705882,0.7058823529411765,0.058823529411764705,5.3,0,0,100
20725,8,21.0,0,2,3,3,2,2,2,0.22916666666666666,0.7708333333333334,0.0,7.2,1,0,172
20726,8,20.0,0,2,2,2,2,2,1,0.3,0.675,0.025,7.0,0,0,100
20727,8,16.0,0,2,2,2,2,2,1,0.05555555555555555,0.7777777777777778,0.16666666666666666,10.2,0,0,84
20728,8,23.0,0,2,2,2,2,2,1,0.1388888888888889,0.75,0.1111111111111111,12.7,1,0,130
20732,8,15.0,0,2,2,3,2,2,1,0.0,0.5294117647058824,0.47058823529411764,19.8,0,0,211
20733,8,18.0,0,2,2,2,3,3,1,0.16129032258064516,0.8064516129032258,0.03225806451612903,7.3,0,0,123
20734,8,23.0,0,2,2,2,2,2,1,0.3333333333333333,0.6481481481481481,0.018518518518518517,8.9,1,0,163
20735,8,10.0,0,2,3,3,2,2,1,0.0,0.5,0.5,6.5,0,0,33
20736,8,20.0,0,2,3,2,3,2,2,0.3170731707317073,0.6097560975609756,0.07317073170731707,8.4,0,0,161
20737,8,20.0,0,2,2,3,2,3,1,0.3684210526315789,0.6052631578947368,0.02631578947368421,5.2,0,0,128
20739,8,15.0,0,2,2,3,2,2,1,0.3269230769230769,0.6730769230769231,0.0,3.8,0,0,169
20741,8,15.0,0,2,2,2,2,2,1,0.7,0.3,0.0,4.0,0,0,69
20742,8,20.0,0,2,2,2,2,2,2,0.03571428571428571,0.9285714285714286,0.03571428571428571,9.2,0,0,124
20743,8,22.0,0,2,2,2,2,2,1,0.3442622950819672,0.639344262295082,0.01639344262295082,6.7,1,0,123
20745,8,16.0,0,2,2,2,2,2,1,0.14285714285714285,0.14285714285714285,0.7142857142857143,11.5,0,0,88
20746,8,17.0,1,2,2,3,2,3,1,0.1875,0.5625,0.25,9.3,0,0,240
20747,8,18.0,0,2,2,3,3,2,2,0.13636363636363635,0.8636363636363636,0.0,6.5,0,0,80
20748,8,19.0,0,2,2,2,2,2,2,0.175,0.825,0.0,6.6,0,0,177
20751,8,20.0,0,3,2,3,2,2,2,0.13513513513513514,0.8648648648648649,0.0,5.3,0,0,140
20754,8,16.0,0,2,2,3,2,2,2,0.08333333333333333,0.75,0.16666666666666666,7.9,0,0,211
20755,8,15.0,0,2,2,2,2,2,1,0.47058823529411764,0.5294117647058824,0.0,6.5,0,0,52
20756,8,18.0,1,2,2,3,2,2,1,0.0,0.4444444444444444,0.5555555555555556,17.0,0,0,185
20757,8,15.0,1,2,2,2,2,2,2,0.037037037037037035,0.7407407407407407,0.2222222222222222,11.9,0,0,109
20758,8,23.0,0,2,2,2,2,2,2,0.3387096774193548,0.6290322580645161,0.03225806451612903,5.4,1,0,195
20759,8,23.0,0,2,2,2,2,2,2,0.45161290322580644,0.5483870967741935,0.0,4.6,1,0,160
20760,8,15.0,0,2,2,2,2,2,1,0.18518518518518517,0.8148148148148148,0.0,7.2,0,0,148
20761,8,20.0,0,3,2,2,2,2,1,0.3442622950819672,0.6557377049180327,0.0,5.6,0,0,190
20762,8,15.0,0,2,3,2,2,2,1,0.18181818181818182,0.6363636363636364,0.18181818181818182,7.6,0,0,113
20763,8,19.0,0,3,2,2,2,2,1,0.39622641509433965,0.49056603773584906,0.11320754716981132,6.2,0,0,156
20764,8,15.0,1,3,2,2,3,2,1,0.0,0.16666666666666666,0.8333333333333334,18.3,0,0,94
20765,8,20.0,0,2,2,2,2,2,1,0.23404255319148937,0.6808510638297872,0.0851063829787234,9.1,0,0,150
20766,8,25.0,0,2,2,2,2,2,1,0.30357142857142855,0.6785714285714286,0.017857142857142856,7.9,1,0,141
20767,8,20.0,0,2,2,2,2,2,1,0.4,0.6,0.0,5.1,0,0,145
20768,8,20.0,0,3,2,2,3,2,1,0.28846153846153844,0.7115384615384616,0.0,7.7,0,0,130
20769,8,20.0,0,2,2,2,2,2,1,0.6125,0.3625,0.025,6.3,0,0,118
20770,8,21.0,0,2,2,3,3,2,1,0.21739130434782608,0.6521739130434783,0.13043478260869565,7.2,1,0,131
20771,8,15.0,0,2,2,2,2,2,2,0.2962962962962963,0.6666666666666666,0.037037037037037035,5.9,0,0,85
20772,8,15.0,0,3,2,2,2,2,2,0.36666666666666664,0.5,0.13333333333333333,7.5,0,0,90
20773,8,17.0,0,2,2,2,2,3,2,0.5116279069767442,0.4883720930232558,0.0,3.3,0,0,86
20774,8,20.0,0,2,2,2,2,2,1,0.10714285714285714,0.7857142857142857,0.10714285714285714,5.4,0,0,118
20775,8,15.0,1,3,2,2,2,2,2,0.0,0.9230769230769231,0.07692307692307693,10.8,0,0,60
20776,8,18.0,0,3,2,2,2,2,2,0.1,0.7333333333333333,0.16666666666666666,9.0,0,0,150
20777,8,20.0,0,2,2,2,2,2,1,0.42857142857142855,0.5714285714285714,0.0,6.0,0,0,101
20778,8,20.0,0,2,2,2,2,2,2,0.13333333333333333,0.7666666666666667,0.1,8.9,0,0,149
20779,8,20.0,0,2,3,3,2,2,1,0.034482758620689655,0.9310344827586207,0.034482758620689655,7.4,0,0,177
20781,8,15.0,0,2,2,2,2,2,2,0.225,0.675,0.1,6.7,0,0,182
20783,8,18.0,0,2,2,2,2,2,1,0.2558139534883721,0.7441860465116279,0.0,5.7,0,0,102
20784,8,17.0,0,2,2,3,3,3,1,0.3076923076923077,0.6923076923076923,0.0,5.3,0,0,167
20785,8,22.0,0,2,2,2,2,2,2,0.1935483870967742,0.8064516129032258,0.0,6.6,1,0,82
20787,8,20.0,0,2,3,2,2,2,1,0.41379310344827586,0.5862068965517241,0.0,5.3,0,0,96
20790,8,20.0,0,2,2,2,2,2,2,0.17647058823529413,0.7941176470588235,0.029411764705882353,7.6,0,0,151
20791,8,20.0,0,2,2,2,2,2,1,0.4090909090909091,0.5909090909090909,0.0,6.9,0,0,66
20792,8,15.0,0,2,2,3,2,3,1,0.5862068965517241,0.41379310344827586,0.0,3.3,0,0,79
20793,8,20.0,0,3,2,2,2,2,1,0.30357142857142855,0.6964285714285714,0.0,5.7,0,0,169
20794,8,20.0,0,2,2,3,3,2,1,0.2777777777777778,0.6666666666666666,0.05555555555555555,7.1,0,0,143
20795,8,17.0,0,2,2,3,2,2,1,0.10810810810810811,0.8918918918918919,0.0,6.4,0,0,155
20796,8,18.0,0,2,2,2,2,2,1,0.4714285714285714,0.5142857142857142,0.014285714285714285,6.1,0,0,144
20797,8,15.0,1,2,2,3,2,2,1,0.0,0.9166666666666666,0.08333333333333333,8.4,0,0,68
20800,8,18.0,0,3,2,2,2,2,1,0.4222222222222222,0.5777777777777777,0.0,8.2,0,0,122
20802,8,15.0,0,3,2,2,2,2,1,0.0967741935483871,0.6129032258064516,0.2903225806451613,10.7,0,0,213
20803,8,20.0,0,2,2,3,2,3,1,0.2,0.75,0.05,8.3,0,0,85
20804,8,20.0,0,2,2,3,2,2,1,0.09523809523809523,0.7619047619047619,0.14285714285714285,7.0,0,0,114
20805,8,20.0,1,2,2,2,3,2,1,0.09302325581395349,0.8604651162790697,0.046511627906976744,8.4,0,0,178
20806,8,17.0,1,2,2,2,3,2,2,0.20588235294117646,0.7647058823529411,0.029411764705882353,7.4,0,0,161
20807,8,18.0,0,2,2,2,2,2,1,0.3870967741935484,0.6129032258064516,0.0,5.9,0,0,97
20808,8,15.0,1,2,2,2,3,2,1,0.47619047619047616,0.47619047619047616,0.047619047619047616,5.3,0,0,157
20809,8,20.0,0,2,2,2,2,2,1,0.25,0.75,0.0,5.3,0,0,204
20812,8,20.0,0,2,2,2,2,2,1,0.34285714285714286,0.6571428571428571,0.0,5.7,0,0,184
20813,8,18.0,0,3,2,3,2,2,1,0.041666666666666664,0.9166666666666666,0.041666666666666664,8.4,0,0,124
20814,8,17.0,0,3,2,2,3,2,2,0.5194805194805194,0.4805194805194805,0.0,4.8,0,0,163
20815,8,15.0,0,2,2,3,2,2,1,0.09375,0.78125,0.125,10.7,0,0,234
20817,8,13.0,1,2,2,3,2,3,1,0.42105263157894735,0.5263157894736842,0.05263157894736842,3.8,0,0,65
20818,8,16.0,0,2,2,2,2,2,1,0.1,0.45,0.45,16.7,0,0,150
20819,8,15.0,0,3,2,3,2,2,1,0.17647058823529413,0.7058823529411765,0.11764705882352941,6.0,0,0,123
20821,8,30.0,0,3,2,2,2,2,1,0.3384615384615385,0.6615384615384615,0.0,7.4,1,0,143
20822,8,25.0,0,2,2,2,2,3,1,0.1702127659574468,0.8297872340425532,0.0,6.7,1,0,178
20823,8,21.0,0,3,2,2,2,2,1,0.2619047619047619,0.6190476190476191,0.11904761904761904,9.6,1,0,156
20824,8,20.0,0,2,2,2,2,2,1,0.3829787234042553,0.6170212765957447,0.0,7.6,0,0,149
20825,8,15.0,0,2,2,2,2,2,2,0.25806451612903225,0.6774193548387096,0.06451612903225806,5.5,0,0,131
20826,8,30.0,0,2,2,2,2,2,1,0.6746987951807228,0.3253012048192771,0.0,5.5,1,0,113
20827,8,24.0,0,2,2,2,2,2,1,0.58,0.38,0.04,5.6,1,0,104
20828,8,13.0,0,2,2,2,2,2,1,0.08333333333333333,0.8333333333333334,0.08333333333333333,7.0,0,0,51
20829,8,25.0,0,2,2,2,2,2,1,0.40816326530612246,0.5918367346938775,0.0,7.7,1,0,116
20830,8,17.0,1,2,3,2,2,2,2,0.22857142857142856,0.7428571428571429,0.02857142857142857,6.0,0,0,145
20831,8,14.0,1,2,2,2,2,2,1,0.0,0.6666666666666666,0.3333333333333333,12.9,0,0,49
20832,8,20.0,0,2,2,2,3,2,1,0.25,0.6590909090909091,0.09090909090909091,6.5,0,0,175
20833,8,20.0,0,3,2,2,2,2,1,0.3333333333333333,0.6666666666666666,0.0,4.6,0,0,145
20835,8,20.0,1,3,2,2,2,2,2,0.16666666666666666,0.8055555555555556,0.027777777777777776,7.4,0,0,130
20836,8,20.0,1,2,2,2,2,2,2,0.03333333333333333,0.9333333333333333,0.03333333333333333,8.1,0,0,110
20838,8,15.0,0,2,2,3,2,2,1,0.3684210526315789,0.631578947368421,0.0,4.7,0,0,69
20839,8,13.0,1,2,2,2,2,2,1,0.0,0.0,1.0,38.8,0,0,43
20840,8,17.0,0,2,2,2,2,2,2,0.391304347826087,0.6086956521739131,0.0,5.5,0,0,85
20841,8,17.0,1,2,2,2,2,2,1,0.21052631578947367,0.7631578947368421,0.02631578947368421,6.1,0,0,148
20842,8,21.0,0,2,2,2,2,2,1,0.22727272727272727,0.6590909090909091,0.11363636363636363,9.4,1,0,166
20844,8,15.0,0,2,2,2,3,2,1,0.3333333333333333,0.6666666666666666,0.0,6.1,0,0,147
20846,8,20.0,0,2,2,3,2,2,2,0.21621621621621623,0.7837837837837838,0.0,6.1,0,0,147
20847,8,15.0,1,2,3,3,2,2,1,0.20588235294117646,0.7941176470588235,0.0,5.8,0,0,135
20848,8,15.0,0,2,3,2,2,2,1,0.14583333333333334,0.8541666666666666,0.0,6.8,0,0,225
20849,8,21.0,0,2,2,2,2,2,1,0.09375,0.71875,0.1875,11.2,1,0,224
20850,8,16.0,0,2,2,2,2,2,1,0.35714285714285715,0.5714285714285714,0.07142857142857142,7.0,0,0,65
20851,8,15.0,0,2,2,2,2,3,1,0.3,0.7,0.0,6.0,0,0,76
20852,8,20.0,0,3,2,2,3,2,1,0.2222222222222222,0.7777777777777778,0.0,6.7,0,0,125
20853,8,15.0,0,2,3,2,2,2,2,0.045454545454545456,0.7272727272727273,0.22727272727272727,7.5,0,0,108
20856,8,20.0,0,2,2,2,2,2,1,0.15384615384615385,0.8461538461538461,0.0,7.7,0,0,87
20857,8,18.0,0,2,2,2,3,2,1,0.3488372093023256,0.6046511627906976,0.046511627906976744,6.8,0,0,106
20859,8,20.0,0,2,2,2,2,2,1,0.16071428571428573,0.8392857142857143,0.0,5.1,0,0,200
20860,8,20.0,0,2,2,3,2,2,2,0.11538461538461539,0.8461538461538461,0.038461538461538464,9.5,0,0,109
20861,8,19.0,0,2,2,2,3,2,2,0.20689655172413793,0.7931034482758621,0.0,8.3,0,0,124
20862,8,20.0,0,3,2,2,3,2,2,0.4838709677419355,0.5,0.016129032258064516,6.4,0,0,105
20863,8,17.0,1,2,2,2,2,2,2,0.28125,0.6875,0.03125,6.3,0,0,121
20865,8,20.0,0,2,2,3,2,2,1,0.24528301886792453,0.7547169811320755,0.0,4.8,0,0,176
20866,8,20.0,0,2,2,2,2,2,2,0.3389830508474576,0.6271186440677966,0.03389830508474576,4.3,0,0,148
20869,8,20.0,0,2,2,2,2,3,1,0.4857142857142857,0.5142857142857142,0.0,3.6,0,0,133
20870,8,16.0,0,2,2,2,2,2,1,0.3888888888888889,0.6111111111111112,0.0,7.2,0,0,67
20871,8,10.0,0,2,2,2,3,2,1,0.5,0.5,0.0,7.9,0,0,18
20872,8,20.0,0,2,2,2,2,2,2,0.2558139534883721,0.7441860465116279,0.0,6.3,0,0,127
20874,8,15.0,0,2,2,2,2,2,1,0.0,0.2,0.8,24.0,0,0,121
20876,8,17.0,1,2,2,2,2,2,1,0.0625,0.84375,0.09375,9.1,0,0,188
20877,8,20.0,1,2,3,2,2,2,1,0.19444444444444445,0.8055555555555556,0.0,6.6,0,0,120
20878,8,17.0,0,2,2,3,2,3,2,0.15384615384615385,0.5384615384615384,0.3076923076923077,10.8,0,0,188
20879,8,20.0,0,2,2,2,2,3,1,0.125,0.5,0.375,12.4,0,0,116
20881,8,16.0,0,2,2,2,2,2,1,0.12121212121212122,0.6666666666666666,0.21212121212121213,10.6,0,0,111
20882,8,18.0,0,2,2,2,2,2,1,0.2962962962962963,0.7037037037037037,0.0,5.6,0,0,164
20883,8,20.0,0,2,2,2,2,2,1,0.20689655172413793,0.7586206896551724,0.034482758620689655,5.9,0,0,88
20884,8,20.0,0,3,2,2,2,2,1,0.08333333333333333,0.9166666666666666,0.0,8.8,0,0,152
20885,8,15.0,0,2,2,3,2,2,1,0.2,0.6666666666666666,0.13333333333333333,8.5,0,0,70
20887,8,15.0,1,2,3,2,2,3,1,0.0,0.25,0.75,10.2,0,0,115
20888,8,19.0,0,2,2,2,2,2,1,0.11904761904761904,0.8571428571428571,0.023809523809523808,7.9,0,0,127
20889,8,20.0,0,3,2,2,2,2,1,0.03571428571428571,0.9285714285714286,0.03571428571428571,8.5,0,0,105
20892,8,18.0,1,2,2,2,2,2,1,0.0,0.8,0.2,10.8,0,0,133
20893,8,17.0,0,2,2,2,2,2,1,0.16666666666666666,0.7916666666666666,0.041666666666666664,6.4,0,0,98
20894,8,18.0,0,3,2,2,2,3,2,0.18604651162790697,0.7674418604651163,0.046511627906976744,7.1,0,0,119
20895,8,20.0,0,3,2,2,2,3,1,0.125,0.84375,0.03125,7.2,0,0,100
20896,8,15.0,0,2,2,2,3,2,1,0.4444444444444444,0.5555555555555556,0.0,5.2,0,0,65
20897,8,17.0,0,2,2,3,2,2,1,0.43478260869565216,0.5652173913043478,0.0,3.5,0,0,80
20898,8,23.0,0,2,2,2,3,2,2,0.17777777777777778,0.8,0.022222222222222223,9.0,1,0,148
20899,8,17.0,0,2,2,2,2,2,1,0.3829787234042553,0.5531914893617021,0.06382978723404255,6.9,0,0,173
20900,8,22.0,0,2,2,2,3,2,1,0.13793103448275862,0.7241379310344828,0.13793103448275862,10.2,1,0,119
20901,8,20.0,0,2,2,2,2,2,1,0.3898305084745763,0.6101694915254238,0.0,6.1,0,0,114
20902,8,20.0,0,2,2,3,2,2,1,0.08823529411764706,0.8529411764705882,0.058823529411764705,8.5,0,0,172
20904,8,15.0,0,2,2,2,2,2,2,0.11538461538461539,0.6923076923076923,0.19230769230769232,10.4,0,0,104
20905,8,15.0,0,2,2,2,3,2,2,0.22916666666666666,0.7291666666666666,0.041666666666666664,5.8,0,0,197
20906,8,24.0,0,2,2,3,3,2,1,0.16,0.84,0.0,5.3,1,0,73
20907,8,18.0,0,2,2,2,2,2,2,0.32,0.66,0.02,7.6,0,0,103
20908,8,18.0,0,2,2,2,3,2,1,0.25,0.75,0.0,4.2,0,0,72
20909,8,17.0,0,2,2,2,2,2,1,0.20454545454545456,0.7272727272727273,0.06818181818181818,6.5,0,0,149
20910,8,15.0,0,3,2,3,2,3,1,0.18181818181818182,0.7727272727272727,0.045454545454545456,8.0,0,0,81
20911,8,20.0,0,2,2,2,2,2,1,0.43243243243243246,0.5675675675675675,0.0,6.2,0,0,86
20913,8,15.0,1,2,3,2,2,3,2,0.0,0.8636363636363636,0.13636363636363635,10.0,0,0,130
20914,8,20.0,0,2,2,2,2,2,1,0.2222222222222222,0.7333333333333333,0.044444444444444446,7.6,0,0,152
20915,8,18.0,0,2,2,2,3,2,1,0.4714285714285714,0.5285714285714286,0.0,7.2,0,0,139
20916,8,20.0,0,2,2,3,3,2,1,0.09090909090909091,0.7878787878787878,0.12121212121212122,10.4,0,0,197
20917,8,18.0,0,2,2,2,2,2,1,0.5365853658536586,0.4634146341463415,0.0,4.3,0,0,136
20918,8,14.0,1,2,2,3,2,2,1,0.25,0.0,0.75,8.4,0,0,116
20919,8,15.0,0,2,2,2,3,2,1,0.3684210526315789,0.631578947368421,0.0,4.5,0,0,85
20920,8,17.0,1,2,2,2,2,3,1,0.11764705882352941,0.5882352941176471,0.29411764705882354,12.7,0,0,115
20921,8,23.0,0,2,2,2,2,2,1,0.06382978723404255,0.9361702127659575,0.0,8.7,1,0,146
20922,8,20.0,1,2,2,3,2,3,1,0.2,0.7333333333333333,0.06666666666666667,6.5,0,0,75
20923,8,13.0,0,2,2,2,2,3,1,0.27586206896551724,0.6206896551724138,0.10344827586206896,10.7,0,0,170
20924,8,15.0,0,2,2,3,3,2,1,0.25,0.75,0.0,9.8,0,0,59
20925,8,18.0,1,2,2,2,2,2,1,0.08333333333333333,0.9166666666666666,0.0,6.2,0,0,81
20926,8,24.0,0,3,2,3,2,2,1,0.2916666666666667,0.6875,0.020833333333333332,6.4,1,1,151
20927,8,20.0,0,3,2,2,2,2,1,0.08571428571428572,0.7142857142857143,0.2,10.7,0,0,215
20928,8,20.0,0,2,2,2,2,3,1,0.25925925925925924,0.7407407407407407,0.0,5.5,0,0,98
20929,8,13.0,1,2,2,3,3,2,1,0.1111111111111111,0.5555555555555556,0.3333333333333333,8.0,0,0,38
20930,8,20.0,0,2,2,2,2,2,1,0.1836734693877551,0.7959183673469388,0.02040816326530612,9.0,0,0,146
20931,8,20.0,0,2,2,2,2,2,1,0.5142857142857142,0.4857142857142857,0.0,4.3,0,0,198
20932,8,20.0,0,3,2,2,2,2,1,0.24242424242424243,0.696969696969697,0.06060606060606061,9.0,0,0,148
20933,8,17.0,0,2,2,3,2,2,1,0.05555555555555555,0.7222222222222222,0.2222222222222222,13.4,0,0,128
20935,8,20.0,1,2,3,2,2,2,1,0.16666666666666666,0.7222222222222222,0.1111111111111111,7.8,0,0,143
20936,8,18.0,1,2,2,2,2,2,1,0.1891891891891892,0.7297297297297297,0.08108108108108109,8.3,0,0,162
20938,8,15.0,0,2,2,3,3,2,1,0.38461538461538464,0.6153846153846154,0.0,2.7,0,0,200
20939,8,15.0,0,2,2,3,3,2,1,0.0,1.0,0.0,7.1,0,0,92
20940,8,20.0,1,2,2,3,3,3,1,0.05,0.85,0.1,9.3,0,0,83
20942,8,20.0,0,2,2,3,2,2,1,0.4418604651162791,0.5581395348837209,0.0,3.5,0,0,116
20943,8,20.0,0,2,2,2,2,2,1,0.59375,0.40625,0.0,6.0,0,0,161
20944,8,16.0,0,2,2,2,3,2,1,0.5882352941176471,0.4117647058823529,0.0,3.6,0,0,152
20945,8,14.0,1,2,2,2,2,2,2,0.0,0.0,1.0,117.7,0,0,137
20946,8,20.0,0,2,3,3,2,3,1,0.1951219512195122,0.7560975609756098,0.04878048780487805,7.5,0,0,143
20947,8,20.0,0,2,2,2,2,2,1,0.4576271186440678,0.4915254237288136,0.05084745762711865,7.3,0,0,137
20948,8,19.0,1,2,2,2,3,2,1,0.4507042253521127,0.5492957746478874,0.0,3.2,0,0,169
20949,8,16.0,0,2,2,3,3,2,1,0.28888888888888886,0.7111111111111111,0.0,7.1,0,0,202
20953,8,16.0,0,2,2,2,2,2,1,0.34285714285714286,0.6571428571428571,0.0,6.6,0,0,95
20954,8,10.0,0,2,2,3,2,2,1,0.5789473684210527,0.3684210526315789,0.05263157894736842,1.2,0,0,56
20955,8,18.0,0,2,2,3,2,2,1,0.14285714285714285,0.6285714285714286,0.22857142857142856,10.3,0,0,172
20956,8,18.0,0,2,2,3,2,2,1,0.30303030303030304,0.696969696969697,0.0,5.4,0,0,143
20957,8,20.0,0,2,2,2,3,2,1,0.04878048780487805,0.9512195121951219,0.0,9.2,0,0,144
20958,8,17.0,0,3,2,2,3,2,1,0.4857142857142857,0.42857142857142855,0.08571428571428572,7.5,0,0,110
20959,8,20.0,0,2,2,2,2,2,1,0.21568627450980393,0.7843137254901961,0.0,7.2,0,0,152
20962,8,20.0,0,2,2,2,2,2,2,0.02857142857142857,0.8571428571428571,0.11428571428571428,11.3,0,0,180
20963,8,20.0,0,2,2,3,3,2,1,0.21621621621621623,0.6756756756756757,0.10810810810810811,8.2,0,0,178
20964,8,16.0,0,3,2,2,2,2,2,0.13333333333333333,0.8444444444444444,0.022222222222222223,7.5,0,0,163
20965,8,15.0,0,2,2,2,2,2,1,0.0,0.8571428571428571,0.14285714285714285,10.7,0,0,28
20966,8,20.0,0,2,2,2,3,2,1,0.07692307692307693,0.7307692307692307,0.19230769230769232,11.1,0,0,141
20967,8,10.0,0,2,2,3,2,2,2,0.0,0.0,1.0,76.4,0,0,89
20968,8,18.0,1,2,2,3,3,2,1,0.1702127659574468,0.8085106382978723,0.02127659574468085,5.7,0,0,188
20971,8,21.0,0,2,2,2,2,2,1,0.08108108108108109,0.8918918918918919,0.02702702702702703,9.1,1,0,120
20972,8,16.0,0,2,2,2,3,2,1,0.5,0.5,0.0,4.8,0,0,61
20973,8,21.0,0,2,2,3,3,2,1,0.06666666666666667,0.9,0.03333333333333333,8.2,1,0,136
20974,8,22.0,0,2,2,2,2,2,1,0.10416666666666667,0.875,0.020833333333333332,8.7,1,0,188
20975,8,20.0,0,3,2,2,2,2,2,0.03571428571428571,0.9285714285714286,0.03571428571428571,7.7,0,0,106
20976,8,20.0,0,2,2,2,3,2,1,0.3972602739726027,0.6027397260273972,0.0,5.3,0,0,200
20977,8,20.0,0,2,2,2,2,2,2,0.3559322033898305,0.6440677966101694,0.0,5.4,0,0,207
20979,8,16.0,1,2,3,2,3,3,1,0.0,0.5,0.5,15.7,0,0,108
20981,8,20.0,0,2,2,2,2,2,1,0.125,0.75,0.125,8.9,0,0,77
20982,8,17.0,1,2,3,2,2,2,1,0.058823529411764705,0.7647058823529411,0.17647058823529413,9.7,0,0,111
20983,8,20.0,0,2,2,3,2,3,2,0.0,1.0,0.0,11.8,0,0,135
20984,8,16.0,0,2,2,2,2,2,2,0.0,0.7692307692307693,0.23076923076923078,12.2,0,0,177
20985,8,18.0,0,3,2,2,2,2,1,0.15384615384615385,0.8076923076923077,0.038461538461538464,9.5,0,0,57
20987,8,20.0,0,2,2,3,2,2,1,0.030303030303030304,0.9696969696969697,0.0,9.3,0,0,104
20988,8,20.0,0,2,2,2,2,2,1,0.22641509433962265,0.7169811320754716,0.05660377358490566,6.4,0,0,186
20992,8,20.0,0,2,2,3,2,2,1,0.25,0.75,0.0,5.7,0,0,138
20993,8,20.0,0,2,2,2,2,2,1,0.20454545454545456,0.7272727272727273,0.06818181818181818,9.2,0,0,167
20994,8,20.0,0,2,3,3,2,2,1,0.17142857142857143,0.8,0.02857142857142857,8.2,0,0,137
20996,8,19.0,0,2,2,3,2,2,1,0.35714285714285715,0.6428571428571429,0.0,4.1,0,0,32
20998,8,20.0,0,2,2,3,3,3,1,0.10526315789473684,0.8947368421052632,0.0,6.3,0,0,152
20999,8,19.0,0,2,2,2,2,2,1,0.22857142857142856,0.7428571428571429,0.02857142857142857,7.4,0,0,139
21000,8,15.0,1,3,2,2,2,2,2,0.2777777777777778,0.7222222222222222,0.0,6.3,0,0,66
21001,8,20.0,0,2,2,3,2,3,1,0.3442622950819672,0.639344262295082,0.01639344262295082,5.7,0,0,218
21002,8,20.0,0,2,2,2,2,2,1,0.40540540540540543,0.5945945945945946,0.0,5.1,0,0,120
21003,8,20.0,0,2,2,2,3,2,1,0.15625,0.75,0.09375,9.0,0,0,145
21004,8,14.0,0,2,2,2,3,2,2,0.0,0.8333333333333334,0.16666666666666666,12.8,0,0,69
21005,8,15.0,0,2,2,2,2,2,2,0.3939393939393939,0.6060606060606061,0.0,5.7,0,0,91
21006,8,20.0,0,2,3,2,2,2,1,0.19444444444444445,0.75,0.05555555555555555,9.3,0,0,138
21007,8,20.0,1,2,2,2,2,2,1,0.15789473684210525,0.7894736842105263,0.05263157894736842,6.8,0,0,176
21008,8,20.0,0,2,2,3,2,2,2,0.06451612903225806,0.9032258064516129,0.03225806451612903,6.8,0,0,158
21009,8,17.0,0,3,2,2,3,3,1,0.05405405405405406,0.8108108108108109,0.13513513513513514,10.8,0,0,202
21010,8,20.0,1,2,2,2,2,2,2,0.08333333333333333,0.8888888888888888,0.027777777777777776,6.1,0,0,136
21012,8,15.0,0,2,2,2,2,2,1,0.1,0.1,0.8,11.3,0,0,134
21013,8,10.0,1,2,2,3,2,2,1,0.125,0.625,0.25,11.1,0,0,70
21014,8,17.0,0,3,2,2,2,2,1,0.3333333333333333,0.6666666666666666,0.0,5.0,0,0,79
21015,8,20.0,0,2,2,2,2,2,1,0.07894736842105263,0.8947368421052632,0.02631578947368421,8.2,0,0,152
21016,8,16.0,1,2,2,2,2,2,2,0.1111111111111111,0.8888888888888888,0.0,9.6,0,0,65
21017,8,12.0,1,2,2,2,2,2,1,0.1111111111111111,0.7777777777777778,0.1111111111111111,5.2,0,0,29
21020,8,18.0,0,2,2,2,2,2,1,0.14285714285714285,0.7142857142857143,0.14285714285714285,6.6,0,0,34
21021,8,20.0,0,2,2,3,2,2,1,0.1,0.8666666666666667,0.03333333333333333,9.0,0,0,125
21022,8,19.0,0,2,2,2,2,2,2,0.24489795918367346,0.7551020408163265,0.0,6.5,0,0,158
21023,8,15.0,0,2,2,2,3,2,1,0.13793103448275862,0.8620689655172413,0.0,7.5,0,0,94
21024,8,18.0,0,2,2,3,2,2,1,0.23076923076923078,0.7692307692307693,0.0,3.7,0,0,49
21025,8,18.0,0,2,2,3,2,2,1,0.22857142857142856,0.7142857142857143,0.05714285714285714,7.7,0,0,147
21026,8,17.0,0,2,2,2,2,2,2,0.12121212121212122,0.8484848484848485,0.030303030303030304,8.0,0,0,124
21028,8,17.0,0,2,2,2,2,2,1,0.29411764705882354,0.6470588235294118,0.058823529411764705,8.5,0,0,146
21029,8,16.0,0,2,2,2,2,2,1,0.0,0.5714285714285714,0.42857142857142855,9.8,0,0,48
21030,8,20.0,0,2,2,2,2,2,1,0.2903225806451613,0.6774193548387096,0.03225806451612903,6.0,0,0,91
21031,8,13.0,0,2,2,2,3,2,1,0.05,0.5,0.45,14.1,0,0,176
21032,8,20.0,0,2,2,2,2,2,1,0.32727272727272727,0.6727272727272727,0.0,8.0,0,0,138
21033,8,12.0,1,2,2,2,2,2,1,0.19230769230769232,0.5769230769230769,0.23076923076923078,8.1,0,0,164
21034,8,20.0,1,2,2,2,2,2,1,0.0,0.125,0.875,27.5,0,0,119
21035,8,25.0,0,3,3,3,3,2,1,0.3076923076923077,0.6923076923076923,0.0,6.1,1,0,92
21036,8,21.0,0,3,2,2,2,3,1,0.12121212121212122,0.8181818181818182,0.06060606060606061,8.6,1,0,121
21037,8,25.0,0,2,2,2,2,2,1,0.2833333333333333,0.7166666666666667,0.0,9.8,1,0,97
21038,8,20.0,0,3,2,2,2,2,2,0.2608695652173913,0.5652173913043478,0.17391304347826086,11.2,0,0,65
21039,8,20.0,0,2,2,3,2,2,1,0.0,0.42857142857142855,0.5714285714285714,20.0,0,0,168
21042,8,20.0,1,2,2,3,2,2,1,0.12195121951219512,0.7804878048780488,0.0975609756097561,8.2,0,0,203
21043,8,20.0,0,2,2,2,2,2,1,0.17647058823529413,0.5882352941176471,0.23529411764705882,11.6,0,0,171
21044,8,20.0,0,2,2,2,2,2,2,0.13333333333333333,0.8222222222222222,0.044444444444444446,6.8,0,0,136
21045,8,18.0,0,2,2,2,2,2,1,0.3,0.7,0.0,4.8,0,0,93
21049,8,18.0,1,3,2,2,2,2,1,0.05405405405405406,0.8378378378378378,0.10810810810810811,8.4,0,0,199
21051,8,27.0,0,2,2,3,2,3,1,0.24561403508771928,0.7543859649122807,0.0,5.4,1,0,168
21052,8,16.0,1,2,2,2,2,2,1,0.05263157894736842,0.47368421052631576,0.47368421052631576,18.9,0,0,177
21053,8,13.0,0,2,3,3,2,2,1,0.13333333333333333,0.8333333333333334,0.03333333333333333,7.0,0,0,128
21054,8,20.0,0,2,2,2,3,2,1,0.27906976744186046,0.627906976744186,0.09302325581395349,8.5,0,0,137
21055,8,15.0,0,2,2,3,2,2,1,0.11764705882352941,0.7647058823529411,0.11764705882352941,8.1,0,0,105
21056,8,24.0,0,2,2,2,2,2,1,0.2222222222222222,0.7222222222222222,0.05555555555555555,9.1,1,0,115
21057,8,20.0,0,2,2,2,2,2,2,0.5952380952380952,0.40476190476190477,0.0,7.0,0,0,176
21058,8,20.0,0,2,2,2,2,2,1,0.5853658536585366,0.4024390243902439,0.012195121951219513,5.9,0,0,160
21059,8,20.0,0,2,3,2,2,2,1,0.07407407407407407,0.6666666666666666,0.25925925925925924,11.6,0,0,148
21060,8,20.0,0,2,2,2,2,2,1,0.4935064935064935,0.5064935064935064,0.0,6.2,0,0,149
21061,8,15.0,1,2,2,3,2,2,1,0.3333333333333333,0.6666666666666666,0.0,3.2,0,0,118
21063,8,20.0,0,3,2,2,2,2,2,0.3170731707317073,0.6829268292682927,0.0,5.3,0,0,151
21064,8,20.0,0,2,2,2,2,2,1,0.2,0.5666666666666667,0.23333333333333334,11.9,0,0,181
21065,8,25.0,0,2,2,3,3,2,1,0.23684210526315788,0.7631578947368421,0.0,6.7,1,0,119
21067,8,20.0,0,2,2,2,3,2,1,0.2037037037037037,0.7962962962962963,0.0,6.8,0,0,179
21068,8,20.0,0,2,2,2,2,2,1,0.08,0.76,0.16,9.2,0,0,97
21069,8,19.0,0,2,2,2,2,2,1,0.17142857142857143,0.6285714285714286,0.2,10.3,0,0,181
21070,8,20.0,0,2,2,2,2,2,1,0.53125,0.46875,0.0,8.3,0,0,137
21071,8,15.0,1,2,2,2,2,2,2,0.225,0.6,0.175,7.9,0,0,188
21072,8,20.0,0,2,2,2,2,2,1,0.10526315789473684,0.3684210526315789,0.5263157894736842,17.9,0,0,179
21073,8,20.0,0,2,2,2,2,2,2,0.17073170731707318,0.6585365853658537,0.17073170731707318,8.3,0,0,180
21074,8,20.0,0,2,3,3,2,2,1,0.3076923076923077,0.6923076923076923,0.0,5.2,0,0,150
21075,8,20.0,0,3,2,2,2,2,1,0.03571428571428571,0.9642857142857143,0.0,9.4,0,0,86
21076,8,19.0,0,2,2,3,2,2,2,0.23255813953488372,0.7441860465116279,0.023255813953488372,7.6,0,0,174
21077,8,20.0,1,2,3,3,2,2,1,0.08571428571428572,0.9142857142857143,0.0,5.6,0,0,119
21078,8,15.0,0,2,2,3,2,3,1,0.25,0.7,0.05,9.5,0,0,120
21079,8,19.0,0,2,2,2,2,2,1,0.2,0.8,0.0,7.0,0,0,89
21081,8,20.0,0,2,3,2,2,2,1,0.15789473684210525,0.6842105263157895,0.15789473684210525,6.1,0,0,171
21083,8,20.0,0,2,2,2,2,2,2,0.0,0.5789473684210527,0.42105263157894735,15.2,0,0,127
21085,8,17.0,0,2,2,2,3,2,1,0.3023255813953488,0.6976744186046512,0.0,6.9,0,0,117
21086,8,15.0,1,2,2,2,2,2,1,0.1875,0.75,0.0625,9.6,0,0,58
21087,8,17.0,1,2,2,2,2,2,1,0.14285714285714285,0.7619047619047619,0.09523809523809523,9.2,0,0,102
21089,8,16.0,1,3,2,2,2,2,2,0.3235294117647059,0.6470588235294118,0.029411764705882353,6.2,0,0,110
21090,8,18.0,0,2,2,2,2,2,1,0.3870967741935484,0.6129032258064516,0.0,7.0,0,0,59
21091,8,15.0,0,2,2,3,2,2,1,0.5925925925925926,0.4074074074074074,0.0,6.5,0,0,84
21092,8,20.0,0,2,3,2,2,2,1,0.17142857142857143,0.7714285714285715,0.05714285714285714,8.7,0,0,155
21093,8,20.0,0,2,3,2,2,2,1,0.5394736842105263,0.4605263157894737,0.0,4.4,0,0,146
21094,8,20.0,0,3,2,2,2,3,1,0.2857142857142857,0.7142857142857143,0.0,6.6,0,0,149
21095,8,19.0,0,3,3,2,2,2,1,0.1956521739130435,0.782608695652174,0.021739130434782608,7.4,0,0,163
21096,8,20.0,0,2,2,3,2,2,1,0.23529411764705882,0.7647058823529411,0.0,4.8,0,0,123
21097,8,25.0,0,2,3,2,2,3,1,0.3191489361702128,0.6170212765957447,0.06382978723404255,5.8,1,0,151
21098,8,23.0,0,3,2,2,2,2,1,0.27450980392156865,0.6666666666666666,0.058823529411764705,8.0,1,0,186
21099,8,20.0,0,2,2,2,3,2,1,0.2222222222222222,0.7407407407407407,0.037037037037037035,6.5,0,0,144
21101,8,20.0,1,3,2,3,2,2,1,0.0967741935483871,0.9032258064516129,0.0,3.8,0,0,85
21102,8,16.0,1,2,2,2,2,2,2,0.0,0.8235294117647058,0.17647058823529413,9.7,0,0,101
21103,8,15.0,1,2,2,3,2,2,1,0.2,0.8,0.0,5.9,0,0,60
21105,8,20.0,0,2,2,2,2,2,2,0.04878048780487805,0.8780487804878049,0.07317073170731707,9.3,0,0,192
21106,8,22.0,0,2,2,2,2,2,1,0.0625,0.90625,0.03125,8.3,1,0,161
21107,8,20.0,0,2,2,2,2,2,1,0.037037037037037035,0.9259259259259259,0.037037037037037035,11.2,0,0,128
21109,8,20.0,0,2,2,3,2,2,1,0.32558139534883723,0.6744186046511628,0.0,4.1,0,0,164
21110,8,23.0,0,3,2,2,2,2,1,0.18181818181818182,0.7727272727272727,0.045454545454545456,7.4,1,0,162
21111,8,18.0,0,2,2,2,2,2,2,0.20512820512820512,0.6923076923076923,0.10256410256410256,7.5,0,0,130
21112,8,17.0,0,2,3,2,2,3,1,0.17647058823529413,0.7941176470588235,0.029411764705882353,6.5,0,0,131
21113,8,20.0,0,2,2,2,2,2,2,0.10344827586206896,0.5862068965517241,0.3103448275862069,8.7,0,0,178
21114,8,20.0,0,2,2,2,2,2,1,0.07142857142857142,0.8928571428571429,0.03571428571428571,9.3,0,0,142
21115,8,17.0,0,2,2,3,2,2,1,0.16666666666666666,0.8333333333333334,0.0,6.9,0,0,103
21116,8,17.0,0,2,3,2,2,2,1,0.1875,0.7916666666666666,0.020833333333333332,6.2,0,0,134
21118,8,22.0,0,2,2,2,2,3,1,0.09375,0.84375,0.0625,10.9,1,0,122
21119,8,17.0,0,3,2,2,2,2,1,0.3333333333333333,0.6410256410256411,0.02564102564102564,6.0,0,0,130
21120,8,25.0,0,2,2,2,2,2,2,0.29508196721311475,0.7049180327868853,0.0,7.5,1,0,160
21122,8,25.0,0,2,2,2,2,2,2,0.20408163265306123,0.7959183673469388,0.0,8.0,1,0,123
21123,8,20.0,0,3,2,2,2,2,1,0.15625,0.84375,0.0,7.9,0,0,92
21126,8,12.0,1,2,2,2,2,2,1,0.03225806451612903,0.8387096774193549,0.12903225806451613,9.5,0,0,214
21127,8,17.0,0,2,2,2,3,2,2,0.5,0.5,0.0,3.7,0,0,133
21129,8,19.0,1,2,2,3,3,2,1,0.08108108108108109,0.7837837837837838,0.13513513513513514,7.7,0,0,238
21130,8,25.0,0,3,2,3,3,2,1,0.3,0.6833333333333333,0.016666666666666666,5.4,1,0,170
21131,8,20.0,0,2,2,3,2,2,2,0.40540540540540543,0.5945945945945946,0.0,5.2,0,0,96
21132,8,20.0,0,2,2,2,2,2,1,0.34782608695652173,0.6521739130434783,0.0,8.6,0,0,58
21133,8,20.0,0,2,2,2,2,2,1,0.24489795918367346,0.7551020408163265,0.0,5.0,0,0,166
21134,8,16.0,0,2,2,2,2,2,1,0.09375,0.625,0.28125,10.4,0,0,143
21135,8,17.0,0,2,3,3,2,2,2,0.16326530612244897,0.8367346938775511,0.0,5.9,0,0,215
21136,8,17.0,0,3,3,2,3,2,2,0.09803921568627451,0.9019607843137255,0.0,6.2,0,0,178
21137,8,19.0,0,3,2,2,3,2,1,0.32,0.66,0.02,7.5,0,0,166
21138,8,18.0,0,2,2,2,2,2,2,0.3870967741935484,0.6129032258064516,0.0,4.5,0,0,81
21140,8,10.0,0,2,3,3,2,2,1,0.5,0.0,0.5,8.1,0,0,20
21141,8,15.0,0,2,3,3,2,2,1,0.4,0.4,0.2,9.0,0,0,56
21142,8,18.0,0,2,3,2,3,2,2,0.07692307692307693,0.8846153846153846,0.038461538461538464,6.0,0,0,93
21143,8,20.0,0,2,2,2,2,2,1,0.24444444444444444,0.6888888888888889,0.06666666666666667,8.8,0,0,180
21144,8,20.0,0,2,2,3,2,2,2,0.10714285714285714,0.8571428571428571,0.03571428571428571,7.8,0,0,110
21145,8,17.0,1,2,2,2,3,3,1,0.05555555555555555,0.7777777777777778,0.16666666666666666,8.6,0,0,255
21146,8,24.0,0,3,2,2,2,2,1,0.04878048780487805,0.8536585365853658,0.0975609756097561,9.3,1,0,165
21147,8,20.0,0,2,2,2,2,2,2,0.03225806451612903,0.8387096774193549,0.12903225806451613,9.7,0,0,168
21148,8,16.0,1,2,2,3,2,2,2,0.15,0.45,0.4,14.6,0,0,166
21149,8,16.0,0,2,2,2,2,2,1,0.15789473684210525,0.7631578947368421,0.07894736842105263,8.0,0,0,161
21150,8,14.0,1,2,2,3,2,2,1,0.1111111111111111,0.6666666666666666,0.2222222222222222,9.5,0,0,51
21151,8,15.0,1,2,3,2,2,3,2,0.075,0.85,0.075,7.2,0,0,199
21153,8,17.0,0,2,2,2,2,2,1,0.3076923076923077,0.6538461538461539,0.038461538461538464,8.9,0,0,98
21154,8,18.0,0,2,3,3,2,3,1,0.1,0.7666666666666667,0.13333333333333333,9.2,0,0,167
21155,8,16.0,0,2,2,2,2,3,1,0.11428571428571428,0.6857142857142857,0.2,10.0,0,0,170
21156,8,20.0,0,2,2,2,2,2,1,0.20833333333333334,0.7916666666666666,0.0,6.8,0,0,151
21157,8,20.0,0,2,2,2,3,2,1,0.4461538461538462,0.5384615384615384,0.015384615384615385,6.0,0,0,140
21158,8,15.0,0,2,2,2,2,2,1,0.6785714285714286,0.32142857142857145,0.0,2.7,0,0,173
21159,8,21.0,0,2,2,2,2,2,2,0.24390243902439024,0.7073170731707317,0.04878048780487805,8.1,1,0,95
21160,8,16.0,0,2,2,2,2,3,2,0.08695652173913043,0.7391304347826086,0.17391304347826086,9.9,0,0,143
21161,8,20.0,0,2,2,2,2,2,1,0.3148148148148148,0.6481481481481481,0.037037037037037035,5.3,0,0,184
21163,8,20.0,1,2,2,2,2,2,1,0.45,0.55,0.0,4.5,0,0,118
21164,8,20.0,0,2,3,2,2,2,1,0.07692307692307693,0.7307692307692307,0.19230769230769232,12.1,0,0,174
21166,8,15.0,0,2,2,2,3,2,2,0.75,0.25,0.0,1.8,0,0,61
21167,8,20.0,0,2,2,2,2,2,2,0.14634146341463414,0.8048780487804879,0.04878048780487805,9.5,0,0,159
21168,8,20.0,0,2,2,2,2,2,2,0.421875,0.546875,0.03125,5.2,0,0,152
21170,8,22.0,1,2,2,2,2,2,1,0.075,0.875,0.05,9.1,1,0,160
21171,8,20.0,0,2,2,2,2,2,1,0.0,1.0,0.0,9.4,0,0,99
21174,8,20.0,1,2,3,3,2,2,1,0.2727272727272727,0.6818181818181818,0.045454545454545456,6.6,0,0,199
21175,8,18.0,0,2,2,2,2,2,1,0.4492753623188406,0.5362318840579711,0.014492753623188406,4.7,0,0,195
21176,8,19.0,1,2,2,3,2,2,1,0.0,1.0,0.0,8.9,0,0,115
21177,8,12.0,1,2,2,3,2,2,1,0.0,0.9166666666666666,0.08333333333333333,8.0,0,0,61
21178,8,15.0,0,2,3,3,2,2,1,0.41025641025641024,0.5897435897435898,0.0,5.8,0,0,154
21179,8,15.0,0,2,2,2,3,2,1,0.6818181818181818,0.3181818181818182,0.0,2.8,0,0,55
21180,8,20.0,0,2,2,2,2,2,1,0.3023255813953488,0.6511627906976745,0.046511627906976744,8.5,0,0,101
21181,8,15.0,0,2,2,2,3,2,1,0.46511627906976744,0.4883720930232558,0.046511627906976744,6.5,0,0,139
21182,8,15.0,1,2,3,2,2,2,2,0.375,0.625,0.0,5.1,0,0,102
21183,8,18.0,1,2,2,2,2,2,1,0.32653061224489793,0.6530612244897959,0.02040816326530612,4.5,0,0,192
21185,8,20.0,0,3,2,2,2,2,1,0.32608695652173914,0.6304347826086957,0.043478260869565216,6.7,0,0,162
21186,8,21.0,0,2,2,2,2,2,1,0.2692307692307692,0.7115384615384616,0.019230769230769232,6.9,1,0,142
21188,8,17.0,1,3,2,3,3,2,1,0.0,0.2222222222222222,0.7777777777777778,33.2,0,0,154
21189,8,19.0,0,3,2,2,2,2,1,0.11764705882352941,0.8823529411764706,0.0,6.5,0,0,142
21190,8,18.0,0,2,2,2,2,2,2,0.25,0.75,0.0,7.0,0,0,101
21191,8,11.0,1,2,2,2,2,2,1,0.0,0.14285714285714285,0.8571428571428571,46.9,0,0,129
21192,8,15.0,0,2,2,2,3,2,1,0.3953488372093023,0.6046511627906976,0.0,2.9,0,0,130
21193,8,15.0,0,2,2,2,2,2,1,0.30952380952380953,0.6904761904761905,0.0,5.4,0,0,141
21194,8,22.0,0,2,2,2,2,2,1,0.0,0.8529411764705882,0.14705882352941177,10.0,1,0,192
21195,8,20.0,0,3,3,2,3,3,2,0.10344827586206896,0.8620689655172413,0.034482758620689655,8.3,0,0,86
21198,8,17.0,0,2,2,2,2,2,1,0.17307692307692307,0.8269230769230769,0.0,4.4,0,0,158
21199,8,18.0,0,2,2,3,2,2,1,0.03125,0.90625,0.0625,8.8,0,0,158
21200,8,15.0,0,3,2,2,2,2,1,0.26785714285714285,0.7321428571428571,0.0,7.2,0,0,164
21202,8,25.0,0,2,2,2,2,2,2,0.06451612903225806,0.9354838709677419,0.0,9.1,1,0,167
21203,8,19.0,0,2,3,2,2,2,1,0.34615384615384615,0.6538461538461539,0.0,6.4,0,0,131
21204,8,16.0,0,2,2,2,2,2,2,0.3,0.6,0.1,8.1,0,0,69
21205,8,16.0,0,2,2,2,2,3,1,0.15384615384615385,0.8461538461538461,0.0,6.7,0,0,40
21206,8,12.0,1,2,2,2,2,2,1,0.0,0.42105263157894735,0.5789473684210527,18.8,0,0,206
21207,8,21.0,0,2,2,2,3,3,1,0.1388888888888889,0.8333333333333334,0.027777777777777776,6.9,1,0,156
21208,8,23.0,0,2,2,2,2,2,2,0.2857142857142857,0.6326530612244898,0.08163265306122448,6.4,1,0,169
21209,8,20.0,0,2,2,2,2,2,1,0.22641509433962265,0.7358490566037735,0.03773584905660377,6.4,0,0,177
21210,8,18.0,0,2,3,2,2,2,1,0.12121212121212122,0.8484848484848485,0.030303030303030304,6.5,0,0,100
21211,8,17.0,0,2,2,3,2,2,1,0.0,0.8076923076923077,0.19230769230769232,10.4,0,0,133
21213,8,20.0,1,2,2,3,3,2,1,0.038461538461538464,0.8846153846153846,0.07692307692307693,6.8,0,0,140
21214,8,20.0,0,3,2,3,2,2,1,0.058823529411764705,0.9411764705882353,0.0,9.2,0,0,73
21215,8,21.0,1,2,2,3,3,3,1,0.10256410256410256,0.8717948717948718,0.02564102564102564,7.4,1,0,182
21217,8,11.0,1,2,2,3,2,2,1,0.09090909090909091,0.5454545454545454,0.36363636363636365,11.5,0,0,83
21218,8,22.0,0,3,2,2,2,2,2,0.3191489361702128,0.5957446808510638,0.0851063829787234,7.4,1,0,153
21219,8,20.0,0,2,2,2,3,2,1,0.5443037974683544,0.45569620253164556,0.0,4.3,0,0,148
21220,8,15.0,1,2,3,3,2,2,1,0.21739130434782608,0.5217391304347826,0.2608695652173913,11.6,0,0,141
21221,8,15.0,0,2,2,2,3,2,1,0.23809523809523808,0.6190476190476191,0.14285714285714285,7.5,0,0,91
21222,8,15.0,0,2,2,2,2,2,1,0.0,0.7777777777777778,0.2222222222222222,8.9,0,0,63
21223,8,20.0,0,2,2,2,2,2,1,0.4358974358974359,0.5384615384615384,0.02564102564102564,5.4,0,0,100
21224,8,20.0,0,2,2,2,2,2,1,0.17142857142857143,0.8,0.02857142857142857,6.2,0,0,129
21225,8,25.0,0,2,2,2,2,2,2,0.10256410256410256,0.7692307692307693,0.1282051282051282,10.4,1,0,192
21227,8,20.0,0,2,2,2,2,2,1,0.37777777777777777,0.6222222222222222,0.0,6.1,0,0,152
21229,8,20.0,0,2,2,2,2,2,1,0.36363636363636365,0.6363636363636364,0.0,6.8,0,0,129
21230,8,16.0,0,2,2,2,2,2,1,0.2127659574468085,0.7872340425531915,0.0,5.8,0,0,108
21233,8,20.0,0,2,2,2,2,2,2,0.37735849056603776,0.6226415094339622,0.0,5.3,0,0,144
21235,8,12.0,1,2,2,2,2,2,1,0.0,0.25,0.75,36.1,0,0,107
21236,8,20.0,0,2,2,2,2,2,1,0.15625,0.8125,0.03125,5.9,0,0,133
21237,8,20.0,0,2,3,2,2,3,1,0.19047619047619047,0.6666666666666666,0.14285714285714285,10.1,0,0,160
21238,8,20.0,1,2,2,2,2,2,2,0.0,0.9230769230769231,0.07692307692307693,8.2,0,0,110
21240,8,11.0,1,2,2,3,2,2,1,0.0,0.0,1.0,31.1,0,0,62
21241,8,15.0,1,2,3,3,2,2,2,0.1875,0.78125,0.03125,5.9,0,0,136
21244,8,15.0,1,2,2,3,2,2,1,0.2,0.6666666666666666,0.13333333333333333,6.7,0,0,54
21245,8,20.0,0,2,2,2,2,2,1,0.1111111111111111,0.8222222222222222,0.06666666666666667,8.6,0,0,212
21246,8,17.0,1,2,2,2,2,2,2,0.15151515151515152,0.7878787878787878,0.06060606060606061,8.1,0,0,139
21247,8,17.0,0,2,2,2,3,2,1,0.20833333333333334,0.75,0.041666666666666664,6.9,0,0,144
21248,8,13.0,0,2,2,2,2,2,1,0.4722222222222222,0.5277777777777778,0.0,3.6,0,0,89
21249,8,22.0,0,2,2,3,2,2,2,0.28,0.72,0.0,6.3,1,0,90
21250,8,26.0,0,3,2,3,2,2,1,0.07317073170731707,0.9024390243902439,0.024390243902439025,9.6,1,0,139
21251,8,20.0,0,3,2,3,2,2,1,0.17391304347826086,0.8260869565217391,0.0,7.1,0,0,233
21253,8,19.0,0,2,3,3,3,2,1,0.25,0.625,0.125,5.9,0,0,98
21255,8,20.0,0,2,2,2,2,2,1,0.2,0.7714285714285715,0.02857142857142857,5.8,0,0,145
21256,8,18.0,1,2,2,3,3,2,1,0.16666666666666666,0.7222222222222222,0.1111111111111111,7.4,0,0,87
21257,8,13.0,0,2,2,3,2,2,2,0.0,0.5263157894736842,0.47368421052631576,13.4,0,0,178
21258,8,18.0,0,2,2,3,3,2,1,0.0,1.0,0.0,8.1,0,0,83
21259,8,20.0,0,2,2,2,2,2,1,0.06060606060606061,0.7575757575757576,0.18181818181818182,10.1,0,0,165
21261,8,20.0,1,3,2,2,2,2,2,0.09090909090909091,0.8409090909090909,0.06818181818181818,7.1,0,0,168
21262,8,18.0,0,2,2,2,2,2,1,0.30612244897959184,0.6938775510204082,0.0,4.5,0,0,146
21263,8,16.0,0,2,2,2,2,2,1,0.7011494252873564,0.2988505747126437,0.0,7.6,0,0,86
21264,8,17.0,0,2,3,3,3,2,1,0.42105263157894735,0.5263157894736842,0.05263157894736842,6.6,0,0,51
21265,8,17.0,1,2,2,2,2,2,1,0.0,0.7272727272727273,0.2727272727272727,10.2,0,0,67
21266,8,19.0,1,3,2,2,2,3,1,0.08823529411764706,0.9117647058823529,0.0,6.1,0,0,147
21268,8,20.0,1,3,2,2,2,2,1,0.5,0.5,0.0,4.3,0,0,98
21269,8,20.0,0,2,2,2,2,2,1,0.10526315789473684,0.7368421052631579,0.15789473684210525,11.9,0,0,89
21271,8,15.0,1,2,2,2,2,3,1,0.15384615384615385,0.6923076923076923,0.15384615384615385,8.6,0,0,95
21272,8,20.0,1,2,3,2,2,2,1,0.08333333333333333,0.7777777777777778,0.1388888888888889,9.9,0,0,214
21273,8,17.0,0,2,2,3,3,2,1,0.0,0.6470588235294118,0.35294117647058826,12.2,0,0,115
21274,8,20.0,0,2,3,2,2,2,1,0.3939393939393939,0.5757575757575758,0.030303030303030304,6.8,0,0,107
21275,8,19.0,0,3,2,2,2,2,1,0.46153846153846156,0.5384615384615384,0.0,5.6,0,0,162
21276,8,17.0,0,2,2,2,3,2,1,0.22916666666666666,0.7708333333333334,0.0,7.5,0,0,168
21277,8,15.0,1,3,2,2,2,2,1,0.0,0.5,0.5,17.3,0,0,123
21279,8,18.0,0,3,2,2,3,2,1,0.3333333333333333,0.6666666666666666,0.0,5.1,0,0,62
21280,8,20.0,0,2,2,2,2,2,1,0.14705882352941177,0.7352941176470589,0.11764705882352941,9.9,0,0,233
21281,8,20.0,0,2,2,2,3,2,1,0.1724137931034483,0.8275862068965517,0.0,7.1,0,0,110
21284,8,20.0,0,2,2,2,2,2,1,0.2619047619047619,0.6904761904761905,0.047619047619047616,5.7,0,0,156
21285,8,17.0,0,2,2,2,2,2,1,0.3793103448275862,0.6206896551724138,0.0,3.6,0,0,161
21286,8,16.0,1,2,2,3,2,2,1,0.17391304347826086,0.7391304347826086,0.08695652173913043,5.1,0,0,269
21287,8,20.0,0,2,2,3,2,2,1,0.30357142857142855,0.6964285714285714,0.0,4.9,0,0,212
21288,8,23.0,0,2,2,2,2,2,1,0.225,0.75,0.025,9.8,1,0,137
21289,8,23.0,0,2,2,2,2,2,2,0.16326530612244897,0.8367346938775511,0.0,6.8,1,0,159
21290,8,17.0,0,2,2,2,2,2,1,0.24242424242424243,0.7272727272727273,0.030303030303030304,7.8,0,0,171
21291,8,15.0,1,2,2,2,2,2,1,0.27906976744186046,0.5813953488372093,0.13953488372093023,8.5,0,0,142
21292,8,25.0,0,2,2,2,2,2,1,0.20833333333333334,0.7083333333333334,0.08333333333333333,12.7,1,0,122
21293,8,18.0,0,2,2,2,2,2,1,0.6666666666666666,0.3333333333333333,0.0,5.0,0,0,64
21294,8,17.0,0,2,2,2,2,2,1,0.23076923076923078,0.6923076923076923,0.07692307692307693,11.8,0,0,64
21295,8,20.0,0,3,2,2,2,2,2,0.12121212121212122,0.7878787878787878,0.09090909090909091,7.8,0,0,129
21296,8,20.0,0,3,3,2,2,2,1,0.28888888888888886,0.7111111111111111,0.0,5.1,0,0,129
21297,8,15.0,0,3,2,2,2,2,1,0.0,0.3333333333333333,0.6666666666666666,16.8,0,0,171
21298,8,15.0,1,2,2,3,2,2,2,0.16666666666666666,0.8333333333333334,0.0,4.7,0,0,67
21299,8,20.0,0,2,2,2,2,2,1,0.19148936170212766,0.7872340425531915,0.02127659574468085,8.1,0,0,137
21300,8,23.0,0,2,2,2,2,2,2,0.36666666666666664,0.6166666666666667,0.016666666666666666,8.4,1,0,108
21301,8,10.0,0,2,2,3,3,2,1,0.0,1.0,0.0,7.1,0,0,21
21302,8,20.0,0,2,2,2,2,2,1,0.22641509433962265,0.7547169811320755,0.018867924528301886,5.4,0,0,160
21304,8,17.0,0,2,2,3,2,3,1,0.125,0.8333333333333334,0.041666666666666664,7.2,0,0,156
21306,8,20.0,0,2,2,2,2,2,2,0.6805555555555556,0.3194444444444444,0.0,4.7,0,0,117
21307,8,15.0,0,2,3,3,2,2,2,0.0,0.5833333333333334,0.4166666666666667,10.2,0,0,127
21308,8,20.0,1,2,2,2,3,2,1,0.16666666666666666,0.8333333333333334,0.0,7.8,0,0,103
21309,8,20.0,0,2,2,2,3,2,1,0.3783783783783784,0.6216216216216216,0.0,6.4,0,0,120
21310,8,20.0,0,2,2,3,2,2,1,0.05555555555555555,0.9444444444444444,0.0,9.0,0,0,85
21312,8,15.0,1,2,3,2,2,2,2,0.058823529411764705,0.7352941176470589,0.20588235294117646,9.7,0,0,189
21315,8,20.0,0,2,2,2,2,2,1,0.037037037037037035,0.9259259259259259,0.037037037037037035,14.3,0,0,153
21318,8,14.0,0,3,2,3,2,2,1,0.3076923076923077,0.6923076923076923,0.0,5.7,0,0,65
21319,8,23.0,0,2,2,2,2,2,1,0.3728813559322034,0.6271186440677966,0.0,5.1,1,0,118
21321,8,20.0,0,2,2,2,2,2,2,0.12195121951219512,0.8292682926829268,0.04878048780487805,8.8,0,0,146
21322,8,18.0,1,2,2,2,2,2,1,0.045454545454545456,0.6363636363636364,0.3181818181818182,12.0,0,0,184
21323,8,23.0,0,3,2,2,2,3,1,0.1111111111111111,0.8333333333333334,0.05555555555555555,9.5,1,0,132
21324,8,18.0,0,2,2,2,2,2,1,0.18,0.82,0.0,6.2,0,0,183
21325,8,25.0,0,2,2,2,2,3,1,0.27450980392156865,0.7058823529411765,0.0196078431372549,6.2,1,1,173
21327,8,16.0,1,2,2,3,3,2,2,0.07142857142857142,0.5714285714285714,0.35714285714285715,13.9,0,0,128
21329,8,15.0,0,2,2,2,2,2,1,0.65,0.35,0.0,2.5,0,0,106
21330,8,17.0,0,2,2,2,2,2,2,0.06896551724137931,0.7931034482758621,0.13793103448275862,12.0,0,0,106
21331,8,10.0,0,2,2,3,2,2,1,0.2857142857142857,0.7142857142857143,0.0,6.9,0,0,27
21332,8,19.0,0,2,2,3,2,2,2,0.4318181818181818,0.5681818181818182,0.0,3.9,0,0,101
21333,8,20.0,0,3,2,2,2,2,1,0.2727272727272727,0.696969696969697,0.030303030303030304,6.4,0,0,125
21334,8,15.0,0,2,2,2,2,2,1,0.1111111111111111,0.7777777777777778,0.1111111111111111,7.9,0,0,28
21336,8,18.0,0,2,2,2,2,2,1,0.13513513513513514,0.7297297297297297,0.13513513513513514,7.9,0,0,215
21338,8,16.0,0,2,2,2,3,2,1,0.3958333333333333,0.6041666666666666,0.0,5.5,0,0,63
21339,8,17.0,1,2,2,2,2,2,2,0.043478260869565216,0.5652173913043478,0.391304347826087,11.6,0,0,139
21340,8,20.0,0,3,3,2,2,2,1,0.07894736842105263,0.8947368421052632,0.02631578947368421,7.6,0,0,121
21342,8,20.0,0,2,2,2,2,2,1,0.17142857142857143,0.8,0.02857142857142857,6.5,0,0,145
21343,8,25.0,0,2,2,2,2,2,2,0.2647058823529412,0.5882352941176471,0.14705882352941177,10.1,1,0,122
21344,8,22.0,0,2,2,2,2,2,1,0.36585365853658536,0.6341463414634146,0.0,5.6,1,0,87
21345,8,15.0,1,2,2,3,2,2,1,0.0,0.5454545454545454,0.45454545454545453,17.0,0,0,242
21346,8,15.0,0,2,2,2,2,2,1,0.23529411764705882,0.4117647058823529,0.35294117647058826,10.3,0,0,115
21347,8,19.0,0,3,2,2,2,2,1,0.26785714285714285,0.6964285714285714,0.03571428571428571,6.6,0,0,191
21348,8,20.0,0,2,2,3,2,2,2,0.15217391304347827,0.8260869565217391,0.021739130434782608,6.8,0,0,195
21350,8,18.0,0,2,2,2,3,2,1,0.25,0.71875,0.03125,6.6,0,0,154
21351,8,15.0,0,2,2,2,2,3,1,0.2916666666666667,0.5,0.20833333333333334,9.5,0,0,152
21352,8,17.0,0,2,2,2,2,2,1,0.14634146341463414,0.8536585365853658,0.0,5.1,0,0,129
21354,8,17.0,0,2,2,3,3,2,1,0.0,0.4444444444444444,0.5555555555555556,15.1,0,0,81
21355,8,13.0,0,2,2,3,2,3,1,0.14285714285714285,0.14285714285714285,0.7142857142857143,19.1,0,0,110
21356,8,17.0,0,2,2,2,2,2,1,0.484375,0.46875,0.046875,5.3,0,0,162
21357,8,20.0,0,2,2,2,3,2,1,0.509090909090909,0.4909090909090909,0.0,4.5,0,0,190
21358,8,23.0,0,2,2,2,2,2,1,0.28,0.72,0.0,8.1,1,0,127
21360,8,18.0,0,2,2,3,2,2,2,0.25806451612903225,0.6774193548387096,0.06451612903225806,4.5,0,0,130
21361,8,20.0,0,2,2,2,2,2,1,0.6610169491525424,0.3389830508474576,0.0,4.1,0,0,114
21364,8,20.0,0,2,2,3,2,2,1,0.32558139534883723,0.6511627906976745,0.023255813953488372,5.1,0,0,171
21365,8,19.0,0,2,2,2,2,2,2,0.29411764705882354,0.6666666666666666,0.0392156862745098,5.5,0,0,185
21366,8,20.0,0,2,2,2,3,2,1,0.29545454545454547,0.7045454545454546,0.0,5.5,0,0,119
21367,8,19.0,0,2,2,2,2,2,1,0.0,0.8695652173913043,0.13043478260869565,10.0,0,0,100
21369,8,15.0,1,2,2,3,2,2,1,0.0,0.6666666666666666,0.3333333333333333,8.0,0,0,129
21370,8,16.0,0,2,2,3,2,2,1,0.21428571428571427,0.7857142857142857,0.0,5.0,0,0,55
21373,8,20.0,0,3,2,2,2,2,1,0.3125,0.6666666666666666,0.020833333333333332,7.2,0,0,167
21374,8,19.0,0,2,3,2,3,2,2,0.1282051282051282,0.8205128205128205,0.05128205128205128,8.9,0,0,133
21375,8,17.0,0,2,2,2,2,3,1,0.10344827586206896,0.8620689655172413,0.034482758620689655,7.1,0,0,128
21377,8,16.0,1,2,3,2,2,2,2,0.038461538461538464,0.8461538461538461,0.11538461538461539,8.4,0,0,99
21379,8,18.0,0,3,3,2,3,3,1,0.3050847457627119,0.6949152542372882,0.0,6.1,0,0,143
21380,8,17.0,1,2,2,3,2,2,1,0.10714285714285714,0.6785714285714286,0.21428571428571427,9.5,0,0,149
21382,8,22.0,0,2,2,2,2,2,1,0.2826086956521739,0.6956521739130435,0.021739130434782608,7.0,1,0,160
21383,8,20.0,0,2,2,2,2,2,1,0.3783783783783784,0.5945945945945946,0.02702702702702703,7.1,0,0,117
21384,8,19.0,1,2,2,2,2,2,2,0.14285714285714285,0.8571428571428571,0.0,5.8,0,0,157
21385,8,25.0,0,3,2,2,2,2,1,0.058823529411764705,0.8235294117647058,0.11764705882352941,11.7,1,0,143
21386,8,21.0,0,2,2,2,2,2,1,0.2631578947368421,0.7368421052631579,0.0,6.2,1,0,188
21387,8,18.0,1,2,2,2,2,2,2,0.16666666666666666,0.7619047619047619,0.07142857142857142,8.2,0,0,164
21388,8,20.0,0,2,2,2,3,2,1,0.044444444444444446,0.9555555555555556,0.0,7.7,0,0,131
21389,8,10.0,0,2,2,3,2,3,1,0.0,1.0,0.0,6.1,0,0,15
21390,8,20.0,1,2,2,2,2,2,1,0.23255813953488372,0.6744186046511628,0.09302325581395349,6.5,0,0,231
21391,8,16.0,1,2,2,2,2,2,1,0.1951219512195122,0.7073170731707317,0.0975609756097561,6.0,0,0,182
21392,8,18.0,0,2,2,2,3,2,2,0.1724137931034483,0.7586206896551724,0.06896551724137931,6.3,0,0,94
21393,8,15.0,0,2,2,2,2,2,1,0.2631578947368421,0.7368421052631579,0.0,4.6,0,0,47
21394,8,16.0,0,2,2,3,3,3,1,0.16666666666666666,0.7777777777777778,0.05555555555555555,7.2,0,0,187
21397,8,20.0,1,2,2,3,3,2,1,0.1,0.8333333333333334,0.06666666666666667,8.0,0,0,157
21398,8,25.0,0,2,2,2,2,2,1,0.20408163265306123,0.7551020408163265,0.04081632653061224,7.0,1,0,173
21399,8,15.0,0,2,2,2,2,2,1,0.64,0.36,0.0,6.2,0,0,74
21403,8,20.0,0,2,2,2,3,2,1,0.4722222222222222,0.5277777777777778,0.0,6.2,0,0,125
21404,8,17.0,0,2,2,2,2,3,1,0.11538461538461539,0.7692307692307693,0.11538461538461539,9.3,0,0,160
21405,8,20.0,0,2,2,3,2,2,1,0.28,0.72,0.0,5.8,0,0,83
21407,8,19.0,0,3,2,2,2,2,1,0.17647058823529413,0.6470588235294118,0.17647058823529413,8.7,0,0,54
21408,8,11.0,0,3,2,3,2,2,1,0.0,0.6,0.4,12.0,0,0,31
21409,8,22.0,1,3,2,2,2,2,1,0.24489795918367346,0.7142857142857143,0.04081632653061224,6.0,1,0,178
21410,8,18.0,0,2,2,3,2,2,1,0.14814814814814814,0.7407407407407407,0.1111111111111111,8.3,0,0,112
21411,8,15.0,1,3,2,2,2,2,2,0.2,0.3,0.5,14.5,0,0,204
21412,8,15.0,0,3,2,2,2,2,1,0.1111111111111111,0.4444444444444444,0.4444444444444444,13.6,0,0,138
21413,8,25.0,0,3,2,2,2,2,1,0.1282051282051282,0.8205128205128205,0.05128205128205128,9.1,1,0,156
21414,8,21.0,0,3,2,2,2,3,1,0.3333333333333333,0.6666666666666666,0.0,6.6,1,0,104
21415,8,20.0,1,3,2,2,2,2,1,0.08695652173913043,0.9130434782608695,0.0,6.7,0,0,172
21416,8,20.0,1,2,2,3,2,2,1,0.1111111111111111,0.8333333333333334,0.05555555555555555,8.1,0,0,96
21418,8,20.0,0,2,2,2,2,2,1,0.6029411764705882,0.39705882352941174,0.0,3.7,0,0,161
21419,8,20.0,0,2,2,2,2,3,1,0.05714285714285714,0.8,0.14285714285714285,10.1,0,0,206
21421,8,18.0,0,2,3,2,3,2,1,0.2,0.65,0.15,9.2,0,0,189
21422,8,21.0,0,2,2,3,2,2,1,0.02857142857142857,0.9714285714285714,0.0,8.3,1,0,136
21424,8,20.0,0,2,2,2,3,3,2,0.1794871794871795,0.6923076923076923,0.1282051282051282,9.0,0,0,169
21425,8,16.0,0,2,3,3,2,2,1,0.14285714285714285,0.8571428571428571,0.0,4.1,0,0,86
21426,8,21.0,0,2,2,2,2,2,1,0.02631578947368421,0.8947368421052632,0.07894736842105263,9.2,1,0,180
21427,8,17.0,0,2,2,3,2,2,2,0.25,0.75,0.0,5.9,0,0,131
21428,8,15.0,0,3,2,3,2,2,1,0.13636363636363635,0.8181818181818182,0.045454545454545456,6.0,0,0,99
21429,8,30.0,0,2,2,2,2,2,2,0.23255813953488372,0.6511627906976745,0.11627906976744186,10.9,1,0,156
21431,8,20.0,0,2,2,2,2,2,1,0.17857142857142858,0.75,0.07142857142857142,7.6,0,0,107
21432,8,27.0,0,3,2,2,2,2,2,0.08823529411764706,0.9117647058823529,0.0,9.8,1,0,116
21433,8,20.0,0,2,2,2,2,2,1,0.16326530612244897,0.8367346938775511,0.0,6.5,0,0,123
21434,8,15.0,1,3,2,2,2,3,1,0.07142857142857142,0.5714285714285714,0.35714285714285715,11.0,0,0,94
21436,8,18.0,0,2,2,3,2,2,1,0.43333333333333335,0.5,0.06666666666666667,6.9,0,0,113
21437,8,17.0,0,2,3,3,3,2,1,0.14285714285714285,0.8571428571428571,0.0,6.9,0,0,181
21438,8,23.0,0,2,2,2,3,2,1,0.03333333333333333,0.8333333333333334,0.13333333333333333,9.3,1,0,148
21440,8,15.0,0,2,2,3,2,2,1,0.2222222222222222,0.7777777777777778,0.0,9.0,0,0,129
21441,8,18.0,0,2,2,3,2,2,1,0.14634146341463414,0.7804878048780488,0.07317073170731707,9.2,0,0,167
21442,8,20.0,0,2,3,2,3,2,1,0.2857142857142857,0.7142857142857143,0.0,6.0,0,0,154
21443,8,17.0,0,3,2,3,2,2,1,0.22580645161290322,0.7741935483870968,0.0,5.9,0,0,123
21444,8,15.0,1,3,2,3,2,2,1,0.0,0.2,0.8,23.9,0,0,66
21446,8,16.0,0,2,2,2,2,2,1,0.25,0.75,0.0,5.6,0,0,54
21447,8,17.0,1,2,2,3,2,2,1,0.045454545454545456,0.6818181818181818,0.2727272727272727,11.1,0,0,183
21448,8,15.0,0,2,2,3,2,2,1,0.0,0.7,0.3,10.7,0,0,47
21449,8,16.0,1,2,2,3,3,2,1,0.0,0.8461538461538461,0.15384615384615385,10.4,0,0,74
21450,8,17.0,1,2,2,2,2,2,1,0.14814814814814814,0.6666666666666666,0.18518518518518517,9.1,0,0,117
21451,8,20.0,0,2,2,2,2,2,1,0.16129032258064516,0.8387096774193549,0.0,8.0,0,0,91
21452,8,17.0,1,3,2,2,2,2,1,0.09090909090909091,0.8181818181818182,0.09090909090909091,10.0,0,0,79
21453,8,18.0,0,2,2,2,2,3,1,0.09090909090909091,0.7727272727272727,0.13636363636363635,11.2,0,0,69
21454,8,21.0,0,3,2,2,2,2,1,0.4117647058823529,0.5882352941176471,0.0,4.4,1,0,176
21456,8,21.0,0,2,2,2,2,2,2,0.43548387096774194,0.5645161290322581,0.0,4.5,1,0,184
21457,8,20.0,0,2,2,2,2,2,2,0.2857142857142857,0.6071428571428571,0.10714285714285714,7.6,0,0,143
21458,8,20.0,0,2,2,3,2,2,1,0.3157894736842105,0.631578947368421,0.05263157894736842,7.0,0,0,163
21459,8,20.0,0,2,2,2,3,2,1,0.16666666666666666,0.7857142857142857,0.047619047619047616,7.9,0,0,225
21460,8,15.0,1,2,2,2,2,2,1,0.0,0.6,0.4,12.7,0,0,94
21462,8,20.0,0,2,2,2,2,2,1,0.16326530612244897,0.8163265306122449,0.02040816326530612,5.3,0,0,211
21463,8,13.0,0,2,2,2,2,2,1,0.4,0.6,0.0,5.5,0,0,43
21465,8,18.0,0,2,2,2,2,2,2,0.21875,0.625,0.15625,8.0,0,0,170
21467,8,25.0,0,2,2,2,2,2,1,0.45454545454545453,0.5454545454545454,0.0,4.5,1,0,116
21468,8,16.0,1,2,2,2,2,2,1,0.08695652173913043,0.8695652173913043,0.043478260869565216,7.7,0,0,80
21470,8,16.0,0,2,2,3,2,2,1,0.3559322033898305,0.5932203389830508,0.05084745762711865,6.0,0,0,186
21471,8,20.0,0,3,2,3,2,2,1,0.2631578947368421,0.7368421052631579,0.0,5.4,0,0,185
21472,8,17.0,0,2,2,2,2,2,1,0.14285714285714285,0.7959183673469388,0.061224489795918366,5.1,0,0,177
21473,8,17.0,0,2,2,2,2,2,1,0.21212121212121213,0.7878787878787878,0.0,5.1,0,0,121
21475,8,20.0,1,2,2,2,2,2,1,0.08333333333333333,0.875,0.041666666666666664,8.1,0,0,90
21476,8,14.0,1,2,3,3,2,2,1,0.3333333333333333,0.6666666666666666,0.0,4.9,0,0,32
21477,8,14.0,1,2,2,2,2,2,1,0.3333333333333333,0.3333333333333333,0.3333333333333333,18.3,0,0,23
21478,8,20.0,0,3,2,2,2,2,1,0.2553191489361702,0.723404255319149,0.02127659574468085,8.0,0,0,141
21479,8,16.0,1,2,2,2,2,2,1,0.2702702702702703,0.7297297297297297,0.0,5.1,0,0,142
21480,8,15.0,1,2,2,2,2,2,2,0.2,0.7818181818181819,0.01818181818181818,5.1,0,0,192
21481,8,18.0,1,2,2,2,2,2,1,0.1282051282051282,0.7435897435897436,0.1282051282051282,8.8,0,0,191
21482,8,15.0,0,2,2,2,3,2,2,0.2,0.6666666666666666,0.13333333333333333,6.7,0,0,117
21483,8,20.0,0,2,2,2,2,2,1,0.07407407407407407,0.8888888888888888,0.037037037037037035,8.2,0,0,90
21484,8,25.0,0,2,2,2,2,2,1,0.26785714285714285,0.7321428571428571,0.0,7.9,1,0,92
21485,8,20.0,0,2,2,2,2,2,1,0.4090909090909091,0.5909090909090909,0.0,5.6,0,0,100
21487,8,15.0,0,3,2,2,2,2,2,0.058823529411764705,0.8823529411764706,0.058823529411764705,7.8,0,0,233
21488,8,21.0,0,2,2,3,3,2,1,0.0,1.0,0.0,8.0,1,0,183
21489,8,11.0,0,2,2,2,2,2,1,0.3076923076923077,0.6153846153846154,0.07692307692307693,3.2,0,0,36
21490,8,25.0,0,2,2,3,2,2,1,0.18181818181818182,0.75,0.06818181818181818,6.8,1,0,192
21491,8,15.0,0,2,2,3,3,2,1,0.21621621621621623,0.7567567567567568,0.02702702702702703,6.5,0,0,156
21494,8,20.0,0,2,2,3,2,2,1,0.05263157894736842,0.42105263157894735,0.5263157894736842,16.7,0,0,227
21495,8,18.0,0,2,2,3,3,2,2,0.043478260869565216,0.6956521739130435,0.2608695652173913,11.3,0,0,167
21500,8,17.0,0,2,2,2,3,2,1,0.45161290322580644,0.5483870967741935,0.0,6.0,0,0,143
21501,8,13.0,1,2,2,3,2,2,1,0.0,0.9285714285714286,0.07142857142857142,6.2,0,0,74
21502,8,20.0,0,3,2,2,3,2,2,0.43333333333333335,0.5333333333333333,0.03333333333333333,7.6,0,0,173
21503,8,17.0,0,2,3,2,2,3,1,0.21212121212121213,0.6363636363636364,0.15151515151515152,8.6,0,0,116
21505,8,20.0,1,2,2,2,3,2,1,0.4166666666666667,0.5833333333333334,0.0,5.2,0,0,101
21506,8,25.0,0,2,2,2,2,2,1,0.3404255319148936,0.6595744680851063,0.0,5.3,1,0,162
21507,8,20.0,0,3,3,2,2,2,1,0.0625,0.90625,0.03125,9.7,0,0,145
21508,8,25.0,0,2,2,2,2,2,1,0.3492063492063492,0.6507936507936508,0.0,5.4,1,0,156
21509,8,15.0,0,2,2,3,2,2,1,0.575,0.425,0.0,2.0,0,0,102
21510,8,23.0,0,3,3,3,2,2,1,0.16363636363636364,0.8363636363636363,0.0,5.8,1,0,201
21511,8,20.0,0,2,2,3,2,2,2,0.0,0.88,0.12,9.4,0,0,120
21512,8,13.0,1,2,3,2,2,3,1,0.0,0.2857142857142857,0.7142857142857143,24.3,0,0,83
21513,8,18.0,0,2,2,2,2,2,1,0.13333333333333333,0.7333333333333333,0.13333333333333333,11.8,0,0,163
21514,8,15.0,0,2,3,3,3,2,1,0.05555555555555555,0.7777777777777778,0.16666666666666666,8.6,0,0,114
21515,8,15.0,0,2,2,2,2,2,1,0.13333333333333333,0.7777777777777778,0.08888888888888889,4.9,0,0,206
21516,8,17.0,0,2,2,2,2,2,1,0.0,0.8095238095238095,0.19047619047619047,12.2,0,0,129
21517,8,16.0,0,2,2,2,2,2,1,0.24,0.76,0.0,7.0,0,0,69
21518,8,19.0,0,2,2,2,2,2,2,0.0625,0.6875,0.25,13.2,0,0,135
21519,8,20.0,0,2,3,2,2,2,1,0.058823529411764705,0.8235294117647058,0.11764705882352941,9.7,0,0,153
21521,8,18.0,0,2,2,2,2,2,1,0.5862068965517241,0.40229885057471265,0.011494252873563218,6.0,0,0,189
21522,8,20.0,0,2,3,2,3,2,1,0.15625,0.84375,0.0,7.8,0,0,99
21525,8,15.0,1,2,2,2,3,2,1,0.0,0.625,0.375,14.9,0,0,197
21526,8,20.0,0,2,2,2,2,2,1,0.23529411764705882,0.6764705882352942,0.08823529411764706,8.4,0,0,103
21529,8,20.0,0,2,2,2,2,2,1,0.14285714285714285,0.8571428571428571,0.0,7.1,0,0,98
21530,8,25.0,0,2,2,3,3,2,2,0.21428571428571427,0.7142857142857143,0.07142857142857142,8.9,1,0,137
21531,8,23.0,0,3,2,2,2,2,1,0.058823529411764705,0.7941176470588235,0.14705882352941177,11.6,1,0,120
21532,8,25.0,0,3,2,2,2,2,1,0.2647058823529412,0.7058823529411765,0.029411764705882353,7.3,1,0,106
21533,8,17.0,1,2,2,3,2,2,1,0.13333333333333333,0.8666666666666667,0.0,7.2,0,0,50
21535,8,20.0,1,2,2,3,2,2,1,0.11428571428571428,0.6571428571428571,0.22857142857142856,10.5,0,0,217
21536,8,15.0,0,2,2,3,2,2,2,0.10344827586206896,0.896551724137931,0.0,6.8,0,0,111
21537,8,16.0,1,3,2,2,3,2,1,0.25,0.75,0.0,5.9,0,0,86
21539,8,20.0,0,2,2,2,2,2,1,0.25,0.75,0.0,7.1,0,0,125
21540,8,20.0,1,2,2,2,2,2,2,0.12195121951219512,0.8048780487804879,0.07317073170731707,8.7,0,0,215
21541,8,20.0,0,3,2,2,3,2,1,0.375,0.625,0.0,4.2,0,0,83
21542,8,20.0,0,2,3,2,2,2,1,0.041666666666666664,0.9166666666666666,0.041666666666666664,11.0,0,0,116
21544,8,15.0,0,2,2,2,2,2,1,0.2222222222222222,0.7407407407407407,0.037037037037037035,5.6,0,0,113
21545,8,20.0,0,2,2,3,2,2,1,0.1111111111111111,0.7407407407407407,0.14814814814814814,9.8,0,0,175
21546,8,17.0,1,2,2,3,2,2,2,0.16326530612244897,0.7959183673469388,0.04081632653061224,3.7,0,0,187
21547,8,20.0,0,2,3,2,2,2,1,0.36,0.58,0.06,5.4,0,0,152
21548,8,15.0,0,2,3,3,3,2,1,0.2682926829268293,0.7073170731707317,0.024390243902439025,6.0,0,0,180
21549,8,15.0,1,2,2,3,2,2,2,0.15384615384615385,0.8461538461538461,0.0,6.3,0,0,56
21550,8,20.0,0,3,3,2,2,3,1,0.10810810810810811,0.7297297297297297,0.16216216216216217,9.8,0,0,159
21552,8,15.0,0,2,2,2,2,2,1,0.42857142857142855,0.5428571428571428,0.02857142857142857,3.1,0,0,115
21553,8,15.0,0,2,2,2,2,2,1,0.3333333333333333,0.6666666666666666,0.0,2.2,0,0,73
21554,8,15.0,1,3,2,3,2,2,1,0.0,0.4444444444444444,0.5555555555555556,17.5,0,0,190
21555,8,10.0,0,2,2,3,2,3,1,0.4117647058823529,0.5882352941176471,0.0,3.1,0,0,49
21556,8,23.0,0,2,2,3,2,2,1,0.24528301886792453,0.7547169811320755,0.0,7.5,1,0,130
21557,8,18.0,0,3,3,2,2,2,2,0.3898305084745763,0.6101694915254238,0.0,5.2,0,0,133
21558,8,18.0,0,2,2,2,2,2,1,0.25925925925925924,0.7222222222222222,0.018518518518518517,7.0,0,0,145
21559,8,15.0,0,2,2,3,2,2,1,0.13043478260869565,0.8695652173913043,0.0,6.2,0,0,71
21560,8,28.0,0,3,2,2,2,2,1,0.05405405405405406,0.8648648648648649,0.08108108108108109,10.5,1,0,167
21561,8,18.0,0,2,2,2,3,2,1,0.0625,0.6875,0.25,12.0,0,0,66
21563,8,21.0,0,2,2,2,2,2,1,0.3404255319148936,0.6382978723404256,0.02127659574468085,7.5,1,0,153
21564,8,21.0,0,3,2,2,2,2,2,0.11764705882352941,0.8529411764705882,0.029411764705882353,10.9,1,0,82
21566,8,19.0,0,2,2,2,2,2,1,0.225,0.7,0.075,8.8,0,0,156
21567,8,20.0,0,2,2,3,3,2,1,0.10256410256410256,0.8461538461538461,0.05128205128205128,6.2,0,0,153
21568,8,20.0,0,2,2,2,2,2,1,0.0,1.0,0.0,8.6,0,0,90
21569,8,18.0,0,3,2,2,2,2,1,0.09523809523809523,0.8095238095238095,0.09523809523809523,9.0,0,0,97
21570,8,16.0,0,2,2,2,2,2,1,0.2,0.72,0.08,8.8,0,0,89
21571,8,20.0,0,3,2,2,2,2,1,0.39285714285714285,0.5357142857142857,0.07142857142857142,6.7,0,0,123
21573,8,17.0,0,2,2,2,3,2,1,0.15151515151515152,0.7575757575757576,0.09090909090909091,8.5,0,0,95
21574,8,20.0,0,2,2,2,3,2,2,0.44594594594594594,0.5540540540540541,0.0,5.7,0,0,201
21575,8,15.0,1,2,2,2,2,2,1,0.0,0.8461538461538461,0.15384615384615385,9.8,0,0,99
21577,8,18.0,1,2,3,3,2,2,1,0.10526315789473684,0.7894736842105263,0.10526315789473684,10.8,0,0,105
21578,8,16.0,0,2,2,3,2,2,2,0.12121212121212122,0.8787878787878788,0.0,6.4,0,0,111
21579,8,12.0,1,2,3,3,2,2,1,0.0,0.6666666666666666,0.3333333333333333,16.6,0,0,70
21581,8,20.0,0,2,2,2,2,2,2,0.05,0.75,0.2,9.6,0,0,111
21582,8,19.0,0,2,2,2,2,2,2,0.22857142857142856,0.7428571428571429,0.02857142857142857,7.0,0,0,135
21584,8,15.0,0,3,2,2,2,2,1,0.16216216216216217,0.7027027027027027,0.13513513513513514,8.5,0,0,185
21586,8,18.0,0,2,2,2,2,2,2,0.02857142857142857,0.9142857142857143,0.05714285714285714,7.7,0,0,152
21587,8,15.0,1,2,2,3,2,2,2,0.16666666666666666,0.7222222222222222,0.1111111111111111,8.0,0,0,111
21589,8,14.0,0,2,2,2,2,2,1,0.05263157894736842,0.5263157894736842,0.42105263157894735,21.3,0,0,148
21592,8,20.0,0,2,2,3,2,2,1,0.2727272727272727,0.7272727272727273,0.0,5.9,0,0,118
21594,8,17.0,0,2,2,3,2,2,1,0.225,0.775,0.0,4.2,0,0,151
21595,8,18.0,1,2,2,2,3,2,1,0.22727272727272727,0.7272727272727273,0.045454545454545456,6.8,0,0,72
21596,8,15.0,0,2,2,2,2,2,1,0.07142857142857142,0.7142857142857143,0.21428571428571427,10.1,0,0,59
21598,8,15.0,0,3,2,2,3,2,1,0.05555555555555555,0.8888888888888888,0.05555555555555555,8.6,0,0,71
21599,8,25.0,0,2,2,2,2,3,2,0.3787878787878788,0.6212121212121212,0.0,4.7,1,0,158
21601,8,20.0,0,2,2,2,2,2,1,0.3333333333333333,0.6296296296296297,0.037037037037037035,6.3,0,0,89
21603,8,17.0,1,2,3,3,2,3,1,0.14814814814814814,0.8148148148148148,0.037037037037037035,6.2,0,0,107
21604,8,16.0,0,2,2,3,2,2,1,0.4,0.5714285714285714,0.02857142857142857,6.0,0,0,113
21605,8,18.0,0,2,2,2,2,3,1,0.13333333333333333,0.8,0.06666666666666667,10.3,0,0,57
21606,8,20.0,1,2,2,2,2,2,1,0.2,0.8,0.0,6.7,0,0,91
21607,8,25.0,0,2,2,2,2,2,1,0.3103448275862069,0.6896551724137931,0.0,6.7,1,0,125
21608,8,20.0,0,3,3,3,2,2,1,0.07692307692307693,0.8076923076923077,0.11538461538461539,10.0,0,0,162
21609,8,20.0,0,2,2,2,2,2,1,0.16216216216216217,0.8378378378378378,0.0,8.7,0,0,186
21610,8,20.0,0,2,2,3,2,2,1,0.175,0.725,0.1,8.8,0,0,164
21611,8,22.0,0,2,2,2,2,2,1,0.2631578947368421,0.7368421052631579,0.0,7.4,1,0,147
21613,8,20.0,0,2,2,2,3,2,1,0.07894736842105263,0.8947368421052632,0.02631578947368421,8.7,0,0,173
21615,8,15.0,1,2,2,2,3,2,1,0.0,0.4666666666666667,0.5333333333333333,23.6,0,0,151
21617,8,18.0,1,3,2,2,2,2,1,0.15217391304347827,0.8260869565217391,0.021739130434782608,5.7,0,0,134
21618,8,20.0,0,2,2,2,2,2,2,0.025,0.95,0.025,6.7,0,0,127
21619,8,5.0,0,2,2,3,2,2,1,1.0,0.0,0.0,1.8,0,0,1
21620,8,18.0,1,2,2,3,3,2,1,0.06451612903225806,0.7741935483870968,0.16129032258064516,10.5,0,0,191
21621,8,24.0,0,3,2,2,2,2,1,0.15555555555555556,0.8,0.044444444444444446,8.6,1,0,149
21623,8,18.0,0,2,2,3,2,2,1,0.03125,0.8125,0.15625,9.1,0,0,151
21624,8,17.0,0,2,2,2,2,2,1,0.0,0.3333333333333333,0.6666666666666666,23.0,0,0,154
21626,8,17.0,0,2,2,2,2,2,1,0.07407407407407407,0.5185185185185185,0.4074074074074074,14.4,0,0,192
21628,8,15.0,0,2,2,2,2,2,2,0.45714285714285713,0.45714285714285713,0.08571428571428572,5.1,0,0,123
21629,8,20.0,0,2,2,2,2,2,2,0.2926829268292683,0.4878048780487805,0.21951219512195122,9.9,0,0,160
21630,8,20.0,0,2,2,2,2,2,1,0.21052631578947367,0.7631578947368421,0.02631578947368421,6.8,0,0,138
21633,8,20.0,0,2,2,2,3,2,1,0.20689655172413793,0.7931034482758621,0.0,7.4,0,0,120
