essay_id,set,score,org_score,pos_adjadv,pos_noun,pos_pronoun,pos_verb,pos_other,pos_nums,complex_short,complex_medium,complex_long,vocab_level,pred_score,prompt_relevence,total_length
4918,3,1,0,2,2,3,2,2,2,2,1,1,14.6,0,34,53
4919,3,1,0,2,3,3,2,2,2,4,2,2,16.7,0,40,58
4920,3,1,0,2,2,3,2,2,2,1,2,1,9.3,0,22,33
4921,3,2,0,2,2,3,2,2,2,4,1,1,11.3,1,22,32
4922,3,0,0,2,2,3,2,2,2,4,1,1,8.5,0,19,27
4923,3,1,0,2,2,3,2,2,2,4,1,1,9.8,0,15,18
4924,3,2,0,2,2,3,2,3,2,2,1,1,5.7,1,48,69
4925,3,1,0,2,2,3,2,2,2,2,2,1,7.9,0,41,58
4926,3,1,0,2,3,3,2,2,1,2,1,1,7.5,0,29,41
4927,3,1,0,2,2,2,2,2,2,4,1,1,10.2,0,23,34
4928,3,2,0,2,2,3,2,2,2,4,2,2,10.8,1,36,55
4929,3,1,0,2,2,3,2,2,1,2,2,1,16.8,0,42,55
4930,3,1,0,2,2,3,2,2,1,4,1,1,12.5,0,39,67
4931,3,1,0,2,2,3,2,2,2,4,1,1,14.6,0,47,53
4932,3,1,0,2,2,3,2,2,2,2,1,1,7.2,0,27,44
4933,3,1,0,2,2,3,2,2,2,2,2,1,5.1,0,37,52
4934,3,1,0,2,2,3,2,2,2,2,1,1,11.6,0,41,54
4935,3,1,0,2,2,3,2,2,2,2,1,1,9.7,0,67,88
4936,3,2,0,2,2,3,2,2,2,4,1,1,14.1,1,36,50
4937,3,1,0,2,2,3,2,2,2,1,2,1,8.8,0,43,66
4938,3,1,0,2,2,3,2,2,2,4,1,1,13.0,0,40,54
4939,3,1,0,2,2,3,2,2,2,1,2,1,8.5,0,33,43
4940,3,1,0,2,2,3,2,2,1,1,2,1,6.8,0,37,61
4941,3,0,0,2,2,3,2,2,2,1,2,1,5.8,0,37,51
4942,3,0,0,2,2,3,2,2,2,4,1,1,11.8,0,46,61
4943,3,1,0,2,2,3,2,2,2,4,1,1,13.2,0,46,54
4944,3,2,0,2,2,3,2,2,2,4,1,1,12.3,1,31,53
4945,3,1,0,2,2,3,2,2,2,4,1,1,11.9,0,27,37
4946,3,2,0,2,2,3,2,2,2,4,1,1,11.7,1,32,51
4947,3,1,0,2,2,3,2,2,2,4,1,1,12.5,0,28,38
4948,3,2,0,2,2,3,2,2,2,4,1,1,13.9,1,31,43
4949,3,1,0,2,2,3,2,2,2,1,3,1,6.9,0,29,39
4950,3,1,0,2,2,3,2,2,2,4,1,1,8.3,0,48,58
4951,3,0,1,2,2,3,2,2,1,2,1,1,10.3,0,38,59
4952,3,0,0,3,2,3,2,2,2,2,1,1,10.4,0,42,58
4953,3,0,0,2,2,3,2,2,2,1,2,1,12.0,0,24,25
4954,3,1,0,2,2,3,2,2,2,4,1,1,10.8,0,13,14
4955,3,1,0,2,2,3,2,2,2,1,2,1,11.7,0,27,41
4956,3,2,0,2,2,3,2,3,2,2,1,1,8.4,1,33,41
4957,3,1,0,2,3,3,3,2,2,4,2,2,8.5,0,49,68
4958,3,1,0,2,2,3,3,2,2,4,1,1,16.5,0,27,34
4959,3,1,0,2,2,3,2,2,2,4,1,1,12.8,0,18,24
4960,3,1,0,2,2,3,2,2,1,2,1,1,8.0,0,43,54
4961,3,2,0,2,2,3,2,2,2,4,1,1,10.4,1,61,72
4962,3,1,0,2,2,3,2,3,2,4,1,1,13.0,0,27,38
4963,3,0,0,2,2,3,3,2,2,4,1,1,10.2,0,36,45
4964,3,1,0,2,2,3,2,3,1,4,1,1,13.2,0,32,54
4965,3,0,0,2,2,3,2,3,2,4,2,2,15.3,0,43,62
4966,3,1,0,2,2,3,2,2,2,1,2,1,10.0,0,29,37
4967,3,1,0,2,2,3,2,2,2,4,1,1,15.9,0,43,50
4968,3,0,0,2,2,3,2,2,2,4,1,1,14.4,0,21,26
4969,3,1,0,2,2,3,2,2,1,4,2,2,26.7,0,34,54
4970,3,0,0,2,2,3,2,2,2,1,2,1,7.0,0,36,48
4971,3,1,0,2,2,3,2,2,2,4,1,1,14.0,0,17,18
4972,3,1,0,2,2,3,2,2,2,4,1,1,12.1,0,32,41
4973,3,1,0,2,2,3,2,2,2,4,1,1,12.0,0,11,17
4974,3,2,0,2,2,3,2,3,1,4,1,1,8.0,1,36,56
4975,3,1,0,2,2,3,2,2,2,2,1,1,8.8,0,39,56
4976,3,1,0,2,2,3,2,2,2,4,2,2,25.4,0,25,45
4977,3,1,0,2,2,3,2,2,2,4,1,1,10.3,0,31,48
4978,3,1,0,2,2,3,2,2,2,1,2,1,8.9,0,23,31
4979,3,2,0,2,2,3,2,2,2,4,1,1,8.8,1,30,44
4980,3,2,0,3,2,3,2,2,2,4,1,1,9.0,1,34,52
4981,3,1,0,2,2,3,2,2,2,4,1,1,9.9,0,42,64
4982,3,1,0,3,2,3,2,2,2,2,2,1,7.5,0,40,52
4983,3,1,0,2,2,3,2,2,2,4,1,1,11.5,0,44,57
4984,3,1,0,2,3,3,2,2,2,4,1,1,11.4,0,50,71
4985,3,1,0,3,2,3,2,2,2,2,1,1,4.0,0,26,43
4986,3,1,0,2,2,3,2,2,2,4,1,1,9.0,0,34,52
4987,3,0,0,2,2,3,2,2,2,4,1,1,10.3,0,21,28
4988,3,1,0,2,2,3,2,2,2,4,1,1,13.7,0,34,47
4989,3,0,0,2,2,3,2,2,1,2,1,1,7.2,0,35,53
4990,3,1,0,2,2,3,2,2,2,4,1,1,16.3,0,36,60
4991,3,1,0,2,2,3,3,3,2,4,1,1,11.5,0,36,56
4992,3,1,0,2,2,3,2,2,2,2,1,1,5.9,0,22,34
4993,3,0,0,2,2,3,2,2,2,4,1,1,13.7,0,37,51
4994,3,0,0,2,2,3,2,2,2,2,1,1,10.8,0,34,40
4995,3,1,0,2,2,3,3,2,2,4,1,1,17.1,0,44,58
4996,3,2,0,2,2,3,2,2,2,4,1,1,9.9,1,18,26
4997,3,0,0,2,2,3,2,2,2,4,1,1,9.4,0,29,42
4998,3,2,0,2,2,3,2,2,2,2,1,1,9.2,1,38,55
4999,3,2,0,3,2,3,2,2,2,1,2,1,8.8,1,24,51
5000,3,2,0,2,2,3,2,2,2,4,2,2,22.7,1,34,43
5001,3,0,0,2,2,3,2,2,1,4,1,1,9.7,0,28,48
5002,3,2,0,2,2,3,2,2,1,4,1,1,9.9,1,46,59
5003,3,1,0,2,2,3,2,2,1,4,1,1,11.1,0,29,36
5004,3,0,0,2,2,3,2,2,2,2,1,1,11.4,0,43,55
5005,3,2,0,2,2,3,2,2,2,2,1,1,9.4,1,47,59
5006,3,0,0,2,2,3,2,2,2,2,1,1,8.6,0,54,65
5007,3,0,1,2,2,3,2,2,2,2,1,1,8.6,0,42,59
5008,3,0,0,3,2,3,2,2,2,4,1,1,10.4,0,52,66
5009,3,1,0,2,2,3,3,2,2,4,2,2,8.0,0,32,55
5010,3,1,0,2,2,3,2,2,2,2,1,1,11.4,0,41,47
5011,3,0,0,2,2,3,2,3,2,4,1,1,19.7,0,19,28
5012,3,1,0,2,2,3,2,2,2,4,1,1,15.0,0,24,32
5013,3,1,0,2,2,3,2,2,2,4,1,1,4.7,0,35,50
5014,3,0,0,2,2,3,2,2,2,4,1,1,13.7,0,33,49
5015,3,2,0,2,2,3,2,2,2,4,1,1,11.0,0,45,64
5016,3,2,0,2,2,3,2,3,2,1,4,1,6.9,1,42,56
5017,3,0,0,2,2,3,2,2,2,1,2,1,6.8,0,19,31
5018,3,0,0,2,2,3,2,2,2,4,1,1,11.1,0,34,47
5019,3,1,0,3,2,3,2,2,2,1,2,1,9.4,0,41,51
5020,3,1,0,2,2,3,2,2,1,2,1,1,7.0,0,29,42
5021,3,1,0,2,2,3,2,3,2,4,1,1,7.3,0,25,36
5022,3,0,0,2,2,3,2,2,2,2,1,1,11.7,0,38,46
5023,3,1,0,2,2,3,2,2,2,2,1,1,11.7,0,43,48
5024,3,1,0,2,2,3,2,2,2,2,1,1,9.7,0,44,59
5025,3,1,0,2,2,3,2,2,2,2,1,1,8.6,0,24,33
5026,3,1,0,2,2,3,3,2,2,2,1,1,9.6,0,30,39
5027,3,2,0,2,2,3,2,2,2,4,1,1,11.4,1,29,43
5028,3,0,0,2,2,3,2,2,2,4,1,1,8.4,0,31,47
5029,3,1,0,3,2,3,2,2,2,2,1,1,7.3,0,30,49
5030,3,0,0,2,2,3,2,2,2,4,1,1,10.9,0,33,52
5031,3,1,0,2,2,3,3,2,2,2,1,1,11.3,0,50,67
5032,3,2,0,2,2,3,2,2,2,1,2,1,7.9,1,54,76
5033,3,1,0,2,2,3,2,2,2,4,1,1,15.5,0,18,26
5034,3,1,0,2,2,3,2,2,2,4,1,1,10.7,0,14,21
5035,3,2,0,2,2,3,2,2,2,1,2,1,8.2,1,47,70
5036,3,1,1,2,2,3,2,2,2,4,1,1,10.3,0,14,17
5037,3,1,0,2,2,3,2,2,2,2,1,1,9.2,0,32,47
5038,3,0,0,2,2,3,2,2,2,4,1,1,7.6,0,7,11
5039,3,1,0,2,2,3,2,2,2,4,1,1,15.9,0,47,57
5040,3,1,0,2,2,3,2,2,2,2,2,1,8.1,0,70,86
5041,3,0,0,2,2,3,2,2,1,4,1,1,12.7,0,26,41
5042,3,0,0,2,2,3,2,2,2,4,2,2,10.3,0,28,36
5043,3,0,0,2,2,3,2,2,2,1,2,1,7.8,0,3,3
5044,3,2,0,2,2,3,2,2,2,4,1,1,12.2,1,36,58
5045,3,2,0,2,2,3,2,2,2,4,1,1,12.1,1,33,50
5046,3,1,0,2,2,3,2,3,2,4,1,1,13.8,0,35,41
5047,3,1,0,2,2,3,2,2,2,4,2,2,19.1,0,60,70
5048,3,1,1,2,2,3,2,2,1,1,3,1,6.0,0,42,53
5049,3,2,0,2,2,3,2,2,2,4,1,1,14.7,1,37,50
5050,3,0,0,2,2,3,2,2,2,2,2,1,13.1,0,50,74
5051,3,1,0,2,2,3,2,2,2,4,1,1,14.0,0,53,73
5052,3,2,0,2,2,3,3,2,2,4,1,1,10.0,1,31,49
5053,3,1,0,2,2,3,3,2,2,4,1,1,9.0,0,25,38
5054,3,1,0,2,2,3,2,2,2,1,2,1,6.1,0,27,34
5055,3,2,0,2,2,3,2,2,2,4,2,2,26.9,1,37,51
5056,3,1,0,2,2,3,2,2,2,4,1,1,8.5,0,52,64
5057,3,2,0,2,2,3,2,2,2,4,1,1,8.5,1,38,51
5058,3,1,0,2,2,3,2,2,2,4,1,1,16.3,0,67,86
5059,3,1,0,2,2,3,2,2,2,4,2,2,17.6,0,27,38
5060,3,1,0,2,2,3,2,2,2,4,1,1,16.9,0,21,23
5061,3,1,0,2,2,3,2,2,2,2,1,1,9.6,0,39,45
5062,3,0,0,3,3,3,2,2,2,4,1,1,10.6,0,26,36
5063,3,1,0,2,2,3,2,2,2,4,1,1,13.9,0,31,46
5064,3,1,0,2,2,3,2,2,2,2,2,1,9.4,0,61,80
5065,3,1,0,2,3,3,2,2,2,2,2,1,12.1,0,55,68
5066,3,1,0,3,2,3,2,2,2,4,1,1,9.1,0,29,37
5067,3,0,0,2,2,3,2,2,2,1,2,1,8.9,0,31,38
5068,3,1,0,2,2,3,2,2,2,4,1,1,9.6,0,40,49
5069,3,1,0,2,2,3,2,2,2,2,1,1,12.1,0,42,63
5070,3,2,0,2,2,3,2,2,2,4,1,1,10.0,1,46,58
5071,3,1,0,2,2,3,2,2,2,1,2,1,5.9,0,19,22
5072,3,2,0,2,2,3,2,2,2,1,2,2,14.8,1,40,52
5073,3,0,0,2,2,3,2,2,2,4,2,2,18.1,0,29,39
5074,3,1,0,2,2,3,2,2,2,4,2,2,19.9,0,32,39
5075,3,1,0,2,2,3,2,2,2,4,2,2,20.8,0,26,38
5076,3,1,0,2,2,3,2,2,2,4,2,2,18.6,0,55,65
5077,3,2,0,2,2,3,2,2,2,1,2,1,7.2,1,19,33
5078,3,2,0,2,2,3,2,2,2,4,1,1,9.3,1,40,52
5079,3,0,0,2,2,3,2,2,2,2,1,1,9.0,0,31,49
5080,3,2,0,2,2,3,2,2,1,2,1,1,10.6,1,36,58
5081,3,2,0,2,3,3,2,2,2,4,1,1,10.6,1,37,44
5082,3,2,0,2,2,3,3,2,2,4,1,1,9.0,1,48,62
5083,3,1,0,2,3,3,2,3,2,2,1,1,12.4,0,42,62
5084,3,1,0,2,2,3,2,2,2,2,1,1,6.3,0,31,42
5085,3,0,0,2,2,3,2,2,2,2,1,1,8.1,0,26,37
5086,3,1,0,3,2,3,2,2,2,4,1,1,10.6,0,29,42
5087,3,1,0,2,2,3,2,3,2,2,1,1,11.1,0,50,63
5088,3,2,0,2,2,3,2,2,2,4,2,2,9.3,1,26,38
5089,3,1,0,3,2,3,2,2,1,4,1,1,9.9,0,23,36
5090,3,1,0,2,2,3,2,2,2,4,1,1,15.2,0,29,37
5091,3,0,0,2,2,3,2,2,2,4,1,1,11.2,0,47,60
5092,3,1,0,2,2,3,2,2,2,4,1,1,14.5,0,17,20
5093,3,2,0,2,2,3,3,2,2,4,1,1,11.6,1,37,50
5094,3,1,0,3,2,3,2,2,2,4,1,1,12.4,0,33,44
5095,3,1,0,2,2,3,2,3,2,2,1,1,9.9,0,56,72
5096,3,1,0,2,3,3,2,2,2,4,1,1,8.8,0,23,33
5097,3,2,0,2,3,3,3,2,2,2,1,1,13.4,1,28,44
5098,3,1,0,2,2,3,2,2,2,4,1,1,11.5,0,31,43
5099,3,1,0,2,2,3,2,2,2,2,1,1,8.2,0,36,49
5100,3,0,0,2,2,3,2,2,2,4,1,1,9.5,0,27,43
5101,3,1,0,2,2,3,2,2,2,4,1,1,15.8,0,32,60
5102,3,1,0,2,2,3,2,2,2,2,2,1,10.0,0,44,54
5103,3,2,0,2,2,3,2,2,2,4,1,1,12.4,1,27,40
5104,3,1,0,3,2,3,2,3,2,1,2,1,9.2,0,39,57
5105,3,1,0,2,2,3,2,2,2,2,1,1,10.7,0,39,48
5106,3,0,0,2,2,3,3,3,2,4,2,2,25.7,0,38,51
5107,3,1,0,2,2,3,3,2,2,4,2,2,20.8,0,61,79
5108,3,0,0,2,2,3,2,2,1,1,2,1,8.5,0,26,34
5109,3,0,0,2,3,3,2,2,2,4,2,2,16.0,0,36,47
5110,3,0,0,2,2,3,2,2,2,1,2,1,7.1,0,62,78
5111,3,2,0,2,2,3,3,2,2,4,2,2,14.6,1,45,61
5112,3,1,0,2,2,3,2,2,2,2,1,1,11.9,0,43,59
5113,3,2,0,2,2,3,2,2,2,4,1,1,12.5,1,50,67
5114,3,1,0,2,2,3,2,2,2,2,1,1,10.9,0,63,89
5115,3,1,0,2,2,3,2,2,1,2,1,1,8.1,0,30,48
5116,3,1,0,2,2,3,2,2,2,2,1,1,7.9,0,42,51
5117,3,1,1,2,2,3,2,2,2,2,1,1,8.1,0,31,48
5118,3,0,0,2,2,3,2,2,2,4,1,1,14.4,0,20,26
5119,3,0,0,2,2,3,3,2,2,4,1,1,19.0,0,25,33
5120,3,1,0,2,2,3,2,2,2,4,1,1,9.8,0,49,65
5121,3,0,0,3,2,3,2,2,2,4,1,1,15.2,0,42,58
5122,3,1,0,2,3,3,2,2,2,4,1,1,8.2,0,36,47
5123,3,1,0,2,2,3,2,2,2,1,2,1,11.3,0,11,19
5124,3,1,0,2,3,3,2,2,2,4,1,1,12.2,0,66,76
5125,3,1,0,2,2,3,2,2,2,4,1,1,14.1,0,27,40
5126,3,1,0,2,2,3,2,2,1,4,1,1,12.8,0,32,53
5127,3,0,0,2,2,3,2,2,2,1,3,1,7.2,0,35,46
5128,3,1,0,2,2,3,3,2,2,4,1,1,11.4,0,31,42
5129,3,1,0,2,2,3,2,2,2,4,1,1,9.6,0,29,39
5130,3,1,0,2,2,3,3,2,2,1,2,1,5.9,0,31,45
5131,3,0,0,2,2,3,2,2,2,4,1,1,11.9,0,43,61
5132,3,0,0,2,2,3,2,2,2,2,1,1,7.6,0,32,43
5133,3,1,0,3,2,3,2,2,2,4,1,1,15.2,0,85,111
5134,3,0,0,2,2,3,2,2,2,2,1,1,10.7,0,38,50
5135,3,1,0,2,2,3,3,2,2,1,2,1,8.2,0,56,71
5136,3,1,0,2,2,3,2,2,2,4,1,1,9.1,0,21,27
5137,3,0,0,3,2,3,3,2,2,4,1,1,7.7,0,42,53
5138,3,0,0,2,2,3,2,2,2,4,1,1,12.4,0,21,38
5139,3,0,0,2,2,3,2,2,2,4,1,1,12.4,0,27,39
5140,3,2,0,2,2,3,2,2,2,4,1,1,9.0,1,33,52
5141,3,2,0,2,2,3,2,2,2,4,1,1,8.7,1,30,43
5142,3,2,0,2,2,3,2,2,2,4,1,1,9.5,1,28,41
5143,3,1,0,2,3,3,2,2,1,4,1,1,15.1,0,42,62
5144,3,1,0,2,2,3,2,2,2,1,2,1,7.9,0,10,16
5145,3,1,0,2,2,3,3,2,2,4,1,1,16.8,0,22,28
5146,3,1,0,3,2,3,2,2,2,2,1,1,10.3,0,32,50
5147,3,1,0,2,2,3,2,2,2,2,1,1,8.9,0,35,44
5148,3,0,0,2,2,3,2,2,2,2,2,1,10.8,0,41,58
5149,3,2,0,2,3,3,2,2,2,4,1,1,10.3,1,16,22
5150,3,1,0,2,2,3,2,2,2,4,1,1,12.7,0,27,40
5151,3,2,0,3,2,3,2,2,2,1,2,1,6.7,1,49,65
5152,3,1,0,2,2,3,2,2,2,4,1,1,14.4,0,49,73
5153,3,0,0,2,2,3,2,2,2,4,1,1,12.0,0,29,41
5154,3,1,0,2,2,3,3,2,2,4,1,1,11.0,0,30,39
5155,3,0,0,2,2,3,2,2,2,2,1,1,7.7,0,31,38
5156,3,2,0,3,2,3,3,2,2,2,1,1,6.7,1,29,42
5157,3,0,0,2,2,3,2,2,2,4,1,1,10.3,0,43,56
5158,3,2,0,2,2,3,2,2,2,4,1,1,15.1,0,45,58
5159,3,0,0,2,2,3,2,2,2,2,2,1,10.7,0,55,78
5160,3,1,0,2,3,3,2,2,2,4,2,2,12.4,0,44,61
5161,3,2,0,2,2,3,2,2,1,1,2,1,10.9,1,29,44
5162,3,0,0,2,2,3,2,3,2,4,1,1,11.8,0,29,38
5163,3,0,0,2,2,3,2,2,2,2,1,1,6.6,0,47,63
5164,3,1,0,2,2,3,2,2,2,4,1,1,11.2,0,26,41
5165,3,0,0,2,2,3,2,2,2,1,2,1,7.8,0,19,25
5166,3,0,0,2,2,3,2,2,1,4,1,1,9.7,0,41,56
5167,3,1,0,3,2,3,3,2,2,4,1,1,10.3,0,43,51
5168,3,1,0,2,2,3,2,2,1,2,1,1,13.0,0,57,81
5169,3,1,0,2,2,3,2,3,2,2,1,1,8.7,0,47,68
5170,3,1,0,2,2,3,2,2,2,4,1,1,10.4,0,46,58
5171,3,2,0,2,2,3,2,2,1,4,1,1,13.5,1,60,76
5172,3,2,0,2,2,3,2,2,2,1,2,1,7.8,1,50,64
5173,3,1,0,2,2,3,2,2,2,2,1,1,7.5,0,30,40
5174,3,2,0,2,2,3,3,2,2,4,1,1,9.3,1,27,34
5175,3,2,0,2,2,3,2,3,1,4,1,1,10.1,1,63,81
5176,3,1,0,2,2,3,2,2,2,4,1,1,12.8,0,38,41
5177,3,0,0,2,2,3,2,2,2,4,1,1,12.9,0,13,23
5178,3,1,0,2,2,3,2,2,2,4,1,1,12.8,0,26,41
5179,3,1,0,2,2,3,2,2,2,4,1,1,8.8,0,38,54
5180,3,0,0,2,2,3,2,2,2,4,1,1,10.8,0,47,69
5181,3,1,0,2,2,3,2,2,2,2,1,1,8.5,0,29,40
5182,3,1,0,3,2,3,2,2,2,4,2,2,29.2,0,44,54
5183,3,1,0,2,2,3,2,2,2,4,1,1,7.8,0,33,47
5184,3,1,0,2,2,3,2,2,2,4,1,1,10.3,0,10,18
5185,3,1,0,2,2,3,2,2,2,1,2,2,16.0,0,42,55
5186,3,1,0,2,2,3,2,2,2,2,1,1,9.7,0,39,55
5187,3,2,0,2,2,3,3,2,2,2,1,1,11.4,1,56,77
5188,3,1,0,2,2,3,2,2,2,4,1,1,11.0,0,21,34
5189,3,1,0,2,2,3,3,2,2,4,1,1,12.4,0,27,38
5190,3,0,0,2,2,2,2,2,2,4,2,2,19.5,0,47,71
5191,3,1,0,2,2,3,2,2,2,1,2,1,7.4,0,42,61
5192,3,1,0,2,2,3,2,3,2,4,2,2,12.5,0,43,54
5193,3,1,0,2,2,3,2,2,2,4,1,1,10.0,0,24,37
5194,3,1,0,3,2,3,2,2,2,4,1,1,8.2,0,30,43
5195,3,1,0,3,2,3,2,2,2,1,4,1,6.9,0,41,57
5196,3,1,0,2,2,3,2,2,2,4,1,1,12.4,0,54,70
5197,3,0,0,2,3,3,3,2,2,2,1,1,11.1,0,47,63
5198,3,1,0,2,2,3,2,2,2,2,1,1,12.8,0,52,68
5199,3,1,0,2,2,3,2,2,1,2,1,1,9.2,0,38,53
5200,3,2,0,2,2,3,2,2,2,4,1,1,13.5,1,68,86
5201,3,1,0,2,2,3,2,2,1,2,2,1,8.0,0,35,61
5202,3,1,0,2,2,3,2,2,2,1,2,1,5.1,0,21,30
5203,3,1,0,2,2,3,2,2,2,2,1,1,8.5,0,33,48
5204,3,1,0,2,2,3,3,2,2,4,1,1,10.5,0,52,78
5205,3,1,0,2,2,3,2,2,2,2,1,1,9.0,0,28,46
5206,3,1,0,2,2,3,2,2,2,4,1,1,10.8,0,42,69
5207,3,2,0,2,2,3,2,3,2,2,1,1,7.1,1,48,66
5208,3,1,0,2,3,3,2,2,2,4,1,1,12.3,0,19,33
5209,3,0,0,2,2,3,2,2,2,4,1,1,9.9,0,35,46
5210,3,1,0,2,2,3,2,2,2,4,1,1,10.6,0,36,47
5211,3,1,0,2,3,3,2,2,2,4,1,1,12.5,0,32,55
5212,3,1,0,2,2,3,2,2,2,2,2,1,11.2,0,60,75
5213,3,1,0,2,3,3,2,2,2,2,1,1,9.3,0,41,51
5214,3,1,0,2,2,3,3,2,2,2,1,1,11.5,0,33,50
5215,3,1,0,2,2,3,2,2,2,4,1,1,9.0,0,31,46
5216,3,1,0,2,2,3,3,2,2,4,1,1,9.1,0,35,44
5217,3,2,0,2,2,3,2,2,2,4,1,1,13.3,1,38,56
5218,3,1,0,2,2,3,3,2,2,1,2,1,10.0,0,20,28
5219,3,1,0,2,2,3,2,2,2,4,1,1,9.6,0,26,30
5220,3,1,0,2,2,3,2,2,2,4,1,1,16.0,0,48,55
5221,3,1,0,2,3,3,2,2,2,2,1,1,10.4,0,36,44
5222,3,2,0,2,2,3,2,2,2,4,2,2,14.0,1,41,53
5223,3,2,0,2,2,3,2,2,2,1,2,1,11.5,1,58,65
5224,3,2,0,2,2,3,2,2,2,2,1,1,10.9,1,55,76
5225,3,2,0,2,2,3,2,2,2,4,1,1,9.9,1,23,36
5226,3,1,0,2,2,3,2,2,2,1,2,1,10.6,0,40,63
5227,3,1,0,2,2,3,3,3,1,1,2,1,7.9,0,42,61
5228,3,1,0,2,2,3,3,2,2,4,1,1,12.3,0,23,39
5229,3,1,0,2,2,3,2,2,2,1,2,1,8.6,0,32,42
5230,3,1,0,2,2,3,2,2,2,4,1,1,12.7,0,45,66
5231,3,0,0,2,2,3,2,2,2,4,1,1,6.9,0,17,25
5232,3,1,0,2,2,3,3,2,2,4,1,1,12.2,0,44,59
5233,3,1,0,2,2,3,2,2,1,4,1,1,12.3,0,34,49
5234,3,1,0,2,2,3,2,2,2,1,2,1,7.8,0,27,37
5235,3,1,0,2,2,3,3,2,2,4,1,1,11.6,0,43,57
5236,3,0,0,2,2,3,2,2,2,4,1,1,16.2,0,24,30
5237,3,1,0,2,2,3,2,2,2,4,1,1,11.8,0,59,77
5238,3,1,0,2,2,3,2,2,2,1,2,1,7.4,0,35,47
5239,3,1,0,2,2,3,2,2,1,4,1,1,9.0,0,47,69
5240,3,0,0,2,2,3,2,2,2,4,1,1,7.5,0,27,46
5241,3,1,0,3,2,3,2,2,2,4,1,1,13.0,0,48,67
5242,3,2,0,2,2,3,2,3,2,2,1,1,12.0,1,57,72
5243,3,1,0,2,2,2,2,2,2,4,1,1,10.2,0,23,34
5244,3,1,0,2,2,3,2,2,2,4,1,1,16.5,0,39,56
5245,3,0,0,2,2,3,3,2,2,2,1,1,8.4,0,51,68
5246,3,2,0,2,2,3,2,2,2,4,1,1,10.9,1,29,51
5247,3,1,0,2,3,3,2,2,2,4,1,1,15.3,0,15,25
5248,3,2,0,2,2,3,2,2,2,4,1,1,13.3,1,38,56
5249,3,1,0,2,2,3,2,2,2,4,1,1,7.9,0,29,42
5250,3,1,1,2,2,3,3,2,2,2,1,1,9.4,0,29,45
5251,3,0,0,2,2,3,2,2,2,4,2,2,12.5,0,37,54
5252,3,2,0,2,2,3,2,2,2,1,2,1,7.6,1,38,57
5253,3,1,0,3,2,3,2,2,1,2,1,1,8.8,0,40,56
5254,3,1,0,2,2,3,2,2,2,4,1,1,15.7,0,24,26
5255,3,1,0,2,2,3,2,2,2,4,1,1,11.8,0,35,45
5256,3,1,0,2,2,3,2,2,2,4,1,1,9.0,0,28,41
5257,3,1,0,2,2,3,3,2,1,4,1,1,11.3,0,50,71
5258,3,0,0,3,2,3,2,2,1,4,2,2,15.3,0,41,52
5259,3,0,0,2,2,3,2,2,2,4,1,1,12.9,0,14,24
5260,3,1,0,2,2,3,2,2,2,4,1,1,14.0,0,68,85
5261,3,2,0,2,2,3,2,2,2,2,1,1,10.0,1,52,64
5262,3,1,0,2,2,3,2,2,2,4,1,1,11.9,0,28,37
5263,3,1,0,2,2,3,2,3,2,1,2,1,13.0,0,33,41
5264,3,1,0,2,2,3,2,2,2,1,2,1,8.7,0,45,67
5265,3,2,0,2,2,3,3,2,2,4,1,1,12.8,1,43,57
5266,3,2,0,2,3,3,2,2,2,4,1,1,11.2,1,69,87
5267,3,1,0,2,2,3,2,2,1,4,1,1,9.7,0,29,41
5268,3,1,0,2,2,3,2,2,2,1,2,1,6.3,0,45,51
5269,3,1,0,2,2,3,2,3,2,4,2,2,23.8,0,27,46
5270,3,1,0,2,2,3,2,2,2,1,2,1,6.3,0,39,51
5271,3,1,0,2,2,3,2,2,2,4,1,1,18.4,0,15,30
5272,3,1,0,2,3,3,2,2,2,4,1,1,17.5,0,36,54
5273,3,1,0,2,2,3,2,2,2,2,1,1,8.7,0,38,57
5274,3,1,0,2,2,3,2,2,2,4,2,2,13.7,0,30,42
5275,3,1,0,2,2,3,2,3,2,2,1,1,10.5,0,47,61
5276,3,2,0,2,2,3,2,2,2,1,2,1,8.3,1,19,30
5277,3,1,0,2,2,3,2,2,2,2,1,1,11.5,0,41,56
5278,3,0,0,2,2,3,2,2,2,4,1,1,11.3,0,36,48
5279,3,1,0,2,2,3,2,2,2,2,1,1,6.2,0,23,35
5280,3,1,0,2,2,3,3,2,2,1,2,1,5.8,0,31,44
5281,3,0,0,2,2,3,2,2,2,1,2,1,5.2,0,18,26
5282,3,1,0,3,2,3,2,2,1,4,2,2,14.6,0,41,58
5283,3,1,0,2,2,3,2,2,2,1,2,1,8.1,0,39,52
5284,3,1,0,2,2,3,3,2,2,1,2,1,6.2,0,32,46
5285,3,0,0,2,2,3,3,2,2,1,2,1,8.6,0,34,56
5286,3,2,0,2,2,3,2,2,2,4,1,1,13.2,1,51,80
5287,3,0,0,2,3,3,2,2,2,4,1,1,9.1,0,17,22
5288,3,2,0,2,2,3,3,2,2,1,2,1,8.2,1,21,28
5289,3,2,0,2,2,3,2,2,2,2,1,1,10.0,1,47,59
5290,3,2,0,2,2,3,3,2,2,2,1,1,8.5,1,35,49
5291,3,0,0,2,2,3,2,2,2,2,1,1,9.2,0,36,53
5292,3,1,0,2,2,3,2,3,2,4,1,1,12.2,0,50,62
5293,3,1,0,2,2,3,3,2,2,2,2,1,7.8,0,43,63
5294,3,1,0,2,2,3,2,2,2,4,1,1,17.6,0,41,54
5295,3,2,0,2,2,3,2,2,1,2,1,1,11.6,1,67,77
5296,3,2,0,2,2,3,2,2,2,4,1,1,15.2,1,37,44
5297,3,2,0,2,2,3,2,2,2,2,1,1,7.0,1,41,62
5298,3,1,0,2,2,3,2,2,2,1,2,1,7.6,0,31,37
5299,3,0,0,2,2,3,2,2,2,1,2,1,11.3,0,26,36
5300,3,2,0,2,2,3,2,2,2,2,1,1,11.0,1,31,46
5301,3,1,0,2,2,3,2,2,2,1,2,1,8.0,0,31,47
5302,3,2,0,2,2,3,2,2,2,4,1,1,11.3,1,43,63
5303,3,1,0,2,2,3,3,2,2,4,1,1,15.2,0,36,44
5304,3,1,0,2,2,3,2,3,2,4,1,1,14.1,0,36,44
5305,3,2,0,2,2,3,2,2,2,2,1,1,8.7,1,36,48
5306,3,1,0,3,2,3,2,2,2,4,1,1,9.5,0,30,43
5307,3,0,0,2,2,3,2,2,2,4,1,1,11.0,0,42,58
5308,3,0,0,2,2,3,2,2,2,4,1,1,11.4,0,41,55
5309,3,1,0,2,3,3,3,2,2,2,1,1,10.6,0,30,44
5310,3,2,0,2,3,3,2,2,2,2,1,1,7.7,1,59,76
5311,3,2,0,2,2,3,2,3,2,4,1,1,10.4,1,66,98
5312,3,2,0,2,2,3,2,2,2,2,1,1,11.9,1,32,45
5313,3,1,0,2,2,3,2,2,2,4,1,1,11.2,0,29,42
5314,3,1,0,2,2,3,2,2,2,2,1,1,11.6,0,41,54
5315,3,1,0,2,2,3,2,2,2,4,2,2,23.1,0,30,49
5316,3,1,0,2,2,3,3,2,2,4,2,2,11.7,0,40,52
5317,3,1,0,3,2,3,2,2,2,4,1,1,14.9,0,29,43
5318,3,1,0,2,2,3,2,2,2,4,2,2,17.3,0,47,68
5319,3,1,0,2,2,3,2,2,2,2,1,1,10.6,0,44,51
5320,3,0,0,2,2,3,2,2,2,4,1,1,8.0,0,37,53
5321,3,1,0,2,2,3,2,2,2,4,2,2,12.3,0,49,69
5322,3,1,0,2,2,3,3,2,2,1,2,1,10.5,0,30,41
5323,3,1,0,2,2,3,2,2,2,2,1,1,10.0,0,33,50
5324,3,0,0,2,2,3,2,2,2,4,1,1,8.6,0,51,60
5325,3,2,0,2,2,3,2,2,2,4,1,1,11.4,1,44,51
5326,3,0,0,2,2,3,2,2,2,1,2,1,10.1,0,41,56
5327,3,1,0,2,2,3,2,2,2,1,4,1,6.3,0,41,45
5328,3,2,0,3,2,3,2,2,2,4,1,1,7.4,1,34,52
5329,3,2,0,2,2,3,2,2,2,4,1,1,12.4,1,49,65
5330,3,1,0,2,2,3,2,2,2,4,1,1,10.4,0,42,60
5331,3,1,0,2,2,3,2,2,1,4,2,2,18.5,0,54,67
5332,3,0,0,2,2,3,3,2,2,4,1,1,10.8,0,23,34
5333,3,2,0,2,2,3,3,2,2,4,2,2,18.6,1,21,39
5334,3,1,0,2,2,3,2,2,1,4,1,1,10.1,0,38,53
5335,3,0,0,2,2,3,2,2,2,1,2,1,10.2,0,48,69
5336,3,2,0,2,2,3,2,2,1,4,1,1,10.6,1,27,39
5337,3,1,0,3,2,3,2,2,2,4,1,1,10.1,0,37,59
5338,3,0,0,2,2,3,3,2,2,4,1,1,14.4,0,36,47
5339,3,1,0,2,2,3,2,2,2,2,2,1,10.3,0,56,76
5340,3,1,0,2,2,3,2,2,2,4,1,1,15.7,0,57,81
5341,3,0,0,2,2,3,2,2,2,1,2,1,7.6,0,51,73
5342,3,1,0,3,2,3,2,2,2,4,1,1,14.5,0,29,44
5343,3,1,0,2,2,3,2,2,2,4,1,1,10.1,0,65,82
5344,3,1,0,2,2,3,2,2,2,4,1,1,11.9,0,25,36
5345,3,2,0,2,2,3,2,2,2,4,1,1,13.2,1,35,49
5346,3,1,0,2,2,3,2,3,2,1,2,1,7.5,0,42,56
5347,3,1,0,3,2,3,2,2,2,4,1,1,11.6,0,48,63
5348,3,1,0,2,2,3,2,2,2,2,1,1,8.4,0,46,58
5349,3,1,0,2,2,3,3,2,1,2,2,1,10.4,0,50,62
5350,3,2,0,2,2,3,2,2,2,1,2,1,5.6,1,18,24
5351,3,2,0,2,2,3,2,2,1,2,1,1,9.3,1,38,55
5352,3,0,0,2,2,3,2,2,2,2,1,1,11.3,0,42,60
5353,3,1,0,2,3,3,2,3,2,4,2,2,10.8,0,44,57
5354,3,2,0,2,2,3,2,2,2,1,2,1,8.5,1,25,34
5355,3,1,0,2,2,3,2,2,2,1,2,1,8.5,0,38,60
5356,3,2,0,3,2,3,2,2,2,4,2,2,19.1,1,56,74
5357,3,0,0,2,2,3,2,2,2,1,2,1,8.9,0,21,26
5358,3,2,0,2,2,3,2,2,2,2,1,1,8.2,1,30,50
5359,3,2,1,2,2,3,2,2,2,4,1,1,10.7,1,37,56
5360,3,1,0,2,2,3,2,2,2,2,1,1,9.6,0,38,64
5361,3,0,0,2,2,3,2,2,2,1,2,1,7.1,0,14,19
5362,3,1,0,3,2,3,2,2,2,4,1,1,10.4,0,27,44
5363,3,1,0,2,2,3,2,2,2,1,2,1,5.5,0,32,40
5364,3,1,0,2,2,2,2,2,2,2,1,1,10.8,0,35,44
5365,3,1,0,2,2,3,2,2,2,4,1,1,9.0,0,32,43
5366,3,1,1,2,2,3,2,2,1,4,1,1,6.3,0,53,69
5367,3,0,0,2,2,3,2,3,2,4,1,1,12.8,0,51,61
5368,3,0,0,2,2,3,2,2,2,4,1,1,12.6,0,25,37
5369,3,1,0,2,2,3,2,2,2,4,1,1,12.5,0,28,40
5370,3,1,0,2,2,3,2,2,2,4,1,1,11.3,0,22,44
5371,3,1,0,2,3,3,2,2,2,2,2,1,12.1,0,55,68
5372,3,1,0,2,2,3,3,2,2,4,1,1,12.2,0,34,46
5373,3,0,0,2,2,3,3,2,2,4,1,1,8.6,0,19,28
5374,3,0,0,2,2,3,2,2,2,2,1,1,11.4,0,55,66
5375,3,2,0,2,2,3,2,2,2,1,2,1,4.1,1,59,82
5376,3,1,0,3,2,3,2,2,2,2,1,1,9.6,0,42,51
5377,3,1,0,2,2,3,3,2,2,4,1,1,6.6,0,16,28
5378,3,1,0,2,2,3,2,2,2,4,2,2,10.1,0,38,52
5379,3,1,0,2,2,3,2,2,2,4,1,1,10.5,0,23,33
5380,3,0,0,2,2,3,2,2,2,4,1,1,12.4,0,39,55
5381,3,1,0,2,3,3,2,2,2,4,2,2,8.8,0,45,61
5382,3,2,0,3,3,3,2,2,1,1,2,1,6.6,1,34,44
5383,3,1,0,2,2,3,2,2,2,2,1,1,8.0,0,39,50
5384,3,1,1,2,2,3,2,2,1,4,1,1,9.5,0,39,53
5385,3,2,0,2,2,3,2,2,2,2,1,1,10.7,1,38,58
5386,3,1,0,2,2,3,2,2,2,2,1,1,9.9,0,37,46
5387,3,1,0,2,2,3,3,2,2,1,2,1,6.6,0,40,53
5388,3,0,0,2,2,3,2,2,2,2,2,1,7.0,0,39,56
5389,3,2,0,2,2,3,2,2,2,1,2,1,7.5,1,36,50
5390,3,1,0,2,2,3,2,2,2,2,1,1,9.5,0,36,47
5391,3,1,0,2,2,3,3,2,1,4,1,1,15.4,0,43,60
5392,3,2,0,2,2,3,2,3,2,2,1,1,13.1,1,33,46
5393,3,1,0,2,2,3,2,2,2,4,1,1,10.1,0,33,49
5394,3,2,0,2,2,3,2,2,2,1,2,1,7.7,1,32,43
5395,3,2,0,2,2,3,3,3,1,4,1,1,13.6,1,42,51
5396,3,0,0,2,2,3,2,2,1,4,2,2,11.6,0,45,62
5397,3,0,0,2,2,3,2,2,2,4,1,1,16.1,0,40,56
5398,3,1,0,2,2,3,2,2,2,4,1,1,10.6,0,21,26
5399,3,2,0,2,2,3,2,2,2,2,1,1,10.0,1,52,64
5400,3,0,0,2,2,3,2,3,1,2,1,1,10.8,0,45,53
5401,3,2,0,2,2,3,2,2,2,2,1,1,7.3,1,23,35
5402,3,2,0,2,2,3,2,2,2,4,1,1,11.7,1,37,50
5403,3,0,0,2,2,3,2,2,2,2,1,1,9.7,0,34,50
5404,3,1,0,2,2,3,2,2,2,4,1,1,7.6,0,30,39
5405,3,1,0,2,2,3,2,2,2,2,1,1,9.7,0,33,54
5406,3,2,0,2,2,3,2,2,1,2,1,1,13.1,1,39,71
5407,3,0,0,2,2,3,2,2,2,4,1,1,13.9,0,32,41
5408,3,2,0,2,2,3,2,2,2,4,1,1,9.0,0,23,35
5409,3,2,0,2,2,3,2,2,2,4,2,2,14.8,1,40,54
5410,3,0,0,3,2,3,3,2,2,4,1,1,7.8,0,54,74
5411,3,1,0,2,2,3,2,2,2,2,1,1,11.6,0,30,34
5412,3,0,0,2,2,3,2,2,1,4,1,1,9.3,0,29,38
5413,3,0,0,2,3,3,2,2,2,1,2,1,8.0,0,17,25
5414,3,1,0,2,2,3,3,2,2,2,2,1,9.0,0,49,61
5415,3,1,0,2,2,3,2,2,2,4,2,2,11.9,0,47,63
5416,3,1,0,3,2,3,2,2,2,4,1,1,10.9,0,32,44
5417,3,1,0,2,2,3,2,2,2,2,1,1,7.6,0,25,37
5418,3,0,0,2,2,3,2,2,2,4,2,2,23.6,0,34,44
5419,3,1,0,2,3,3,2,2,2,4,1,1,14.5,0,59,72
5420,3,1,0,2,2,3,2,2,2,4,1,1,9.9,0,20,26
5421,3,0,0,2,2,3,2,3,2,4,1,1,17.1,0,20,31
5422,3,0,0,2,3,3,2,2,2,4,2,2,17.2,0,41,60
5423,3,1,0,2,2,3,2,2,2,4,1,1,8.3,0,67,96
5424,3,1,0,2,2,3,2,2,2,2,1,1,8.2,0,39,51
5425,3,2,0,2,2,3,2,2,2,4,1,1,11.6,1,44,57
5426,3,1,0,2,2,3,2,2,2,2,1,1,10.6,0,38,58
5427,3,2,0,2,2,3,2,2,1,1,2,1,4.7,1,38,62
5428,3,1,0,2,2,3,2,2,2,2,1,1,11.9,0,43,59
5429,3,0,0,2,2,3,3,2,2,2,1,1,12.4,0,45,60
5430,3,2,0,2,2,3,2,2,2,4,1,1,9.2,1,44,66
5431,3,1,0,2,2,3,3,2,1,4,1,1,15.6,0,70,95
5432,3,2,0,2,2,3,2,2,2,4,1,1,12.6,1,40,59
5433,3,0,0,2,2,3,2,2,2,4,2,2,25.9,0,46,51
5434,3,0,0,2,2,3,2,2,2,2,1,1,9.2,0,40,47
5435,3,1,0,2,2,3,2,3,2,4,1,1,9.5,0,29,38
5436,3,2,0,2,2,3,2,2,2,4,1,1,8.2,1,42,63
5437,3,0,0,2,2,3,2,2,2,1,2,1,12.0,0,31,35
5438,3,1,0,2,2,3,2,2,2,4,1,1,13.0,0,28,43
5439,3,1,0,2,2,3,2,2,2,4,1,1,8.5,0,37,52
5440,3,2,0,2,2,3,2,2,1,2,2,1,11.3,1,51,67
5441,3,2,0,2,2,3,2,2,2,4,1,1,11.1,0,19,27
5442,3,0,0,2,2,3,2,2,2,4,1,1,14.2,0,21,26
5443,3,2,0,2,2,3,2,2,2,4,1,1,11.1,1,39,55
5444,3,1,0,2,2,3,2,2,2,4,1,1,15.4,0,48,56
5445,3,0,0,2,2,3,2,2,2,4,1,1,10.4,0,35,45
5446,3,1,0,2,2,3,2,2,2,2,1,1,12.2,0,42,54
5447,3,1,0,3,2,3,2,2,2,2,1,1,9.9,0,43,56
5448,3,2,0,2,2,3,2,2,2,2,1,1,11.5,1,57,77
5449,3,2,0,2,2,3,2,2,2,2,1,1,8.9,1,53,66
5450,3,1,0,2,2,3,3,2,2,4,1,1,17.0,0,41,57
5451,3,2,0,2,2,3,2,2,2,4,1,1,19.3,1,24,35
5452,3,0,0,2,2,3,2,2,2,1,2,1,9.5,0,22,27
5453,3,2,0,2,2,3,2,3,2,4,1,1,12.6,1,19,31
5454,3,1,0,2,3,3,2,2,2,4,1,1,10.9,0,31,43
5455,3,1,0,2,2,3,2,2,2,4,1,1,10.6,0,26,38
5456,3,1,0,2,2,3,2,3,2,2,1,1,7.0,0,42,49
5457,3,2,0,2,2,3,2,2,2,4,1,1,17.8,1,23,24
5458,3,1,0,2,2,2,2,2,2,1,2,1,12.5,0,49,66
5459,3,2,0,2,2,3,3,2,2,4,1,1,9.6,1,39,61
5460,3,1,0,3,2,3,2,2,2,4,1,1,16.1,0,35,59
5461,3,0,0,2,2,3,2,2,2,4,1,1,16.7,0,20,27
5462,3,1,0,2,2,3,2,2,2,4,1,1,12.3,0,37,48
5463,3,1,0,2,2,3,2,2,2,4,1,1,12.9,0,33,45
5464,3,1,0,2,2,3,2,2,2,4,1,1,16.5,0,21,35
5465,3,1,0,2,2,3,2,2,2,4,1,1,9.7,0,10,12
5466,3,0,0,2,2,3,2,2,2,4,1,1,8.2,0,24,35
5467,3,2,0,2,2,3,2,2,2,1,2,1,6.3,1,37,48
5468,3,2,0,2,2,3,2,2,2,4,1,1,12.1,1,42,60
5469,3,0,0,3,2,3,2,2,2,1,2,1,0.9,0,6,7
5470,3,2,0,2,2,3,2,2,2,4,1,1,11.0,1,37,58
5471,3,1,0,2,2,3,3,2,2,2,1,1,9.0,0,25,38
5472,3,2,0,2,2,3,2,2,2,4,1,1,11.0,1,56,71
5473,3,1,0,2,3,3,2,2,2,4,1,1,13.3,0,34,46
5474,3,1,0,2,2,3,2,2,2,4,1,1,11.4,0,25,37
5475,3,0,0,3,2,3,2,2,2,2,1,1,6.6,0,24,35
5476,3,2,0,2,2,3,2,3,1,4,1,1,10.9,1,34,56
5477,3,1,0,2,2,3,2,2,2,1,2,2,14.7,0,38,52
5478,3,1,0,3,2,3,2,2,2,4,1,1,7.4,0,10,14
5479,3,0,0,2,2,3,2,2,2,4,1,1,13.2,0,19,32
5480,3,1,0,2,2,3,2,2,2,2,1,1,12.6,0,96,125
5481,3,1,0,2,2,3,2,2,1,4,1,1,8.5,0,38,54
5482,3,2,0,2,2,3,2,2,2,2,1,1,10.2,1,51,63
5483,3,1,0,2,2,3,2,2,1,4,1,1,11.2,0,26,38
5484,3,1,0,2,2,3,2,2,2,4,1,1,13.5,0,45,56
5485,3,1,0,2,2,3,2,2,2,1,2,1,7.6,0,21,29
5486,3,1,0,2,2,3,2,2,2,4,2,2,9.1,0,37,51
5487,3,1,1,2,2,3,2,2,2,1,2,1,6.7,0,35,44
5488,3,0,0,2,2,3,2,2,2,1,3,1,5.3,0,25,46
5489,3,0,0,2,2,3,2,2,2,1,2,1,9.9,0,48,61
5490,3,2,0,2,2,3,3,2,2,1,2,1,8.5,1,38,62
5491,3,0,0,2,2,3,3,2,2,4,1,1,13.3,0,30,39
5492,3,1,0,2,2,3,3,2,2,4,1,1,5.9,0,30,38
5493,3,1,0,2,2,3,2,2,2,4,1,1,8.3,0,36,48
5494,3,1,0,2,2,3,2,2,2,4,1,1,10.9,0,36,43
5495,3,1,1,2,2,3,2,2,2,4,1,1,11.2,0,40,52
5496,3,1,0,2,2,3,2,2,2,1,2,2,15.3,0,48,61
5497,3,0,0,2,2,3,2,2,2,4,1,1,8.7,0,34,41
5498,3,2,0,2,2,3,2,2,2,4,1,1,7.5,1,25,32
5499,3,1,0,2,2,3,2,2,2,2,1,1,11.1,0,36,48
5500,3,2,0,2,2,3,3,2,2,4,2,2,15.9,1,59,88
5501,3,0,1,2,2,3,2,2,2,4,2,2,11.6,0,38,55
5502,3,1,0,2,2,3,2,2,2,4,1,1,7.3,0,40,57
5503,3,1,0,2,2,3,2,2,2,4,2,2,16.9,0,42,65
5504,3,1,0,2,2,3,2,2,2,4,1,1,11.9,0,33,42
5505,3,0,0,2,2,3,2,2,2,4,1,1,10.4,0,22,30
5506,3,1,0,2,2,3,2,2,2,4,1,1,14.9,0,24,39
5507,3,1,0,2,2,3,2,2,2,4,1,1,11.2,0,25,42
5508,3,1,0,2,2,3,2,2,2,4,1,1,11.8,0,43,56
5509,3,1,0,2,2,3,2,2,2,4,1,1,10.9,0,31,48
5510,3,2,0,2,3,3,2,2,2,4,1,1,11.2,1,69,87
5511,3,1,0,2,2,3,2,2,2,1,2,1,7.3,0,31,43
5512,3,0,0,2,2,3,2,2,2,4,1,1,10.8,0,30,41
5513,3,0,0,2,2,3,2,2,2,4,2,2,22.0,0,57,89
5514,3,0,0,2,2,3,2,2,2,4,1,1,13.0,0,29,37
5515,3,1,0,2,2,3,2,2,2,4,1,1,6.2,0,23,30
5516,3,0,0,2,2,3,2,2,2,4,1,1,7.0,0,45,56
5517,3,1,0,2,2,3,2,2,2,4,1,1,12.8,0,18,24
5518,3,2,0,2,2,3,2,3,2,4,1,1,11.6,1,33,46
5519,3,1,0,2,2,3,2,2,1,4,1,1,9.5,0,35,51
5520,3,0,0,2,2,3,2,2,2,4,1,1,8.8,0,41,48
5521,3,1,0,2,2,3,2,2,2,4,1,1,7.9,0,31,47
5522,3,1,0,2,2,3,2,2,2,4,1,1,9.9,0,39,48
5523,3,1,0,2,2,3,2,2,2,4,1,1,9.3,0,32,45
5524,3,1,0,2,2,3,2,2,2,4,2,2,20.4,0,27,38
5525,3,0,0,2,2,3,2,2,2,4,2,2,10.3,0,28,36
5526,3,1,0,2,2,3,2,2,2,4,1,1,7.4,0,16,22
5527,3,1,0,2,2,3,2,2,2,1,2,1,6.3,0,4,7
5528,3,1,0,2,2,3,2,2,2,4,2,2,12.5,0,45,63
5529,3,1,0,2,2,3,2,3,2,4,1,1,17.8,0,27,33
5530,3,2,0,2,3,3,2,2,2,1,2,1,8.3,1,27,34
5531,3,0,0,2,3,3,2,2,2,1,2,1,9.8,0,42,51
5532,3,1,0,2,2,3,2,2,2,4,1,1,12.9,0,18,21
5533,3,1,0,2,2,3,2,2,2,1,2,1,9.3,0,22,25
5534,3,1,0,2,2,3,2,2,2,4,1,1,14.7,0,39,55
5535,3,2,0,2,2,3,2,2,1,2,1,1,9.4,1,36,58
5536,3,1,0,2,2,3,2,2,2,4,2,2,23.6,0,34,46
5537,3,1,0,2,2,2,2,2,1,4,1,1,8.3,0,29,46
5538,3,1,0,2,2,3,2,2,2,4,2,2,19.1,0,30,42
5539,3,1,0,2,3,3,3,2,2,4,1,1,9.9,0,27,40
5540,3,1,0,2,2,3,2,2,1,1,2,1,6.2,0,47,60
5541,3,2,0,2,2,3,2,2,2,4,1,1,9.3,1,55,69
5542,3,0,0,2,2,3,2,2,2,4,1,1,7.2,0,40,52
5543,3,2,0,2,2,3,2,2,2,4,1,1,10.7,1,27,44
5544,3,2,0,2,2,3,3,2,2,4,1,1,11.2,1,29,38
5545,3,2,0,2,2,3,2,2,2,1,2,1,8.8,1,34,50
5546,3,0,0,2,2,3,3,3,2,2,1,1,9.0,0,34,44
5547,3,1,0,2,2,3,2,2,2,4,1,1,10.0,0,19,28
5548,3,2,0,2,2,3,2,3,2,2,1,1,9.0,1,38,47
5549,3,0,0,2,3,3,2,2,2,2,1,1,10.7,0,45,61
5550,3,1,0,2,2,3,2,2,2,4,2,2,23.9,0,40,45
5551,3,2,0,2,2,3,2,2,1,4,2,2,19.6,1,45,75
5552,3,0,0,2,2,3,2,2,2,4,1,1,10.4,0,49,74
5553,3,1,0,2,2,3,2,2,1,4,1,1,9.6,0,36,51
5554,3,2,0,2,2,3,3,2,2,2,2,1,8.1,1,51,67
5555,3,1,0,2,2,3,3,2,1,1,2,1,7.0,0,33,50
5556,3,0,0,2,2,3,2,2,2,4,1,1,16.5,0,17,20
5557,3,1,0,2,2,3,2,2,2,4,1,1,16.1,0,43,53
5558,3,0,0,2,2,3,2,2,1,4,2,2,28.2,0,46,59
5559,3,1,0,2,2,3,2,2,2,4,1,1,13.9,0,26,36
5560,3,1,0,3,2,3,2,2,2,2,2,1,9.0,0,56,69
5561,3,1,0,3,2,3,2,2,2,1,2,1,8.9,0,27,36
5562,3,0,0,2,2,3,2,2,2,4,1,1,15.7,0,26,39
5563,3,1,0,2,2,3,2,2,2,4,1,1,7.9,0,19,29
5564,3,1,0,2,2,3,2,2,2,4,1,1,14.7,0,53,74
5565,3,2,0,3,2,3,2,2,2,4,1,1,7.0,1,73,94
5566,3,1,0,2,2,3,2,2,2,4,1,1,13.1,0,34,49
5567,3,1,0,2,2,3,2,2,2,4,2,2,10.5,0,43,54
5568,3,1,0,2,2,3,2,2,2,1,2,1,9.2,0,39,47
5569,3,2,0,2,2,3,2,2,1,1,2,1,5.7,1,40,51
5570,3,2,0,2,2,3,2,2,2,4,2,2,10.8,1,36,55
5571,3,1,0,2,2,3,2,2,2,4,1,1,10.6,0,22,23
5572,3,0,0,2,2,3,2,2,2,4,1,1,10.1,0,32,49
5573,3,2,0,2,2,3,2,2,2,4,1,1,11.0,0,23,37
5574,3,2,0,2,3,3,2,3,2,2,1,1,11.6,1,63,84
5575,3,0,0,2,2,3,2,2,2,1,2,1,9.9,0,22,27
5576,3,2,0,2,3,3,2,2,2,4,2,2,11.7,1,30,44
5577,3,2,0,2,2,3,2,2,2,2,2,1,7.0,1,40,55
5578,3,0,0,2,2,3,2,2,2,4,1,1,17.0,0,21,24
5579,3,1,0,2,2,3,2,2,1,4,1,1,10.6,0,44,72
5580,3,0,0,2,2,3,3,2,2,4,1,1,15.6,0,25,33
5581,3,2,0,2,2,3,2,2,2,4,1,1,8.4,0,20,29
5582,3,0,0,2,2,3,2,2,2,4,1,1,11.3,0,42,52
5583,3,2,0,2,2,3,2,2,2,2,2,1,8.9,1,40,61
5584,3,1,0,2,2,3,2,2,2,1,2,1,9.3,0,22,25
5585,3,1,0,2,3,3,2,2,2,1,2,1,7.7,0,39,51
5586,3,2,0,2,2,3,2,2,2,1,2,1,9.2,1,30,34
5587,3,2,0,2,2,3,2,2,2,4,1,1,10.7,1,28,46
5588,3,2,0,3,2,3,3,2,2,2,2,1,8.4,1,43,63
5589,3,0,0,2,2,3,2,2,2,2,1,1,5.4,0,23,33
5590,3,1,0,2,2,3,3,2,1,4,1,1,11.6,0,44,58
5591,3,1,0,2,2,2,2,2,2,4,1,1,8.6,0,40,52
5592,3,1,0,2,2,3,2,2,1,2,1,1,7.8,0,43,59
5593,3,0,0,2,2,3,2,2,2,4,1,1,9.3,0,36,50
5594,3,1,0,2,2,3,3,2,2,4,1,1,13.5,0,25,45
5595,3,2,0,2,2,3,2,2,2,2,1,1,12.2,1,31,41
5596,3,1,0,2,2,3,2,2,2,4,1,1,13.6,0,34,51
5597,3,1,0,3,2,3,2,2,1,2,1,1,10.0,0,31,52
5598,3,0,0,2,2,3,2,2,2,2,1,1,8.8,0,35,47
5599,3,1,0,2,2,3,2,2,2,4,1,1,18.0,0,46,64
5600,3,0,0,2,2,3,3,2,2,2,2,1,8.2,0,29,55
5601,3,2,0,2,2,3,2,2,2,4,1,1,10.9,1,43,56
5602,3,2,0,2,2,3,2,2,2,1,2,1,8.5,1,21,27
5603,3,1,0,2,2,3,2,2,2,4,1,1,11.4,0,25,37
5604,3,0,0,2,2,3,2,2,2,4,1,1,13.4,0,28,47
5605,3,1,0,2,2,3,2,2,2,4,1,1,8.9,0,19,27
5606,3,0,0,2,3,3,2,2,2,1,2,1,11.2,0,45,58
5607,3,0,0,2,2,3,2,2,2,4,2,2,30.3,0,42,52
5608,3,0,0,2,2,3,2,2,2,4,1,1,10.8,0,29,46
5609,3,1,0,2,2,3,2,2,2,2,1,1,9.3,0,34,44
5610,3,1,0,2,2,3,3,2,2,4,1,1,10.7,0,43,71
5611,3,1,0,2,2,3,2,3,2,4,1,1,10.3,0,25,35
5612,3,1,0,3,2,3,2,2,2,4,1,1,8.9,0,38,58
5613,3,1,0,2,2,3,2,2,2,2,1,1,11.6,0,32,60
5614,3,0,0,2,2,3,3,2,2,4,1,1,11.1,0,26,39
5615,3,2,0,2,2,3,3,2,2,2,1,1,8.5,1,35,49
5616,3,2,0,2,2,3,2,2,2,1,2,1,7.1,1,29,44
5617,3,0,0,2,2,3,2,2,2,4,1,1,12.4,0,30,42
5618,3,2,0,2,2,3,2,2,2,2,1,1,11.1,1,42,62
5619,3,2,0,2,3,3,2,2,2,2,1,1,13.4,1,41,55
5620,3,1,0,2,2,3,2,2,2,1,2,1,12.3,0,31,35
5621,3,0,0,2,2,3,2,2,2,1,2,1,7.7,0,35,47
5622,3,2,1,2,2,3,2,2,2,4,1,1,11.4,1,31,42
5623,3,2,0,2,2,3,2,3,2,4,1,1,12.4,1,50,66
5624,3,1,0,2,2,3,2,2,2,4,1,1,12.3,0,29,47
5625,3,1,0,3,2,3,2,2,2,4,1,1,9.3,0,39,51
5626,3,1,0,2,2,3,3,2,1,2,1,1,10.2,0,45,57
5627,3,0,0,2,3,3,2,2,2,2,1,1,7.4,0,48,69
5628,3,1,0,2,2,3,2,2,2,4,1,1,10.8,0,20,29
5629,3,1,0,2,2,3,2,2,2,4,1,1,12.6,0,50,56
5630,3,2,0,2,2,3,3,2,2,1,2,1,5.3,1,26,40
5631,3,0,0,2,2,3,2,3,2,2,1,1,10.1,0,46,66
5632,3,0,0,2,2,3,2,3,2,1,2,1,8.6,0,39,51
5633,3,0,0,2,2,3,2,2,2,2,2,1,7.0,0,44,61
5634,3,1,0,2,2,3,2,2,2,2,1,1,7.0,0,28,41
5635,3,1,0,2,2,3,2,2,1,2,1,1,13.6,0,50,72
5636,3,0,0,2,2,3,2,2,2,4,1,1,7.9,0,32,47
5637,3,1,0,3,2,3,3,2,2,4,1,1,12.0,0,34,44
5638,3,2,0,2,2,3,2,2,2,4,1,1,11.9,1,45,58
5639,3,0,0,2,3,3,2,3,2,4,1,1,12.3,0,56,75
5640,3,1,0,2,2,3,2,2,1,4,1,1,9.4,0,28,47
5641,3,1,0,2,2,3,2,3,1,2,1,1,6.8,0,31,41
5642,3,1,0,2,2,3,2,2,2,4,1,1,20.0,0,24,35
5643,3,2,0,2,2,2,2,2,2,4,1,1,9.5,1,53,74
5644,3,0,0,2,2,3,2,2,2,4,2,2,10.7,0,54,71
5645,3,2,0,3,2,3,2,2,2,4,1,1,9.3,1,34,52
5646,3,1,0,2,2,3,3,2,2,4,1,1,6.2,0,17,28
5647,3,0,0,2,2,3,2,2,1,4,1,1,9.3,0,26,42
5648,3,1,0,2,2,3,2,2,2,4,1,1,11.9,0,31,48
5649,3,0,0,2,2,3,2,2,2,4,1,1,10.4,0,18,30
5650,3,0,0,2,2,3,3,2,2,2,1,1,7.8,0,36,47
5651,3,0,1,2,2,3,2,2,2,4,1,1,17.7,0,13,27
5652,3,1,0,2,2,3,2,2,2,4,1,1,9.9,0,24,34
5653,3,1,0,2,3,3,2,2,2,4,1,1,9.4,0,18,29
5654,3,1,0,2,2,3,3,2,1,1,2,1,6.9,0,43,62
5655,3,2,0,2,2,3,2,2,2,2,1,1,9.4,1,47,59
5656,3,2,0,2,2,3,2,2,2,4,1,1,14.4,0,51,67
5657,3,1,0,2,2,3,2,2,2,1,2,1,2.9,0,27,31
5658,3,0,0,2,2,3,2,2,2,4,1,1,13.6,0,13,24
5659,3,2,0,2,2,3,2,2,2,1,2,1,8.8,1,26,40
5660,3,2,0,2,2,3,2,2,2,1,2,1,9.5,1,62,93
5661,3,1,0,2,3,3,2,2,2,1,2,1,5.9,0,54,68
5662,3,0,0,2,2,3,2,2,2,4,1,1,16.5,0,24,31
5663,3,1,0,2,2,3,2,2,2,1,2,1,8.1,0,15,19
5664,3,1,0,2,2,3,2,2,2,1,2,1,9.8,0,43,73
5665,3,0,0,2,2,3,2,2,2,4,1,1,9.1,0,31,35
5666,3,0,0,2,2,3,3,2,2,1,2,1,8.8,0,45,51
5667,3,1,0,2,2,3,2,2,2,4,1,1,7.9,0,19,26
5668,3,1,0,3,2,3,2,2,2,4,1,1,14.6,0,45,60
5669,3,2,0,2,2,3,2,2,2,4,1,1,10.9,0,27,39
5670,3,2,0,2,2,3,2,2,2,4,1,1,16.6,1,44,69
5671,3,2,0,2,2,3,2,2,2,4,2,2,17.7,1,45,58
5672,3,2,0,2,2,3,2,2,2,4,2,2,19.1,1,24,39
5673,3,1,0,2,2,3,2,2,1,4,1,1,9.2,0,50,59
5674,3,1,0,2,2,3,2,2,2,4,1,1,13.2,0,26,43
5675,3,1,0,2,2,3,3,2,2,2,1,1,8.9,0,41,49
5676,3,1,0,2,2,3,3,2,2,4,2,2,11.2,0,46,68
5677,3,1,0,2,2,3,2,2,1,2,1,1,6.4,0,29,42
5678,3,0,0,2,2,3,2,2,2,2,1,1,10.3,0,26,36
5679,3,0,0,2,2,3,2,2,2,4,1,1,16.9,0,19,32
5680,3,1,0,2,2,3,2,2,2,4,1,1,9.4,0,25,39
5681,3,1,0,2,2,3,2,3,2,4,1,1,12.1,0,31,46
5682,3,0,0,2,2,3,2,2,2,1,2,1,7.4,0,19,28
5683,3,0,0,2,2,3,2,2,2,4,1,1,9.2,0,19,26
5684,3,2,0,2,2,3,2,2,2,2,1,1,8.2,1,32,47
5685,3,1,0,2,2,3,2,2,2,4,2,2,26.2,0,37,54
5686,3,0,0,2,2,3,2,2,1,1,2,1,8.9,0,44,61
5687,3,1,0,3,2,3,2,2,2,1,2,1,2.3,0,18,21
5688,3,2,0,2,2,3,2,2,2,2,1,1,13.0,1,45,66
5689,3,1,0,2,3,3,2,2,1,2,1,1,9.1,0,52,66
5690,3,1,0,2,2,3,3,2,2,2,2,1,9.5,0,43,55
5691,3,2,0,2,2,3,2,2,2,2,1,1,10.2,1,57,75
5692,3,1,0,2,3,3,2,2,2,1,2,1,10.7,0,20,32
5693,3,0,0,2,2,3,3,2,2,4,1,1,15.5,0,38,60
5694,3,2,0,2,2,3,2,2,2,1,2,1,6.9,1,40,51
5695,3,0,0,2,2,3,2,2,2,4,1,1,9.4,0,34,49
5696,3,2,0,2,2,3,2,2,2,2,1,1,7.5,1,41,54
5697,3,1,0,2,2,3,2,2,2,1,2,1,10.3,0,38,55
5698,3,1,0,2,2,3,2,2,2,4,1,1,12.8,0,30,41
5699,3,1,0,2,2,3,2,2,1,4,1,1,11.5,0,51,69
5700,3,0,0,2,2,3,2,2,2,4,1,1,12.8,0,29,50
5701,3,1,0,2,2,3,2,2,2,4,1,1,7.6,0,37,46
5702,3,0,0,2,2,3,2,2,1,4,1,1,7.7,0,33,48
5703,3,1,0,2,2,3,2,2,2,4,1,1,12.4,0,26,37
5704,3,0,0,2,2,3,2,2,2,2,1,1,13.3,0,41,54
5705,3,1,0,2,2,3,2,3,2,2,2,1,6.5,0,40,51
5706,3,2,0,3,2,3,3,2,2,4,1,1,9.0,1,38,51
5707,3,1,0,2,2,3,2,2,2,2,1,1,9.2,0,47,65
5708,3,2,0,2,2,3,2,2,2,4,2,2,18.4,1,51,70
5709,3,0,0,2,2,3,3,2,2,4,1,1,13.4,0,33,51
5710,3,1,0,2,3,3,2,2,2,1,2,1,8.0,0,28,36
5711,3,0,0,2,2,3,2,2,2,4,1,1,11.8,0,28,36
5712,3,0,0,2,2,3,2,2,2,4,1,1,10.0,0,39,52
5713,3,0,0,2,2,3,2,2,2,2,1,1,11.3,0,42,58
5714,3,0,0,2,2,3,2,2,2,1,2,1,9.4,0,36,46
5715,3,1,0,2,2,3,2,2,1,1,2,1,7.2,0,27,45
5716,3,1,0,2,2,3,2,2,1,2,1,1,10.6,0,25,39
5717,3,0,0,2,2,3,2,2,2,2,1,1,6.8,0,35,46
5718,3,1,0,2,2,3,3,2,2,4,1,1,9.3,0,30,39
5719,3,2,0,2,2,3,2,2,2,4,1,1,9.7,1,48,56
5720,3,2,0,2,2,3,2,2,2,4,2,2,10.8,1,23,42
5721,3,1,0,2,2,3,2,2,2,4,1,1,17.8,0,41,54
5722,3,1,0,2,2,3,2,2,2,4,1,1,14.1,0,12,24
5723,3,0,0,2,2,3,3,2,2,4,1,1,17.4,0,21,33
5724,3,0,0,2,2,3,2,3,2,2,1,1,8.5,0,34,49
5725,3,0,0,3,2,3,2,2,2,1,2,1,5.1,0,40,50
5726,3,2,0,2,2,3,2,2,2,2,1,1,12.4,1,55,68
5727,3,1,0,2,2,3,2,2,2,4,1,1,9.9,0,42,64
5728,3,0,0,2,2,3,2,2,2,4,1,1,14.5,0,36,42
5729,3,0,0,2,2,3,2,2,2,1,2,1,9.5,0,27,34
5730,3,1,0,2,2,3,2,2,1,4,1,1,11.6,0,52,77
5731,3,2,0,3,2,3,2,2,1,2,1,1,9.8,1,33,63
5732,3,2,0,2,2,3,2,2,1,4,1,1,11.6,1,37,57
5733,3,2,0,2,2,3,2,2,2,4,1,1,18.1,1,23,35
5734,3,2,0,2,2,3,3,2,2,4,1,1,17.5,0,24,34
5735,3,0,0,2,2,3,2,2,2,4,1,1,12.8,0,38,51
5736,3,0,0,2,2,3,2,2,2,4,2,2,23.7,0,64,93
5737,3,1,0,2,2,3,2,2,2,4,1,1,7.0,0,15,26
5738,3,0,0,2,3,3,2,2,2,4,1,1,8.4,0,40,54
5739,3,0,0,2,2,3,3,2,2,1,2,1,4.0,0,40,49
5740,3,1,0,2,2,3,2,2,2,4,1,1,17.6,0,41,54
5741,3,2,0,3,3,3,2,2,2,4,1,1,8.1,1,47,72
5742,3,1,0,2,2,3,2,2,1,2,1,1,9.7,0,38,57
5743,3,1,0,2,2,3,2,2,2,4,1,1,12.6,0,32,44
5744,3,2,0,2,2,3,2,2,2,4,1,1,11.2,1,41,56
5745,3,1,0,2,3,3,2,2,2,4,1,1,12.1,0,78,88
5746,3,0,0,2,2,3,2,2,2,4,1,1,9.1,0,33,47
5747,3,1,0,2,2,3,2,2,2,4,1,1,13.1,0,28,40
5748,3,1,0,2,2,3,2,3,2,4,1,1,12.1,0,37,46
5749,3,1,0,2,2,3,2,3,2,4,1,1,12.3,0,30,46
5750,3,2,0,2,2,3,3,2,2,4,1,1,9.8,1,24,33
5751,3,2,0,2,2,3,2,2,1,4,1,1,12.8,1,14,24
5752,3,2,0,2,2,3,3,3,2,2,1,1,8.0,1,52,68
5753,3,2,0,2,2,3,2,2,2,2,1,1,10.4,1,58,72
5754,3,1,0,2,2,3,2,2,2,4,1,1,7.1,0,26,34
5755,3,1,0,2,2,3,2,2,2,1,2,1,6.5,0,46,55
5756,3,1,0,3,2,3,2,2,1,4,2,2,25.9,0,40,52
5757,3,1,0,2,2,3,2,2,2,4,1,1,11.9,0,31,42
5758,3,1,0,2,3,3,2,2,2,1,2,1,10.9,0,38,55
5759,3,1,0,2,2,3,2,2,2,4,1,1,10.7,0,28,32
5760,3,2,0,2,2,3,2,3,2,4,1,1,13.2,1,74,91
5761,3,2,0,2,2,3,2,2,2,2,1,1,10.7,1,34,39
5762,3,2,0,2,2,3,3,2,2,2,1,1,8.0,1,40,56
5763,3,1,0,2,2,3,3,3,2,2,1,1,10.0,0,39,49
5764,3,1,0,2,2,3,2,2,2,1,2,1,6.8,0,31,39
5765,3,1,0,2,2,3,2,2,1,4,1,1,8.9,0,25,48
5766,3,1,0,2,3,3,2,2,2,4,1,1,12.5,0,26,40
5767,3,1,0,3,2,3,2,2,2,4,1,1,15.7,0,31,50
5768,3,1,0,3,2,3,2,2,2,2,1,1,8.0,0,33,42
5769,3,1,0,2,2,3,2,2,2,4,1,1,13.3,0,32,40
5770,3,0,0,2,2,3,2,2,2,4,2,2,28.7,0,45,57
5771,3,1,0,2,2,3,2,2,2,2,2,1,6.5,0,37,57
5772,3,0,0,2,2,3,2,2,2,4,1,1,14.5,0,16,18
5773,3,0,0,2,2,3,2,2,2,4,2,2,15.0,0,42,54
5774,3,2,0,2,2,3,2,2,2,4,2,2,13.3,1,50,58
5775,3,1,0,2,2,3,2,2,2,2,1,1,8.9,0,30,42
5776,3,1,0,2,2,3,2,2,2,2,1,1,7.4,0,24,31
5777,3,0,0,2,2,3,2,2,2,4,1,1,12.1,0,18,36
5778,3,1,0,2,2,3,2,2,2,4,1,1,11.3,0,41,53
5779,3,1,0,2,2,3,2,2,2,2,1,1,5.1,0,46,60
5780,3,0,0,2,2,3,2,2,2,4,1,1,10.7,0,37,50
5781,3,1,1,2,2,3,2,2,1,4,1,1,12.7,0,45,64
5782,3,1,0,2,3,3,2,2,2,4,1,1,10.4,0,43,68
5783,3,1,0,2,2,3,2,2,2,4,1,1,13.6,0,34,51
5784,3,0,0,2,2,3,2,2,2,2,1,1,9.4,0,31,47
5785,3,2,0,2,2,3,2,3,2,4,1,1,12.0,1,44,57
5786,3,0,0,2,3,3,2,2,2,4,1,1,11.9,0,61,78
5787,3,1,0,2,2,3,2,2,2,4,1,1,11.1,0,12,19
5788,3,1,0,2,2,3,2,2,2,4,1,1,14.8,0,46,61
5789,3,1,0,2,2,3,2,2,2,4,2,2,13.5,0,37,55
5790,3,2,0,2,2,3,2,2,2,4,1,1,7.6,1,41,55
5791,3,1,0,2,2,3,3,2,2,4,1,1,9.0,0,27,44
5792,3,1,0,2,2,3,2,2,2,2,2,1,8.8,0,37,72
5793,3,1,0,2,2,3,2,2,2,4,1,1,10.3,0,31,48
5794,3,1,0,2,2,2,3,2,2,1,2,1,15.6,0,33,41
5795,3,0,0,2,2,3,3,2,2,4,1,1,14.0,0,19,28
5796,3,0,0,2,2,3,2,2,2,4,1,1,9.5,0,27,35
5797,3,1,1,2,2,3,2,2,2,1,2,1,9.9,0,45,58
5798,3,0,0,2,2,3,2,2,2,2,1,1,5.2,0,39,52
5799,3,2,0,2,2,3,2,2,2,4,1,1,13.1,1,34,47
5800,3,2,0,2,2,3,2,2,2,4,1,1,11.9,1,45,58
5801,3,1,0,2,2,3,2,2,2,4,1,1,17.6,0,27,32
5802,3,0,0,2,2,3,2,2,2,1,2,1,12.3,0,28,30
5803,3,1,0,2,2,3,2,2,2,4,1,1,9.0,0,24,36
5804,3,0,0,2,2,3,2,2,2,4,1,1,9.9,0,29,39
5805,3,1,0,3,3,3,2,2,2,4,1,1,11.8,0,32,43
5806,3,0,0,2,2,3,2,2,2,2,1,1,10.5,0,47,62
5807,3,1,0,2,2,3,2,2,2,4,1,1,8.8,0,28,46
5808,3,0,0,2,2,3,2,2,2,2,1,1,7.9,0,33,54
5809,3,2,0,2,2,3,2,3,1,1,2,1,3.9,1,48,71
5810,3,1,0,2,2,3,2,2,2,4,2,2,26.6,0,39,54
5811,3,0,0,3,2,3,2,2,2,1,2,1,13.1,0,19,29
5812,3,1,0,2,2,3,2,2,2,1,2,1,5.8,0,28,40
5813,3,1,0,2,2,3,2,2,2,2,1,1,10.0,0,22,35
5814,3,2,0,2,2,3,3,2,2,2,2,1,14.7,1,50,59
5815,3,2,0,2,2,3,2,2,2,4,1,1,7.9,1,10,13
5816,3,1,0,3,2,3,2,2,2,2,1,1,11.1,0,47,65
5817,3,1,0,2,2,3,2,2,2,4,2,2,17.3,0,23,38
5818,3,1,0,2,2,3,3,3,1,2,1,1,9.2,0,39,58
5819,3,2,0,2,2,3,2,2,1,4,1,1,7.6,1,36,52
5820,3,1,0,2,2,3,2,2,2,2,1,1,7.7,0,49,71
5821,3,0,0,2,2,3,2,2,2,1,2,1,3.8,0,29,37
5822,3,2,0,2,2,3,2,2,2,2,1,1,8.5,1,24,46
5823,3,1,0,2,2,3,2,2,2,4,1,1,10.6,0,39,51
5824,3,1,0,2,2,3,2,2,2,1,2,1,6.2,0,7,10
5825,3,2,0,2,2,3,2,2,2,2,1,1,8.4,1,22,34
5826,3,2,0,2,3,3,2,2,2,4,2,2,23.4,1,31,47
5827,3,0,0,2,2,3,2,2,2,4,1,1,16.5,0,24,31
5828,3,1,0,2,2,3,2,2,1,2,1,1,8.3,0,46,65
5829,3,0,0,2,2,3,2,2,2,2,1,1,11.8,0,42,62
5830,3,1,0,2,3,3,2,2,1,2,1,1,8.0,0,44,56
5831,3,1,0,3,2,3,2,2,2,4,1,1,9.9,0,36,50
5832,3,2,0,2,2,3,2,2,2,4,2,2,16.6,1,47,59
5833,3,2,0,3,2,3,2,2,2,1,2,1,6.9,1,24,37
5834,3,2,0,2,2,3,2,2,2,4,1,1,11.6,1,30,39
5835,3,0,0,2,2,3,2,2,1,2,1,1,11.2,0,58,75
5836,3,1,0,2,2,3,2,3,2,2,1,1,7.6,0,32,44
5837,3,1,0,2,2,3,2,2,2,4,1,1,14.3,0,50,64
5838,3,2,0,2,2,3,2,2,1,4,2,2,19.9,0,32,45
5839,3,0,0,2,2,3,2,2,2,4,1,1,9.7,0,39,56
5840,3,2,0,2,2,3,3,2,2,4,1,1,9.3,1,28,39
5841,3,1,0,2,2,3,3,2,2,4,1,1,10.9,0,32,49
5842,3,0,0,2,2,3,2,2,2,2,1,1,10.9,0,37,47
5843,3,1,0,2,2,3,3,2,2,4,1,1,9.5,0,38,51
5844,3,2,0,2,2,3,3,2,1,2,2,1,10.9,1,34,61
5845,3,1,0,3,3,3,2,2,2,2,1,1,9.1,0,34,44
5846,3,1,0,2,2,3,2,2,2,4,1,1,9.5,0,30,40
5847,3,1,0,2,2,2,2,2,2,4,1,1,10.6,0,34,43
5848,3,1,0,2,2,3,3,2,2,2,1,1,12.2,0,59,73
5849,3,2,0,2,2,3,2,3,2,2,1,1,8.1,1,45,67
5850,3,2,0,2,2,3,2,2,2,4,1,1,14.7,0,31,46
5851,3,0,0,2,2,3,2,2,2,1,2,1,2.5,0,31,45
5852,3,2,0,2,2,3,2,2,1,4,1,1,13.5,1,60,76
5853,3,2,0,2,2,3,2,2,2,4,1,1,15.2,1,37,44
5854,3,2,0,3,2,3,2,2,2,1,2,1,7.7,1,47,60
5855,3,2,0,2,2,3,2,2,2,4,2,2,11.4,1,36,53
5856,3,2,0,2,2,3,2,2,2,4,1,1,11.8,1,27,35
5857,3,0,0,2,2,3,2,2,2,2,1,1,11.7,0,38,46
5858,3,1,0,2,2,3,2,3,2,2,1,1,7.0,0,42,49
5859,3,0,0,2,2,3,2,2,1,2,1,1,10.3,0,38,59
5860,3,1,0,2,2,3,2,2,1,4,1,1,10.0,0,32,50
5861,3,0,0,2,2,3,2,2,2,2,1,1,10.6,0,42,54
5862,3,1,0,3,2,3,3,2,2,4,1,1,10.0,0,29,44
5863,3,1,0,2,2,3,2,2,2,4,1,1,10.6,0,48,57
5864,3,1,0,2,2,3,2,2,1,2,1,1,9.2,0,38,53
5865,3,2,0,2,2,3,2,2,1,2,2,1,7.1,1,33,57
5866,3,1,0,2,2,3,2,2,2,4,1,1,9.3,0,21,31
5867,3,1,0,2,2,3,2,2,2,4,1,1,16.4,0,35,50
5868,3,2,0,2,2,3,2,2,2,4,1,1,10.1,1,23,35
5869,3,1,0,2,2,3,2,2,1,2,1,1,7.4,0,37,50
5870,3,2,0,2,2,3,2,2,2,2,1,1,8.2,1,42,59
5871,3,2,0,2,2,3,2,3,2,4,1,1,11.3,1,22,31
5872,3,1,0,2,2,3,2,2,2,4,1,1,8.7,0,36,50
5873,3,1,0,2,2,3,2,2,2,2,2,1,8.9,0,47,62
5874,3,1,0,2,2,3,2,2,2,4,1,1,13.0,0,35,52
5875,3,2,0,2,2,3,2,2,2,4,1,1,8.3,0,51,69
5876,3,2,0,2,2,3,2,2,2,4,2,2,13.9,1,27,49
5877,3,2,0,2,2,3,2,2,1,4,2,2,10.2,1,36,59
5878,3,2,0,2,2,3,2,3,2,4,1,1,12.0,1,44,57
5879,3,1,0,2,2,3,2,2,2,4,1,1,8.2,0,24,37
5880,3,1,0,2,2,3,3,2,2,2,2,1,9.0,0,50,68
5881,3,2,0,2,2,3,2,2,2,4,1,1,7.0,1,22,31
5882,3,1,0,2,2,3,2,2,1,1,2,1,7.4,0,31,46
5883,3,2,0,2,2,3,2,2,2,2,1,1,9.6,1,25,46
5884,3,1,0,2,2,3,2,2,2,4,1,1,10.9,0,36,49
5885,3,1,0,2,2,3,2,2,2,4,2,2,16.3,0,33,59
5886,3,2,0,2,2,3,2,2,2,4,1,1,7.8,1,25,29
5887,3,1,0,2,2,3,2,2,2,4,1,1,13.2,0,16,23
5888,3,1,0,2,2,3,2,2,1,2,1,1,9.4,0,34,55
5889,3,2,0,3,2,3,2,2,2,1,2,1,7.0,1,50,60
5890,3,1,0,2,2,3,2,2,1,2,1,1,7.4,0,31,45
5891,3,1,0,2,2,3,2,2,2,4,1,1,8.6,0,60,70
5892,3,0,0,2,2,3,2,2,2,4,1,1,7.1,0,29,51
5893,3,2,0,2,2,3,3,2,1,2,1,1,12.7,1,52,79
5894,3,1,0,2,2,3,2,2,2,1,2,1,10.9,0,26,32
5895,3,1,0,2,2,3,3,2,2,4,1,1,13.9,0,38,52
5896,3,1,0,2,3,3,2,2,2,2,1,1,7.5,0,71,92
5897,3,1,0,2,2,3,2,2,2,4,1,1,13.4,0,28,43
5898,3,2,0,2,2,3,2,2,2,4,1,1,10.0,1,47,66
5899,3,1,0,2,2,3,2,2,2,2,2,1,15.6,0,57,79
5900,3,0,0,2,2,3,2,2,2,4,1,1,8.6,0,25,42
5901,3,1,0,3,2,3,2,2,2,4,1,1,20.9,0,30,35
5902,3,0,0,2,2,3,2,3,2,2,1,1,8.7,0,45,64
5903,3,0,0,2,2,3,2,2,2,2,2,1,5.5,0,41,60
5904,3,2,0,2,2,3,2,2,2,4,1,1,13.0,1,52,65
5905,3,2,0,2,2,3,2,2,2,2,1,1,9.8,1,47,65
5906,3,2,0,2,2,3,2,2,2,1,2,1,6.5,1,18,25
5907,3,1,0,2,3,3,2,2,2,4,1,1,12.4,0,34,39
5908,3,0,0,2,2,3,3,2,2,2,1,1,11.7,0,18,37
5909,3,1,0,2,2,3,3,2,2,4,2,2,15.0,0,37,50
5910,3,0,0,2,2,3,3,2,2,2,1,1,8.6,0,54,71
5911,3,1,0,2,2,3,2,2,2,4,1,1,10.8,0,39,54
5912,3,1,0,2,2,3,3,2,2,4,1,1,8.4,0,26,38
5913,3,1,0,3,2,3,2,2,2,1,2,1,6.8,0,37,50
5914,3,2,0,2,2,3,2,2,2,1,3,1,4.7,0,26,39
5915,3,0,0,2,2,3,2,2,2,4,1,1,8.4,0,21,26
5916,3,1,0,2,2,3,2,2,2,4,2,2,25.2,0,31,45
5917,3,2,0,2,2,3,2,2,2,4,1,1,15.6,1,40,53
5918,3,0,0,2,2,3,3,2,2,2,1,1,8.5,0,27,33
5919,3,0,0,2,2,3,2,2,1,2,2,1,13.4,0,50,63
5920,3,1,0,2,2,3,2,2,2,4,1,1,14.2,0,20,27
5921,3,2,0,2,2,3,2,2,2,4,1,1,10.9,1,37,56
5922,3,2,0,2,2,3,2,2,2,2,1,1,6.8,1,27,39
5923,3,1,0,2,2,3,2,2,2,4,1,1,11.8,0,29,42
5924,3,1,0,2,2,3,3,2,2,4,1,1,10.4,0,30,55
5925,3,0,0,3,2,3,2,2,1,4,1,1,11.8,0,30,49
5926,3,1,0,2,2,3,2,2,2,4,1,1,10.5,0,43,54
5927,3,2,0,2,2,3,2,2,2,4,1,1,9.9,1,37,60
5928,3,2,0,2,2,3,2,2,2,1,2,1,9.5,0,32,39
5929,3,1,0,2,2,3,2,2,2,4,1,1,13.6,0,48,64
5930,3,1,0,2,2,3,2,2,1,4,1,1,7.6,0,31,39
5931,3,2,0,2,2,3,2,2,2,4,1,1,9.6,1,32,48
5932,3,2,0,2,2,3,2,2,2,4,1,1,13.1,1,36,58
5933,3,0,0,3,2,3,2,2,2,4,1,1,11.9,0,16,21
5934,3,2,0,2,2,3,2,2,2,4,1,1,21.7,1,28,34
5935,3,2,0,2,2,3,2,2,2,1,2,1,6.3,1,36,52
5936,3,0,0,2,2,3,3,2,2,4,1,1,9.6,0,34,51
5937,3,1,0,2,2,3,2,3,2,4,1,1,11.4,0,34,49
5938,3,0,0,2,2,3,2,2,2,1,4,1,6.5,0,34,54
5939,3,1,0,2,2,3,3,2,2,2,1,1,10.3,0,30,44
5940,3,1,0,2,2,3,2,2,2,4,1,1,10.7,0,28,47
5941,3,1,0,2,3,3,2,2,2,2,1,1,8.6,0,43,60
5942,3,1,0,2,2,3,2,2,1,2,2,1,9.4,0,41,53
5943,3,0,0,2,2,3,2,2,2,2,1,1,9.0,0,37,50
5944,3,1,0,3,2,3,2,2,2,1,2,1,13.2,0,42,53
5945,3,1,0,2,2,3,2,2,2,1,2,1,7.0,0,19,35
5946,3,1,0,2,2,3,2,2,2,4,1,1,16.3,0,20,27
5947,3,2,0,2,2,3,2,2,2,4,1,1,12.0,1,31,39
5948,3,2,0,2,2,3,2,2,2,1,2,1,8.9,1,43,70
5949,3,1,0,2,2,3,2,2,2,4,1,1,10.6,0,37,50
5950,3,1,0,2,2,3,2,2,2,2,1,1,12.8,0,57,74
5951,3,1,0,2,2,3,2,2,2,1,2,1,7.3,0,18,30
5952,3,2,0,2,2,3,2,2,2,4,1,1,11.9,1,54,62
5953,3,0,0,2,2,3,2,2,2,4,1,1,7.9,0,18,26
5954,3,1,0,2,2,3,2,2,2,4,1,1,10.0,0,47,61
5955,3,0,0,2,2,3,2,2,1,4,1,1,6.0,0,30,47
5956,3,2,0,2,2,3,2,3,1,4,1,1,8.9,1,57,70
5957,3,1,0,2,2,3,2,2,2,4,1,1,11.5,0,21,29
5958,3,1,0,2,2,3,2,2,1,1,2,1,8.3,0,34,48
5959,3,0,0,2,2,3,2,2,2,4,1,1,10.5,0,50,57
5960,3,2,0,2,2,3,2,2,2,4,1,1,11.2,1,41,56
5961,3,0,0,2,2,3,3,2,2,4,1,1,17.3,0,41,62
5962,3,1,0,2,2,3,3,2,2,4,1,1,9.1,0,41,60
5963,3,1,0,2,2,3,2,2,2,4,1,1,8.5,0,26,32
5964,3,0,0,2,2,3,2,2,2,4,1,1,11.3,0,9,16
5965,3,1,0,2,2,3,2,2,2,4,1,1,10.6,0,30,38
5966,3,1,0,3,2,3,2,2,2,4,2,2,19.7,0,28,36
5967,3,2,0,2,3,3,2,2,2,4,1,1,21.7,1,24,33
5968,3,2,0,2,2,3,3,3,2,4,1,1,16.2,1,44,56
5969,3,1,0,2,2,3,3,2,2,4,2,2,9.8,0,29,38
5970,3,1,0,2,2,3,2,2,2,2,1,1,9.7,0,35,51
5971,3,2,0,2,2,3,2,3,2,2,1,1,8.1,1,45,67
5972,3,1,0,2,2,3,2,2,1,2,1,1,8.7,0,21,37
5973,3,0,0,2,2,3,2,2,2,4,1,1,10.3,0,29,39
5974,3,2,0,3,2,3,2,2,2,4,1,1,14.9,1,62,82
5975,3,0,0,2,2,3,2,2,2,2,1,1,10.7,0,74,91
5976,3,0,0,2,2,3,2,2,2,4,1,1,14.6,0,37,52
5977,3,1,0,2,2,3,2,2,2,1,2,1,8.1,0,30,44
5978,3,1,0,2,2,3,2,2,2,4,1,1,13.7,0,21,27
5979,3,0,0,2,2,3,2,2,2,4,1,1,8.2,0,24,30
5980,3,2,0,3,2,3,2,2,2,1,2,1,8.4,1,27,36
5981,3,2,0,2,2,3,3,2,2,4,1,1,12.1,1,31,45
5982,3,1,0,2,2,3,2,2,2,1,2,1,5.1,0,13,18
5983,3,1,0,2,2,3,2,2,2,1,2,1,11.0,0,22,27
5984,3,2,0,3,3,3,2,2,2,4,1,1,8.1,1,47,72
5985,3,0,0,2,2,3,2,2,2,4,1,1,9.9,0,25,34
5986,3,1,0,2,2,3,2,2,2,1,2,1,9.8,0,32,46
5987,3,2,0,2,2,3,2,2,2,4,1,1,11.9,1,34,44
5988,3,1,0,2,2,3,2,2,2,4,1,1,11.8,0,36,56
5989,3,1,0,2,2,3,2,2,2,4,1,1,9.1,0,26,40
5990,3,2,0,2,2,3,2,2,2,4,1,1,10.0,1,36,51
5991,3,1,0,3,2,3,2,2,2,4,1,1,7.5,0,23,35
5992,3,1,0,2,2,3,2,3,2,4,2,2,11.6,0,42,56
5993,3,1,0,2,2,3,2,2,2,4,1,1,11.6,0,53,63
5994,3,0,0,2,2,3,3,2,2,4,1,1,8.1,0,34,51
5995,3,1,0,2,3,3,2,2,2,4,1,1,9.1,0,22,32
5996,3,1,0,2,2,3,2,2,2,4,1,1,12.4,0,32,36
5997,3,2,0,2,2,3,2,2,2,4,1,1,9.2,1,30,49
5998,3,1,0,2,2,3,2,2,2,1,2,1,5.1,0,25,29
5999,3,1,0,2,2,3,2,2,2,4,1,1,13.2,0,25,40
6000,3,0,0,2,2,3,2,2,2,4,2,2,30.3,0,42,52
6001,3,1,0,2,2,3,2,2,2,1,2,1,9.6,0,39,63
6002,3,2,0,3,2,3,2,2,1,4,1,1,11.0,1,69,82
6003,3,2,0,2,2,3,3,2,2,4,2,2,13.7,1,43,52
6004,3,1,0,2,2,3,2,2,2,1,4,1,7.9,0,35,46
6005,3,1,0,2,2,3,2,2,2,4,1,1,8.1,0,39,52
6006,3,2,0,2,2,3,2,2,2,2,1,1,8.7,1,36,48
6007,3,1,0,2,2,3,2,2,1,4,1,1,5.9,0,23,30
6008,3,1,0,2,2,3,2,2,1,2,1,1,9.5,0,33,44
6009,3,2,0,2,2,3,2,2,1,4,2,2,12.8,1,31,58
6010,3,2,0,2,2,3,3,2,2,4,1,1,9.4,1,34,40
6011,3,1,0,2,2,3,3,3,1,2,1,1,7.5,0,38,51
6012,3,0,0,2,2,3,2,2,2,4,1,1,4.8,0,44,54
6013,3,1,0,2,2,3,2,2,2,2,1,1,6.8,0,38,48
6014,3,2,0,2,2,3,2,2,2,4,1,1,11.2,1,55,80
6015,3,1,0,2,2,3,2,2,2,4,1,1,13.3,0,20,26
6016,3,2,0,2,2,3,2,2,2,1,2,1,10.7,1,36,47
6017,3,0,0,2,2,3,2,2,2,4,2,2,20.3,0,30,45
6018,3,2,0,2,2,3,2,2,1,2,1,1,8.1,1,46,52
6019,3,1,0,2,2,3,2,2,2,4,1,1,7.5,0,56,78
6020,3,2,0,2,2,3,2,2,2,2,1,1,8.6,1,39,49
6021,3,1,0,2,2,3,2,2,2,4,1,1,18.2,0,25,32
6022,3,1,0,2,3,3,2,2,2,2,2,1,5.9,0,43,64
6023,3,1,0,2,2,3,2,2,2,1,2,1,8.5,0,25,32
6024,3,1,0,2,2,3,2,2,2,4,1,1,9.5,0,30,40
6025,3,1,0,2,2,3,2,2,2,4,1,1,6.1,0,23,28
6026,3,1,0,2,3,3,3,2,2,1,2,1,9.9,0,46,70
6027,3,1,0,3,2,3,2,2,2,4,1,1,10.3,0,30,42
6028,3,1,0,2,2,3,2,2,2,4,1,1,11.8,0,47,77
6029,3,1,0,2,2,3,3,2,2,4,1,1,14.6,0,38,45
6030,3,2,0,2,2,3,2,2,2,4,1,1,11.1,1,29,37
6031,3,1,0,2,2,3,2,2,2,4,1,1,13.9,0,34,41
6032,3,1,0,2,2,3,2,2,2,4,1,1,18.3,0,51,64
6033,3,2,0,2,2,3,2,2,2,2,2,1,9.7,1,40,51
6034,3,0,0,2,2,3,2,2,2,4,1,1,12.9,0,18,39
6035,3,0,0,2,2,3,2,2,2,4,1,1,13.3,0,30,46
6036,3,1,0,2,2,3,2,2,2,2,1,1,9.2,0,49,62
6037,3,1,0,2,2,3,2,3,2,4,1,1,11.6,0,31,41
6038,3,1,0,2,2,3,2,2,2,4,2,2,22.4,0,32,44
6039,3,1,0,2,2,3,2,2,2,4,2,2,14.9,0,49,61
6040,3,0,0,2,3,3,2,2,2,4,1,1,9.7,0,42,54
6041,3,0,0,2,2,3,2,2,2,2,1,1,9.5,0,43,54
6042,3,1,0,2,2,3,2,2,2,4,1,1,10.7,0,31,54
6043,3,0,0,2,2,3,2,2,2,1,2,1,6.0,0,37,47
6044,3,1,0,2,2,3,2,2,2,1,2,1,12.6,0,20,33
6045,3,2,0,2,2,3,2,2,2,2,2,1,10.1,1,43,65
6046,3,0,0,2,3,3,2,2,2,4,1,1,16.4,0,20,29
6047,3,1,0,3,2,3,2,2,2,4,1,1,11.4,0,28,44
6048,3,1,0,2,2,3,2,2,2,4,1,1,12.0,0,14,22
6049,3,1,0,2,2,3,2,2,2,4,1,1,13.7,0,34,47
6050,3,2,0,2,2,3,2,2,2,2,1,1,13.7,1,38,51
6051,3,1,0,2,2,3,2,2,2,4,1,1,13.4,0,33,43
6052,3,2,0,2,2,3,3,2,1,4,1,1,9.6,1,47,61
6053,3,1,0,2,2,3,2,2,2,4,1,1,12.5,0,17,27
6054,3,1,0,2,2,3,2,2,2,4,1,1,9.8,0,22,35
6055,3,0,0,2,2,3,2,2,2,1,2,1,6.7,0,6,8
6056,3,1,0,2,2,3,2,2,2,1,2,1,6.5,0,12,15
6057,3,0,0,2,2,3,2,2,2,2,1,1,7.9,0,30,44
6058,3,2,0,2,2,3,2,2,2,2,1,1,10.6,1,52,69
6059,3,0,0,2,2,3,3,2,2,1,2,1,9.4,0,19,28
6060,3,1,0,2,2,3,2,2,2,4,1,1,10.3,0,47,75
6061,3,0,0,2,2,3,2,2,2,1,2,1,7.7,0,41,52
6062,3,0,0,2,2,3,2,2,2,4,1,1,10.3,0,21,28
6063,3,1,0,2,2,3,2,2,2,4,1,1,9.6,0,31,35
6064,3,1,0,2,2,3,2,2,2,4,1,1,11.5,0,27,38
6065,3,0,0,2,2,3,3,2,1,1,2,1,8.5,0,38,44
6066,3,1,0,2,2,3,2,2,2,1,2,1,9.6,0,35,46
6067,3,0,0,2,2,3,2,2,2,4,2,2,13.2,0,38,54
6068,3,1,0,2,2,3,3,2,2,4,1,1,11.5,0,38,45
6069,3,1,0,2,2,3,2,2,2,4,1,1,13.1,0,42,60
6070,3,2,0,2,2,3,2,2,2,4,1,1,10.0,1,36,51
6071,3,0,0,2,3,3,2,2,2,4,1,1,11.4,0,26,33
6072,3,1,0,2,2,3,2,2,1,4,1,1,9.6,0,32,48
6073,3,1,0,2,2,3,2,2,2,4,2,2,14.5,0,46,56
6074,3,1,0,2,2,3,2,2,2,4,1,1,6.6,0,35,52
6075,3,2,0,2,3,3,2,2,2,4,1,1,13.3,1,17,22
6076,3,0,0,2,2,3,2,3,2,1,2,1,7.8,0,30,49
6077,3,2,0,2,2,3,2,2,1,4,1,1,11.3,1,37,57
6078,3,0,0,2,2,3,2,2,2,4,1,1,10.4,0,19,26
6079,3,1,0,2,2,3,2,3,2,2,1,1,8.8,0,35,66
6080,3,1,0,2,2,3,2,2,1,1,2,1,8.0,0,36,49
6081,3,2,0,3,2,3,3,2,2,1,2,1,8.9,1,18,26
6082,3,2,0,2,2,3,2,3,2,4,1,1,18.0,1,39,57
6083,3,1,0,2,2,3,2,2,2,4,1,1,9.6,0,16,24
6084,3,2,0,2,2,3,2,2,2,4,1,1,11.5,1,25,40
6085,3,1,0,2,2,3,2,2,2,4,1,1,12.6,0,48,61
6086,3,1,0,2,2,3,2,2,2,1,2,1,8.9,0,52,68
6087,3,2,0,2,2,3,3,2,1,4,1,1,11.6,1,50,63
6088,3,2,0,2,2,3,2,2,2,1,2,1,7.6,1,27,47
6089,3,1,0,2,2,3,2,2,2,4,2,2,28.4,0,38,52
6090,3,0,0,3,2,3,2,2,2,1,2,1,5.6,0,35,52
6091,3,2,0,2,3,3,3,2,2,2,2,1,14.7,1,59,83
6092,3,1,0,2,2,3,2,2,1,4,1,1,11.5,0,27,36
6093,3,0,0,2,2,3,2,2,2,4,1,1,9.3,0,36,50
6094,3,2,0,2,2,3,2,2,2,4,1,1,7.3,1,60,75
6095,3,1,0,2,2,3,2,2,2,1,2,1,7.2,0,32,50
6096,3,1,0,2,2,3,2,2,1,4,1,1,13.0,0,31,48
6097,3,1,0,2,2,3,2,2,2,4,1,1,11.6,0,28,39
6098,3,0,0,2,2,3,2,3,2,4,1,1,14.8,0,20,28
6099,3,2,0,2,2,3,2,2,2,2,1,1,9.1,1,27,42
6100,3,0,0,2,2,3,2,2,2,4,1,1,10.1,0,24,35
6101,3,1,0,2,2,3,2,2,2,4,1,1,20.1,0,29,32
6102,3,0,0,2,2,3,2,2,2,4,1,1,12.6,0,52,63
6103,3,0,0,2,2,3,2,2,2,4,1,1,10.1,0,26,35
6104,3,0,0,2,2,3,2,2,2,4,1,1,13.1,0,39,61
6105,3,2,0,2,2,3,2,2,2,4,1,1,8.0,1,17,31
6106,3,1,0,3,2,3,2,2,1,4,2,2,13.3,0,31,42
6107,3,2,0,2,2,3,2,2,2,4,2,2,9.2,1,25,39
6108,3,1,0,2,2,3,2,2,2,4,1,1,13.2,0,11,18
6109,3,1,0,2,2,3,2,2,1,1,2,1,5.6,0,20,26
6110,3,1,0,2,2,3,2,2,2,4,1,1,16.1,0,19,27
6111,3,0,0,2,2,3,2,2,2,4,2,2,13.1,0,40,52
6112,3,0,0,2,2,3,2,2,2,2,1,1,8.2,0,33,41
6113,3,1,0,2,2,3,2,2,2,2,1,1,11.0,0,46,54
6114,3,1,0,2,2,3,2,2,2,1,2,1,11.8,0,48,70
6115,3,1,0,3,2,3,2,2,2,2,1,1,8.5,0,34,43
6116,3,1,0,2,2,3,2,2,2,4,2,2,16.5,0,41,58
6117,3,1,0,2,2,3,2,2,2,2,1,1,10.2,0,36,49
6118,3,0,0,2,2,3,2,2,2,4,1,1,14.9,0,50,72
6119,3,1,0,2,2,3,2,2,2,4,1,1,16.5,0,21,32
6120,3,0,0,3,2,3,2,2,2,4,1,1,8.9,0,29,43
6121,3,2,0,2,2,3,2,2,2,4,1,1,9.1,1,49,69
6122,3,1,0,2,3,3,2,2,2,1,2,1,3.6,0,15,25
6123,3,1,0,2,2,3,2,2,2,2,1,1,6.9,0,29,38
6124,3,1,0,2,2,3,3,2,2,1,2,1,8.5,0,30,39
6125,3,1,0,2,2,3,2,2,2,1,2,1,10.2,0,44,63
6126,3,0,0,2,2,3,2,2,1,4,1,1,7.7,0,37,53
6127,3,1,0,2,2,3,3,2,2,4,1,1,12.5,0,30,48
6128,3,1,0,2,2,3,2,2,2,1,3,1,7.6,0,42,52
6129,3,1,0,3,2,3,2,2,2,4,2,2,12.8,0,39,59
6130,3,2,0,2,2,3,2,2,2,4,1,1,10.8,1,48,65
6131,3,0,0,2,2,3,2,2,2,4,1,1,11.8,0,45,61
6132,3,1,0,2,2,3,2,2,2,1,2,1,6.6,0,68,95
6133,3,1,0,2,2,3,2,2,2,4,1,1,15.0,0,40,58
6134,3,0,0,2,3,3,2,2,2,2,1,1,10.1,0,48,66
6135,3,2,0,2,3,3,2,2,2,2,1,1,10.0,1,27,47
6136,3,0,0,2,2,3,2,2,2,2,1,1,13.0,0,50,60
6137,3,1,0,2,2,3,2,2,2,1,2,1,7.9,0,25,35
6138,3,1,0,2,2,3,2,2,1,4,1,1,13.3,0,15,26
6139,3,1,0,3,2,3,2,2,2,1,2,1,5.0,0,16,21
6140,3,1,0,2,2,3,2,2,2,2,1,1,9.2,0,34,41
6141,3,1,0,2,2,3,2,2,2,4,1,1,17.6,0,23,33
6142,3,2,0,2,2,3,2,2,2,4,1,1,12.0,1,31,39
6143,3,1,0,2,2,3,2,2,2,4,2,2,6.8,0,36,52
6144,3,1,0,3,2,3,3,2,1,2,1,1,9.9,0,60,83
6145,3,1,0,2,2,3,2,2,2,4,1,1,8.0,0,14,21
6146,3,2,0,2,2,3,2,2,2,1,2,1,7.1,1,37,52
6147,3,2,0,2,2,3,3,2,2,2,1,1,6.5,1,31,44
6148,3,1,0,2,2,3,2,2,2,4,2,2,14.9,0,38,51
6149,3,1,0,2,2,3,2,2,2,1,2,1,10.3,0,23,27
6150,3,0,0,2,2,3,2,2,2,4,2,2,26.0,0,37,49
6151,3,1,0,2,2,3,3,2,2,2,1,1,12.1,0,33,56
6152,3,2,0,2,2,3,2,2,2,4,1,1,12.9,1,44,55
6153,3,2,0,2,2,3,2,2,1,2,1,1,11.6,1,67,77
6154,3,1,0,2,2,3,2,2,2,4,1,1,15.4,0,38,53
6155,3,1,0,2,2,3,2,2,2,4,1,1,12.5,0,37,56
6156,3,1,0,2,2,3,2,2,2,4,1,1,12.6,0,40,56
6157,3,0,0,2,2,3,2,2,2,4,1,1,9.4,0,42,54
6158,3,1,0,2,2,3,2,2,2,4,1,1,10.9,0,31,48
6159,3,2,0,2,2,3,2,2,2,4,1,1,9.1,1,13,20
6160,3,2,0,2,2,3,2,2,2,4,1,1,14.1,1,30,43
6161,3,1,0,2,2,3,2,2,2,1,2,1,5.8,0,33,48
6162,3,2,0,2,2,3,2,2,2,4,2,2,24.1,1,31,50
6163,3,1,0,2,2,3,2,2,2,4,1,1,8.4,0,39,53
6164,3,1,0,2,2,3,2,2,2,4,1,1,10.1,0,22,31
6165,3,1,0,2,2,3,3,2,2,4,2,2,21.6,0,22,42
6166,3,1,0,2,2,3,2,2,1,4,1,1,11.7,0,44,64
6167,3,2,0,2,2,3,3,2,2,4,2,2,15.2,1,42,57
6168,3,1,0,2,3,3,2,2,2,4,1,1,12.6,0,38,47
6169,3,0,0,2,2,3,3,2,2,1,2,1,4.4,0,13,17
6170,3,1,0,2,2,3,2,2,2,4,1,1,11.9,0,39,57
6171,3,1,0,2,2,3,2,2,1,2,1,1,11.0,0,36,54
6172,3,2,0,2,2,3,2,2,2,2,1,1,9.5,1,43,57
6173,3,2,0,2,2,3,2,2,2,1,2,1,6.9,1,19,43
6174,3,0,0,2,2,3,2,2,2,4,1,1,8.0,0,37,53
6175,3,2,0,3,2,3,2,3,1,4,1,1,11.7,1,35,51
6176,3,2,0,2,2,3,2,2,2,1,2,2,17.2,1,42,51
6177,3,2,0,2,2,3,2,2,2,4,1,1,13.2,0,33,52
6178,3,1,0,2,2,3,2,2,2,2,1,1,7.6,0,29,44
6179,3,2,0,2,2,3,2,2,2,2,1,1,9.4,1,53,70
6180,3,2,0,2,2,3,3,2,2,4,1,1,11.1,1,58,82
6181,3,0,0,2,2,3,2,2,2,1,2,1,7.6,0,13,27
6182,3,0,0,2,2,3,2,2,2,4,1,1,16.7,0,47,62
6183,3,1,0,2,2,3,2,2,2,4,1,1,12.7,0,37,48
6184,3,0,0,2,2,3,2,2,2,4,1,1,15.1,0,33,39
6185,3,0,0,2,2,3,2,3,2,2,1,1,9.6,0,39,51
6186,3,0,0,2,2,3,2,2,2,4,1,1,13.3,0,28,42
6187,3,0,0,3,2,3,2,2,2,4,1,1,14.8,0,40,50
6188,3,1,0,3,2,3,2,2,2,4,1,1,17.0,0,19,28
6189,3,1,0,2,2,3,2,2,1,2,1,1,8.7,0,46,63
6190,3,1,0,2,2,3,3,2,2,1,2,1,6.3,0,12,28
6191,3,1,0,2,2,3,2,2,2,4,1,1,6.3,0,13,24
6192,3,0,0,2,2,3,2,2,2,4,1,1,7.0,0,27,53
6193,3,1,0,3,2,3,2,2,2,4,1,1,9.3,0,28,37
6194,3,1,0,2,2,3,2,3,2,2,1,1,10.8,0,43,71
6195,3,0,0,2,2,3,2,2,2,4,2,2,20.8,0,29,39
6196,3,1,0,3,2,3,2,2,2,4,1,1,12.0,0,47,60
6197,3,1,0,2,2,3,2,2,1,4,1,1,10.9,0,24,41
6198,3,1,0,2,2,3,3,2,2,1,2,1,6.6,0,28,45
6199,3,1,0,2,2,3,2,2,1,2,1,1,8.1,0,30,48
6200,3,0,0,2,2,3,2,2,2,4,2,2,33.0,0,42,69
6201,3,1,0,3,3,3,2,2,2,4,1,1,14.4,0,25,43
6202,3,1,0,2,2,3,2,2,2,1,2,1,9.5,0,45,61
6203,3,1,0,2,2,3,3,2,2,4,1,1,14.1,0,37,45
6204,3,0,0,2,3,3,2,2,2,4,1,1,6.3,0,33,43
6205,3,1,0,2,3,3,2,2,2,4,1,1,8.1,0,60,75
6206,3,0,0,2,2,3,2,2,2,1,2,1,6.0,0,34,47
6207,3,2,0,2,2,3,3,2,1,1,2,1,8.7,1,43,62
6208,3,0,0,3,2,3,2,2,2,4,1,1,14.0,0,17,21
6209,3,1,0,2,2,3,3,2,2,4,1,1,13.8,0,40,46
6210,3,1,0,3,3,3,3,2,1,1,2,1,4.3,0,36,51
6211,3,2,0,2,2,3,3,2,2,4,1,1,12.8,1,43,57
6212,3,2,0,3,2,3,2,2,2,4,2,2,12.0,1,55,70
6213,3,1,0,2,2,3,2,2,2,4,1,1,14.0,0,68,85
6214,3,2,0,2,2,3,3,2,2,4,1,1,9.6,1,32,39
6215,3,1,0,2,2,3,2,2,2,1,2,1,9.8,0,27,34
6216,3,1,0,2,2,3,2,2,2,1,2,1,11.6,0,51,62
6217,3,0,0,2,2,3,2,3,2,4,1,1,19.7,0,19,28
6218,3,2,0,2,2,3,3,2,2,1,2,1,8.1,1,44,55
6219,3,1,0,2,2,3,2,2,1,4,1,1,12.2,0,37,50
6220,3,1,0,3,2,3,2,2,2,1,2,1,8.3,0,29,48
6221,3,2,0,3,2,3,2,2,2,2,1,1,7.9,1,35,51
6222,3,1,0,2,2,3,2,2,2,4,1,1,10.3,0,62,85
6223,3,1,0,2,2,3,2,3,2,2,1,1,11.1,0,50,63
6224,3,1,0,2,2,3,2,2,2,4,1,1,8.6,0,36,47
6225,3,1,0,2,2,3,2,2,2,2,1,1,11.3,0,51,67
6226,3,1,0,2,2,3,2,2,1,4,1,1,11.2,0,44,53
6227,3,0,0,2,2,3,2,2,2,1,2,1,7.4,0,28,41
6228,3,0,0,2,2,3,2,2,1,1,2,1,6.4,0,21,31
6229,3,1,0,2,2,3,3,2,2,2,1,1,10.2,0,43,56
6230,3,0,0,2,2,3,2,2,2,4,1,1,15.7,0,38,54
6231,3,0,0,2,2,3,2,2,1,2,2,1,6.8,0,35,59
6232,3,1,0,2,2,3,2,2,2,4,1,1,10.7,0,30,43
6233,3,2,0,2,2,3,2,2,2,4,1,1,15.9,1,52,67
6234,3,2,0,2,2,3,2,2,2,2,2,1,12.2,1,39,52
6235,3,0,0,2,2,3,2,2,2,4,1,1,11.5,0,38,53
6236,3,0,0,2,2,3,3,2,2,1,2,1,9.6,0,48,63
6237,3,1,0,2,2,3,2,2,2,4,1,1,9.6,0,31,35
6238,3,1,0,2,2,3,2,2,2,4,1,1,10.0,0,47,63
6239,3,1,0,2,2,3,3,2,1,4,1,1,8.8,0,37,45
6240,3,2,0,2,2,3,2,2,2,2,1,1,11.8,1,39,54
6241,3,2,0,2,2,3,2,2,2,1,2,1,6.8,1,15,23
6242,3,2,0,2,2,3,2,2,1,2,1,1,10.4,1,43,59
6243,3,1,0,3,2,3,2,2,2,4,1,1,10.7,0,31,46
6244,3,1,0,2,2,3,2,2,2,4,1,1,11.4,0,32,38
6245,3,0,0,3,2,3,2,3,2,2,1,1,10.0,0,45,57
6246,3,2,0,2,2,3,2,2,2,2,1,1,8.6,1,25,35
6247,3,1,0,2,2,3,2,2,1,1,2,1,7.5,0,33,47
6248,3,1,0,2,2,3,2,2,2,4,1,1,14.2,0,52,70
6249,3,0,0,2,2,3,3,2,2,4,1,1,9.5,0,36,49
6250,3,0,0,2,2,3,2,2,2,2,1,1,7.6,0,32,40
6251,3,0,0,2,2,3,3,2,2,4,1,1,8.7,0,33,38
6252,3,1,0,2,3,3,2,2,2,2,1,1,11.4,0,36,49
6253,3,0,0,2,2,3,2,2,1,2,1,1,11.1,0,37,56
6254,3,1,0,2,2,3,2,2,2,2,1,1,8.2,0,47,65
6255,3,0,0,2,2,3,2,2,2,4,1,1,10.5,0,36,47
6256,3,0,0,3,2,3,2,2,2,4,1,1,8.6,0,24,29
6257,3,0,0,2,2,3,2,2,2,4,1,1,9.7,0,26,32
6258,3,1,0,2,2,3,2,2,2,1,2,1,11.5,0,29,37
6259,3,2,0,2,2,3,2,2,2,4,1,1,10.3,1,31,43
6260,3,0,0,2,2,3,3,2,2,1,2,1,5.6,0,26,33
6261,3,2,0,2,2,3,2,2,2,1,2,1,4.0,1,15,25
6262,3,2,0,2,2,3,2,2,1,4,1,1,11.6,1,37,57
6263,3,2,0,2,2,3,2,2,2,4,1,1,11.7,1,26,37
6264,3,2,0,2,3,3,2,2,1,4,2,2,8.6,1,41,59
6265,3,0,0,2,2,3,2,2,2,1,2,1,7.5,0,44,59
6266,3,0,0,2,2,3,2,2,2,1,3,1,6.4,0,44,52
6267,3,2,0,2,2,3,2,2,2,2,1,1,8.7,1,71,91
6268,3,1,0,2,2,3,2,3,1,4,1,1,13.5,0,33,44
6269,3,0,0,2,2,3,2,2,2,4,1,1,8.4,0,17,30
6270,3,2,0,2,2,3,2,2,2,2,1,1,12.9,1,47,58
6271,3,1,0,2,2,3,2,2,2,4,1,1,13.2,0,43,50
6272,3,1,0,3,2,3,2,2,2,2,1,1,7.7,0,31,43
6273,3,1,0,2,2,3,2,2,2,2,1,1,10.3,0,24,37
6274,3,0,0,2,2,3,2,2,2,4,1,1,14.8,0,30,49
6275,3,1,0,2,2,3,2,2,2,4,1,1,8.0,0,14,25
6276,3,1,0,2,2,3,2,2,2,4,1,1,12.4,0,46,64
6277,3,2,0,2,2,3,2,2,2,4,1,1,11.1,1,29,41
6278,3,0,0,2,3,3,2,3,1,4,2,2,10.5,0,41,51
6279,3,1,0,2,2,3,2,2,2,2,1,1,10.7,0,42,57
6280,3,1,0,2,2,3,3,2,2,4,1,1,11.6,0,38,49
6281,3,0,0,2,2,3,2,3,1,4,1,1,16.3,0,25,33
6282,3,0,0,2,2,3,2,2,2,1,2,1,9.8,0,37,47
6283,3,0,0,2,2,3,2,2,2,4,1,1,10.3,0,25,31
6284,3,0,0,2,2,3,2,2,1,4,2,2,14.9,0,34,54
6285,3,2,0,2,2,3,3,2,2,4,1,1,9.4,1,26,38
6286,3,1,0,2,2,3,3,2,2,4,1,1,12.3,0,14,17
6287,3,2,0,2,2,3,2,2,2,4,1,1,8.9,1,16,23
6288,3,1,0,2,2,3,2,2,2,2,1,1,11.6,0,39,55
6289,3,0,0,2,2,3,2,2,2,4,1,1,9.4,0,38,49
6290,3,1,0,2,2,3,2,2,2,1,3,1,5.6,0,30,47
6291,3,1,0,2,3,3,2,2,2,2,1,1,8.2,0,56,72
6292,3,2,0,2,2,3,3,3,2,4,1,1,10.7,1,35,49
6293,3,0,0,2,2,3,2,2,2,4,1,1,7.4,0,38,55
6294,3,0,0,2,2,3,2,2,2,4,1,1,6.7,0,20,31
6295,3,1,0,2,2,3,2,2,2,2,1,1,9.3,0,40,53
6296,3,1,0,2,2,3,2,2,2,2,1,1,7.4,0,34,50
6297,3,0,0,2,2,3,2,2,2,4,1,1,7.9,0,18,27
6298,3,1,0,2,2,3,2,2,2,2,1,1,10.5,0,38,54
6299,3,0,0,3,2,3,2,2,1,2,1,1,4.5,0,30,44
6300,3,1,0,2,2,3,2,2,2,1,2,1,7.6,0,12,21
6301,3,2,0,2,2,3,2,2,2,1,4,1,9.6,1,39,53
6302,3,1,0,2,2,3,2,2,2,4,1,1,15.9,0,43,50
6303,3,0,0,2,2,3,2,3,2,1,2,1,10.4,0,16,22
6304,3,1,0,2,3,3,2,2,2,2,1,1,8.7,0,40,54
6305,3,1,0,2,2,3,2,2,2,4,1,1,12.5,0,25,34
6306,3,1,0,2,2,3,2,2,2,4,1,1,12.3,0,26,32
6307,3,1,0,2,2,3,2,2,2,4,1,1,9.6,0,21,30
6308,3,1,0,2,2,3,3,2,2,4,1,1,14.1,0,24,38
6309,3,1,0,3,3,3,2,2,1,4,1,1,12.3,0,25,36
6310,3,1,0,2,2,3,2,2,2,1,2,1,8.8,0,26,37
6311,3,1,0,2,2,3,3,2,2,4,1,1,7.0,0,50,80
6312,3,2,0,2,2,3,2,2,2,4,1,1,8.4,1,45,61
6313,3,0,0,2,2,3,3,2,2,4,1,1,10.9,0,37,50
6314,3,1,0,2,2,3,2,2,2,2,1,1,10.7,0,33,43
6315,3,2,0,2,2,3,2,2,2,4,1,1,14.0,1,30,46
6316,3,2,0,2,2,3,2,2,1,1,2,1,8.8,1,33,46
6317,3,2,0,2,2,3,2,2,2,4,2,2,23.3,1,28,44
6318,3,1,0,2,2,3,2,2,2,4,1,1,10.4,0,32,43
6319,3,1,0,2,2,3,2,2,2,4,1,1,7.0,0,23,33
6320,3,2,0,2,2,3,2,2,1,2,1,1,11.3,1,38,57
6321,3,1,0,2,2,3,2,2,2,2,1,1,12.2,0,30,49
6322,3,1,0,2,2,3,2,2,2,4,1,1,19.7,0,21,32
6323,3,1,0,2,2,3,2,2,2,1,2,1,5.3,0,39,53
6324,3,1,0,2,2,3,3,2,2,4,1,1,12.2,0,38,47
6325,3,0,0,2,2,3,2,2,2,1,2,1,5.4,0,32,47
6326,3,1,0,3,2,3,2,2,2,4,1,1,10.9,0,33,49
6327,3,1,0,2,2,3,2,2,2,4,1,1,10.2,0,27,37
6328,3,1,0,2,2,3,2,2,2,4,2,2,16.1,0,30,53
6329,3,1,0,2,2,3,2,2,2,4,1,1,11.0,0,27,37
6330,3,0,0,2,2,3,2,2,2,4,1,1,12.1,0,17,30
6331,3,0,0,2,2,3,2,2,1,4,1,1,14.4,0,35,52
6332,3,1,0,2,2,3,2,2,2,1,2,1,9.0,0,28,43
6333,3,1,0,2,3,3,2,2,2,4,1,1,16.5,0,58,77
6334,3,1,0,2,2,3,2,2,2,4,1,1,9.1,0,21,32
6335,3,1,0,3,2,3,2,2,2,2,2,1,7.8,0,42,52
6336,3,1,0,3,2,3,2,2,2,4,1,1,9.6,0,32,43
6337,3,1,0,2,2,3,2,2,1,4,1,1,8.3,0,46,60
6338,3,1,0,2,2,3,2,2,2,1,4,1,7.4,0,43,62
6339,3,2,0,2,2,3,2,2,2,1,2,1,8.5,1,14,20
6340,3,1,0,2,2,3,2,2,2,1,2,1,7.4,0,28,46
6341,3,1,0,2,2,3,2,3,1,4,1,1,10.9,0,39,56
6342,3,1,0,2,3,3,2,2,2,4,1,1,17.5,0,37,58
6343,3,1,0,2,2,3,2,2,2,2,1,1,9.4,0,25,37
6344,3,0,0,2,2,3,2,2,2,1,2,1,6.1,0,24,32
6345,3,2,0,2,2,3,2,2,2,2,1,1,11.2,1,31,44
6346,3,1,0,2,2,3,2,2,2,1,2,1,5.9,0,18,25
6347,3,0,0,2,2,3,2,2,2,4,1,1,12.9,0,22,26
6348,3,2,0,2,2,3,2,2,2,1,2,1,5.9,1,36,42
6349,3,1,0,2,2,3,2,2,2,2,1,1,7.4,0,31,39
6350,3,1,0,2,2,3,2,2,2,2,2,1,7.5,0,42,54
6351,3,1,0,2,2,3,2,2,2,1,2,1,8.5,0,29,40
6352,3,2,0,2,2,3,3,2,1,2,1,1,9.9,1,49,74
6353,3,0,0,2,2,3,2,3,2,4,2,2,37.0,0,54,72
6354,3,1,0,2,3,3,2,2,2,4,1,1,7.6,0,52,73
6355,3,1,0,2,2,3,2,2,2,4,1,1,16.1,0,43,53
6356,3,0,0,2,2,3,2,2,2,1,2,1,9.8,0,34,51
6357,3,1,0,2,2,3,2,2,2,2,1,1,9.8,0,42,56
6358,3,0,0,2,2,3,2,2,2,1,2,1,9.8,0,23,35
6359,3,0,0,3,2,3,2,3,2,1,2,1,10.0,0,13,28
6360,3,1,0,2,2,3,3,2,2,4,1,1,9.4,0,31,40
6361,3,0,0,2,2,3,2,2,1,2,1,1,11.6,0,47,69
6362,3,1,0,2,2,3,2,2,2,4,1,1,10.5,0,41,61
6363,3,2,0,2,2,3,2,2,2,2,1,1,8.6,1,42,69
6364,3,0,0,2,2,3,2,2,2,1,2,1,6.7,0,32,47
6365,3,1,0,2,2,3,2,2,2,4,2,2,27.6,0,40,54
6366,3,0,0,2,2,3,2,2,2,4,1,1,7.9,0,38,53
6367,3,1,0,2,2,3,2,2,2,2,1,1,8.6,0,52,74
6368,3,1,0,2,2,3,2,2,2,1,2,1,9.7,0,38,55
6369,3,1,0,2,2,3,2,2,2,1,2,1,14.3,0,61,75
6370,3,2,0,2,2,3,2,2,2,4,1,1,11.4,1,36,56
6371,3,1,0,2,2,3,2,2,2,1,2,1,1.9,0,6,9
6372,3,1,0,2,2,3,2,2,2,2,1,1,10.6,0,27,39
6373,3,1,0,2,2,3,2,2,1,2,1,1,10.1,0,56,71
6374,3,0,0,2,2,3,2,2,2,4,1,1,13.2,0,30,46
6375,3,1,0,2,2,3,2,2,2,4,1,1,6.4,0,9,14
6376,3,1,0,3,2,3,2,2,2,2,1,1,8.4,0,44,61
6377,3,0,0,2,2,3,2,2,2,4,1,1,12.3,0,23,27
6378,3,0,0,2,2,3,2,2,2,4,1,1,13.0,0,39,45
6379,3,1,0,2,2,3,2,2,2,1,2,1,9.6,0,36,46
6380,3,1,0,2,2,3,2,2,2,4,1,1,8.1,0,21,29
6381,3,1,0,2,2,3,3,2,2,4,1,1,10.4,0,34,45
6382,3,0,0,2,2,3,2,2,2,2,1,1,6.8,0,34,48
6383,3,1,0,2,2,3,2,2,2,4,1,1,9.6,0,63,83
6384,3,1,0,2,2,3,2,2,2,2,1,1,10.4,0,33,56
6385,3,2,0,2,2,3,2,2,2,4,1,1,9.8,1,37,51
6386,3,0,0,2,2,3,2,2,2,4,1,1,7.6,0,43,57
6387,3,1,0,2,2,3,2,2,2,1,2,1,13.6,0,19,25
6388,3,0,0,2,2,3,2,2,2,2,1,1,11.7,0,38,58
6389,3,1,0,2,2,3,2,2,2,4,1,1,11.6,0,38,51
6390,3,2,0,2,2,3,2,2,2,2,1,1,10.8,1,49,60
6391,3,0,0,2,2,3,2,2,1,4,1,1,10.7,0,45,60
6392,3,1,0,2,2,3,2,2,2,2,2,1,9.9,0,48,62
6393,3,1,0,2,2,3,3,2,2,4,1,1,10.4,0,25,39
6394,3,2,0,2,3,3,3,3,1,2,1,1,10.2,1,32,44
6395,3,1,0,2,2,3,2,2,2,4,2,2,28.0,0,44,58
6396,3,0,0,2,2,3,2,2,2,1,2,1,11.2,0,26,33
6397,3,2,0,2,2,3,2,3,2,4,1,1,12.4,1,50,66
6398,3,1,0,2,2,3,2,2,2,4,1,1,10.2,0,21,35
6399,3,1,0,2,2,3,2,2,2,4,2,2,16.0,0,51,66
6400,3,2,0,2,2,3,2,2,2,2,1,1,10.1,1,37,50
6401,3,0,0,2,2,3,2,2,2,4,1,1,9.5,0,33,47
6402,3,2,0,2,2,3,2,2,2,4,1,1,10.0,1,39,51
6403,3,2,0,2,3,3,2,2,2,4,1,1,10.4,1,29,36
6404,3,0,0,2,2,3,2,2,2,2,1,1,9.0,0,35,47
6405,3,2,0,2,2,3,2,2,2,4,2,2,17.8,1,45,60
6406,3,1,0,2,2,3,3,2,2,2,1,1,10.0,0,57,92
6407,3,1,0,2,2,3,3,2,2,4,1,1,11.1,0,36,57
6408,3,1,0,3,2,3,3,2,2,4,1,1,10.7,0,42,65
6409,3,0,0,2,2,3,2,2,2,1,2,1,7.3,0,21,24
6410,3,0,0,3,2,3,2,2,2,2,1,1,8.5,0,53,70
6411,3,1,0,3,2,3,2,2,2,4,1,1,10.5,0,31,49
6412,3,2,0,2,3,3,2,2,2,4,1,1,10.4,1,58,75
6413,3,0,0,2,2,3,2,2,2,2,1,1,7.7,0,27,45
6414,3,1,0,3,3,3,3,2,2,4,1,1,12.7,0,14,22
6415,3,1,0,2,2,3,3,2,2,4,1,1,9.2,0,35,44
6416,3,0,0,2,2,3,2,2,2,4,1,1,10.2,0,28,47
6417,3,0,0,2,2,3,2,2,2,2,1,1,8.9,0,30,37
6418,3,0,0,2,2,3,2,2,2,4,1,1,15.4,0,32,46
6419,3,0,0,2,2,3,2,2,2,1,2,1,8.9,0,29,44
6420,3,2,0,2,2,3,2,2,2,4,2,2,17.5,0,24,37
6421,3,1,0,2,2,3,2,3,2,4,1,1,7.4,0,21,28
6422,3,1,0,2,2,3,2,2,2,4,2,2,14.3,0,39,56
6423,3,2,0,3,2,3,2,2,2,1,2,1,7.0,1,50,60
6424,3,1,0,2,3,3,2,2,2,4,1,1,8.1,0,18,25
6425,3,2,0,2,2,3,2,2,2,4,1,1,9.5,1,32,40
6426,3,1,0,2,2,3,2,2,2,1,2,1,8.6,0,27,32
6427,3,0,0,2,2,3,2,2,2,4,1,1,9.6,0,38,59
6428,3,1,0,3,2,3,2,2,2,2,2,1,8.8,0,45,56
6429,3,1,0,2,2,3,2,2,2,4,1,1,10.5,0,26,41
6430,3,1,0,2,2,3,3,2,1,1,2,1,6.0,0,54,71
6431,3,2,0,2,2,3,2,2,2,4,2,2,21.8,1,31,42
6432,3,1,0,2,2,3,2,2,2,4,1,1,12.6,0,45,64
6433,3,1,0,2,2,3,2,2,2,2,1,1,8.5,0,29,40
6434,3,1,0,2,2,3,2,2,2,1,2,1,9.5,0,48,60
6435,3,2,0,2,2,3,2,3,2,4,1,1,10.2,0,27,38
6436,3,2,0,2,2,3,2,2,2,1,2,1,9.9,1,29,42
6437,3,0,0,2,2,3,2,2,2,2,1,1,8.8,0,54,62
6438,3,1,0,2,2,3,3,2,2,2,1,1,7.0,0,47,66
6439,3,1,0,2,2,3,2,2,2,4,1,1,11.8,0,43,56
6440,3,0,0,3,2,3,2,2,2,2,1,1,8.7,0,41,53
6441,3,1,0,2,2,3,2,2,2,4,1,1,11.0,0,27,41
6442,3,1,0,2,2,3,2,2,1,4,2,2,17.0,0,42,56
6443,3,0,0,2,2,3,2,2,2,2,1,1,12.2,0,34,52
6444,3,1,0,2,2,3,2,2,2,4,1,1,10.1,0,28,38
6445,3,1,0,2,2,3,2,2,2,2,1,1,8.4,0,46,58
6446,3,0,0,2,2,3,2,2,1,1,2,1,4.6,0,46,68
6447,3,2,0,2,3,3,2,2,2,4,1,1,10.2,1,37,47
6448,3,1,0,2,2,3,2,2,1,2,1,1,9.2,0,43,59
6449,3,2,0,2,2,3,2,2,2,4,1,1,11.3,1,33,48
6450,3,2,0,2,2,3,3,2,1,4,2,2,20.6,1,31,40
6451,3,2,0,2,2,3,2,2,2,2,1,1,9.5,1,48,62
6452,3,0,0,2,2,3,2,2,1,1,2,1,7.9,0,34,45
6453,3,0,0,2,2,3,2,2,2,4,1,1,12.2,0,35,53
6454,3,1,0,2,2,3,2,2,1,2,1,1,14.1,0,40,53
6455,3,1,0,2,2,3,2,2,2,4,1,1,12.0,0,14,22
6456,3,2,0,2,2,3,2,2,1,4,1,1,17.7,1,49,62
6457,3,2,0,2,2,3,2,3,2,4,1,1,11.5,1,27,44
6458,3,0,0,2,2,3,2,2,2,1,3,1,8.4,0,29,42
6459,3,1,0,2,2,3,2,2,2,1,2,1,5.7,0,24,30
6460,3,2,0,2,2,3,2,2,2,4,1,1,8.9,1,40,58
6461,3,1,0,2,2,3,3,2,2,4,1,1,12.0,0,49,61
6462,3,1,0,2,2,3,3,2,2,4,1,1,12.0,0,49,61
6463,3,1,0,2,2,3,2,2,2,1,2,1,5.9,0,35,52
6464,3,0,0,3,2,3,2,2,2,4,1,1,8.6,0,25,37
6465,3,1,0,2,2,3,2,2,2,4,1,1,11.6,0,34,46
6466,3,1,0,2,2,3,2,2,2,4,1,1,15.3,0,61,82
6467,3,0,0,2,2,3,2,2,2,4,1,1,12.8,0,33,48
6468,3,1,0,3,3,3,3,2,2,4,1,1,15.2,0,41,51
6469,3,1,0,2,2,3,2,3,1,2,1,1,10.7,0,40,59
6470,3,1,0,2,2,3,2,2,2,4,1,1,9.5,0,30,45
6471,3,1,0,2,2,3,2,2,2,4,2,2,14.7,0,53,65
6472,3,0,0,2,3,3,2,2,2,4,1,1,11.9,0,24,36
6473,3,0,0,2,2,3,2,2,2,4,1,1,12.8,0,18,27
6474,3,2,0,2,2,3,2,2,2,2,1,1,7.4,1,36,56
6475,3,1,0,2,2,3,2,2,2,2,1,1,10.1,0,51,63
6476,3,2,0,2,2,3,2,2,2,2,1,1,10.5,1,56,69
6477,3,1,0,2,2,3,2,2,2,4,1,1,8.3,0,44,60
6478,3,1,0,2,2,3,2,2,2,1,2,1,10.4,0,34,39
6479,3,0,0,2,2,3,2,2,2,4,1,1,16.9,0,21,23
6480,3,1,0,2,2,3,2,2,2,4,1,1,12.6,0,50,66
6481,3,2,0,2,3,3,2,2,2,4,1,1,16.5,1,47,54
6482,3,0,0,2,2,3,3,2,2,1,2,1,8.1,0,43,51
6483,3,0,0,2,2,3,2,2,2,1,2,1,9.3,0,16,22
6484,3,1,0,2,2,3,2,2,1,4,1,1,10.9,0,27,40
6485,3,2,0,2,2,3,3,2,2,4,1,1,12.1,1,31,45
6486,3,1,0,2,3,3,2,2,2,4,1,1,12.6,0,38,47
6487,3,1,0,2,2,3,2,2,2,4,1,1,12.0,0,27,40
6488,3,2,0,3,2,3,2,2,2,4,1,1,12.4,1,13,21
6489,3,1,0,2,2,3,2,2,2,4,1,1,13.3,0,26,45
6490,3,1,0,2,2,3,3,2,2,2,1,1,6.1,0,33,39
6491,3,1,0,3,2,3,2,2,1,2,1,1,12.1,0,42,54
6492,3,1,0,3,2,3,2,2,1,4,1,1,12.4,0,37,51
6493,3,1,0,2,2,3,2,2,2,1,2,2,14.3,0,32,50
6494,3,1,0,3,2,3,2,3,2,4,1,1,12.7,0,37,57
6495,3,1,0,2,2,3,3,2,2,4,2,2,22.6,0,34,43
6496,3,2,0,3,2,3,2,2,2,4,1,1,7.4,1,34,52
6497,3,1,0,2,2,3,2,2,2,4,1,1,7.4,0,20,31
6498,3,2,0,2,2,3,2,3,2,1,2,1,6.1,1,35,49
6499,3,1,0,3,2,3,2,2,2,2,1,1,8.9,0,44,65
6500,3,2,0,2,2,3,3,2,2,4,1,1,9.0,1,48,62
6501,3,1,0,2,2,3,3,2,2,4,1,1,12.6,0,22,38
6502,3,1,0,2,2,3,2,3,2,2,1,1,9.4,0,38,46
6503,3,0,0,2,2,3,3,2,2,4,1,1,9.5,0,30,45
6504,3,2,0,2,2,3,2,3,2,4,2,2,18.1,1,59,77
6505,3,1,0,2,2,3,2,2,1,4,1,1,15.7,0,43,58
6506,3,0,0,2,2,3,2,2,2,4,1,1,14.7,0,42,53
6507,3,2,0,2,2,3,2,2,1,4,1,1,12.7,1,26,42
6508,3,1,0,2,2,3,2,2,2,2,1,1,6.4,0,32,41
6509,3,2,0,2,2,2,2,2,2,4,1,1,12.0,1,78,95
6510,3,1,0,2,2,3,2,2,2,4,1,1,10.9,0,24,35
6511,3,1,0,2,2,3,2,2,1,2,1,1,10.8,0,44,60
6512,3,1,0,2,2,3,2,2,2,4,1,1,17.7,0,26,32
6513,3,1,0,2,2,3,2,2,2,2,1,1,11.0,0,57,67
6514,3,0,0,2,2,3,2,2,2,4,1,1,14.3,0,29,43
6515,3,1,0,2,3,3,2,2,2,4,1,1,14.8,0,28,43
6516,3,0,0,3,2,3,3,2,2,2,2,1,7.1,0,37,51
6517,3,1,0,2,2,3,2,3,2,4,1,1,9.0,0,18,31
6518,3,2,0,2,2,3,2,2,2,1,2,1,14.4,1,28,43
6519,3,0,0,2,2,3,2,2,2,1,2,1,8.9,0,42,45
6520,3,1,0,2,2,3,2,2,2,4,1,1,7.1,0,38,62
6521,3,1,0,3,2,3,2,2,2,1,2,1,8.9,0,27,36
6522,3,0,0,2,2,3,2,2,2,4,1,1,11.8,0,59,75
6523,3,1,0,2,2,3,2,2,1,1,2,1,4.6,0,17,23
6524,3,0,0,2,2,3,2,2,2,2,1,1,8.5,0,24,35
6525,3,1,0,2,2,3,2,2,2,4,1,1,9.1,0,21,34
6526,3,2,0,2,2,3,2,2,2,1,2,1,7.8,1,17,21
6527,3,2,0,2,2,3,2,2,2,4,1,1,14.7,1,24,31
6528,3,2,0,3,2,3,2,2,2,4,1,1,11.4,1,46,67
6529,3,0,0,2,3,3,2,2,2,4,1,1,9.2,0,37,51
6530,3,2,0,2,2,3,3,2,2,4,1,1,14.1,1,38,60
6531,3,1,0,2,2,3,2,2,2,1,2,1,9.5,0,37,49
6532,3,0,0,2,2,3,2,2,2,2,1,1,8.5,0,39,45
6533,3,0,0,2,2,3,2,2,2,2,1,1,7.0,0,27,30
6534,3,2,0,2,2,3,2,2,1,4,1,1,14.0,1,55,70
6535,3,1,0,2,2,3,2,2,2,2,1,1,8.7,0,67,93
6536,3,2,0,3,2,3,2,2,1,4,1,1,11.8,1,49,83
6537,3,1,0,2,2,3,3,2,2,4,1,1,11.5,0,59,69
6538,3,1,0,2,2,3,2,2,2,4,1,1,10.9,0,37,45
6539,3,1,0,2,2,3,2,2,2,1,2,1,7.7,0,23,40
6540,3,1,0,2,2,3,2,2,2,4,1,1,12.3,0,42,56
6541,3,2,0,2,2,3,2,2,2,4,1,1,13.4,1,21,34
6542,3,1,0,2,2,3,2,2,2,1,2,1,8.6,0,21,26
6543,3,1,0,2,2,3,2,2,1,2,1,1,8.6,0,49,60
6544,3,1,0,2,2,3,2,2,2,4,1,1,8.4,0,28,43
6545,3,1,0,2,2,3,2,2,2,4,1,1,8.6,0,19,31
6546,3,1,0,2,2,3,2,2,2,2,1,1,7.5,0,25,34
6547,3,0,0,3,2,3,3,2,2,1,2,1,5.9,0,17,28
6548,3,0,0,3,2,3,2,2,2,2,1,1,8.1,0,42,58
6549,3,0,0,2,2,3,2,2,2,4,1,1,14.6,0,36,54
6550,3,1,0,2,2,3,2,2,2,4,1,1,17.6,0,21,33
6551,3,0,0,2,2,3,2,2,2,4,1,1,10.0,0,14,20
6552,3,1,0,2,2,3,2,2,2,1,2,1,11.0,0,30,38
6553,3,0,0,2,2,3,2,2,2,2,1,1,10.0,0,28,37
6554,3,2,0,2,2,3,2,2,2,4,1,1,10.5,1,30,47
6555,3,1,0,2,2,3,2,2,2,4,1,1,11.0,0,33,46
6556,3,0,0,2,2,3,2,2,2,4,2,2,19.5,0,27,38
6557,3,2,0,2,2,3,2,2,2,2,1,1,10.9,1,23,41
6558,3,0,0,2,2,3,3,3,2,4,1,1,11.6,0,33,50
6559,3,1,0,3,2,3,2,2,2,1,2,1,9.0,0,47,65
6560,3,0,0,2,2,3,2,2,2,4,1,1,15.6,0,23,28
6561,3,2,0,2,2,3,2,2,2,2,2,1,6.6,1,34,50
6562,3,0,0,2,2,3,2,2,2,4,1,1,10.3,0,24,35
6563,3,0,0,3,2,3,3,3,2,4,1,1,10.6,0,41,49
6564,3,0,0,2,2,3,3,2,2,4,1,1,15.5,0,38,60
6565,3,1,0,2,2,3,2,2,2,2,1,1,9.7,0,67,88
6566,3,2,0,2,3,3,2,3,2,4,1,1,13.0,1,26,36
6567,3,0,0,3,2,3,2,2,2,1,2,1,4.7,0,19,22
6568,3,1,0,2,2,3,2,2,1,2,2,1,8.3,0,44,58
6569,3,2,0,2,2,3,2,2,2,4,2,2,14.6,1,30,49
6570,3,0,0,2,2,3,2,2,1,2,1,1,8.1,0,34,45
6571,3,1,0,2,2,3,2,2,2,2,1,1,11.4,0,37,52
6572,3,1,0,2,2,3,2,2,2,4,1,1,9.9,0,24,33
6573,3,0,0,2,2,3,2,2,2,4,1,1,11.5,0,27,43
6574,3,1,0,2,2,3,3,2,2,4,1,1,12.3,0,48,57
6575,3,1,0,3,3,3,2,2,2,1,2,1,6.8,0,25,36
6576,3,2,0,2,2,3,2,2,2,4,1,1,8.7,1,18,26
6577,3,2,0,2,2,3,2,2,1,1,2,1,5.7,1,40,51
6578,3,2,0,2,2,3,2,2,2,1,2,1,11.9,1,31,37
6579,3,1,0,2,2,3,2,2,2,4,1,1,19.4,0,25,29
6580,3,1,0,2,2,3,2,2,2,4,1,1,9.1,0,21,31
6581,3,2,0,2,3,3,2,2,2,4,1,1,14.0,1,37,65
6582,3,0,0,2,3,3,3,2,2,2,1,1,8.5,0,27,40
6583,3,1,0,2,2,3,2,2,2,2,2,1,7.8,0,53,72
6584,3,1,0,3,2,3,2,2,2,4,1,1,17.6,0,39,51
6585,3,0,0,2,2,3,2,2,2,4,1,1,16.9,0,24,27
6586,3,1,0,2,2,3,2,2,2,4,1,1,15.1,0,17,22
6587,3,1,0,2,2,3,2,2,1,2,1,1,10.5,0,31,48
6588,3,0,0,3,2,3,2,2,2,1,2,1,4.7,0,19,22
6589,3,1,0,2,2,3,2,2,2,4,1,1,9.5,0,36,53
6590,3,1,0,2,2,3,2,2,2,4,1,1,13.4,0,28,43
6591,3,1,0,2,2,3,2,2,2,4,1,1,13.2,0,37,46
6592,3,1,0,2,2,3,2,2,2,4,1,1,12.0,0,14,24
6593,3,1,0,2,2,3,2,2,2,4,1,1,13.0,0,44,55
6594,3,1,0,2,2,3,2,2,2,4,1,1,8.6,0,43,60
6595,3,1,0,2,2,3,2,2,2,4,1,1,11.8,0,53,65
6596,3,1,0,3,2,3,2,2,2,4,1,1,13.3,0,33,46
6597,3,2,0,2,2,3,2,2,2,4,1,1,10.7,1,37,56
6598,3,2,0,2,2,3,2,2,1,4,1,1,11.1,1,61,85
6599,3,1,0,2,2,3,3,2,2,4,1,1,10.4,0,68,91
6600,3,1,0,2,2,3,2,2,2,2,1,1,8.3,0,40,55
6601,3,1,0,2,2,3,2,2,2,4,1,1,8.4,0,20,35
6602,3,1,0,2,2,3,2,2,2,4,1,1,13.1,0,14,27
6603,3,1,0,2,2,3,3,2,2,4,1,1,11.2,0,40,49
6604,3,1,0,2,2,3,2,2,2,2,2,1,8.2,0,46,62
6605,3,1,0,2,2,3,2,3,2,4,1,1,14.0,0,63,79
6606,3,1,0,2,2,3,2,2,2,4,2,2,11.0,0,31,43
6607,3,1,0,2,2,3,2,2,2,4,1,1,12.5,0,30,35
6608,3,0,0,2,3,3,2,2,2,1,3,1,8.7,0,58,72
6609,3,1,0,2,2,3,2,2,2,4,1,1,12.1,0,19,30
6610,3,1,0,2,2,3,2,2,2,4,1,1,11.0,0,55,70
6611,3,2,0,2,3,3,2,2,2,4,1,1,13.2,1,49,63
6612,3,1,0,2,2,3,2,2,2,2,1,1,10.6,0,39,54
6613,3,1,0,2,2,3,2,2,2,4,1,1,11.9,0,49,63
6614,3,0,0,2,2,3,2,2,2,4,1,1,10.0,0,36,47
6615,3,2,0,2,3,3,2,2,2,4,1,1,13.1,1,27,43
6616,3,1,0,2,2,3,2,2,2,2,1,1,11.4,0,45,57
6617,3,1,0,2,2,3,2,2,2,4,1,1,14.4,0,35,45
6618,3,1,0,2,2,3,2,2,2,2,1,1,8.8,0,39,56
6619,3,1,0,2,2,2,2,2,2,4,1,1,18.0,0,66,87
6620,3,1,0,2,2,3,2,2,2,4,1,1,14.7,0,33,42
6621,3,0,0,2,2,3,2,2,2,4,1,1,8.5,0,6,11
6622,3,1,0,2,2,3,2,3,1,1,2,1,8.2,0,24,36
6623,3,0,0,2,2,3,3,2,2,4,1,1,12.3,0,32,38
6624,3,1,0,2,2,3,2,2,2,4,1,1,12.9,0,34,46
6625,3,1,0,2,2,3,2,2,2,4,2,2,13.4,0,40,55
6626,3,1,0,3,2,3,2,2,2,4,1,1,12.9,0,29,42
6627,3,0,0,2,2,3,2,2,2,4,1,1,16.9,0,21,23
6628,3,1,0,2,2,3,2,2,2,1,2,1,4.3,0,20,24
6629,3,2,0,2,2,3,2,2,2,2,1,1,8.0,1,39,58
6630,3,1,0,2,2,3,2,2,2,4,2,2,24.5,0,30,45
6631,3,0,0,2,2,3,2,2,2,2,1,1,11.8,0,55,71
6632,3,1,0,2,2,3,2,2,2,4,1,1,9.8,0,40,47
6633,3,2,0,2,2,3,2,2,2,4,1,1,13.0,1,52,73
6634,3,1,0,2,2,3,2,2,2,4,1,1,19.3,0,25,32
6635,3,0,0,2,2,3,2,2,2,2,1,1,8.5,0,31,53
6636,3,0,0,3,2,3,2,2,2,2,1,1,11.2,0,50,68
6637,3,1,0,2,2,3,2,2,2,4,1,1,9.4,0,28,38
6638,3,1,0,2,2,3,2,2,2,4,1,1,7.9,0,14,22
6639,3,0,0,2,3,3,2,2,2,4,1,1,10.7,0,62,83
6640,3,1,0,2,2,3,2,3,2,4,1,1,14.5,0,42,61
6641,3,2,0,3,2,3,2,2,2,2,2,1,5.1,1,48,67
6642,3,0,0,2,2,3,2,2,2,4,1,1,13.2,0,33,39
6643,3,1,0,3,2,3,2,2,1,1,2,1,10.1,0,23,33
6644,3,2,0,2,2,3,3,2,2,2,1,1,10.2,1,43,71
6645,3,0,0,2,2,3,2,2,2,4,1,1,14.8,0,54,87
6646,3,1,0,2,2,3,2,2,2,1,2,1,5.3,0,56,68
6647,3,1,0,2,2,3,2,2,2,2,1,1,10.5,0,40,63
6648,3,1,0,2,2,3,2,2,2,2,1,1,8.0,0,38,50
6649,3,2,0,3,3,3,2,2,2,4,2,2,21.2,1,23,43
6650,3,1,0,2,2,3,2,2,2,2,2,1,10.8,0,39,57
6651,3,2,0,2,3,3,3,2,2,4,1,1,13.0,1,42,52
6652,3,1,0,2,2,3,2,2,2,2,1,1,8.2,0,34,43
6653,3,1,0,3,2,3,2,2,2,2,1,1,12.3,0,44,66
6654,3,0,0,2,2,3,2,2,2,4,1,1,11.1,0,33,48
6655,3,1,0,2,2,3,2,2,2,4,2,2,20.5,0,33,41
6656,3,1,0,2,2,3,2,2,2,4,1,1,17.7,0,26,32
6657,3,2,0,2,2,3,2,2,2,4,2,2,29.7,1,32,56
6658,3,1,0,2,2,3,2,2,2,4,1,1,16.3,0,36,60
6659,3,1,0,2,2,3,3,2,1,4,1,1,9.4,0,53,76
6660,3,1,0,2,2,3,2,2,2,4,1,1,8.2,0,26,40
6661,3,1,0,2,2,3,3,3,2,2,1,1,7.2,0,26,38
6662,3,1,0,3,2,3,2,2,2,2,1,1,9.0,0,25,36
6663,3,0,0,2,2,3,2,2,2,4,1,1,15.1,0,33,39
6664,3,1,0,2,2,3,2,2,2,4,1,1,20.6,0,23,27
6665,3,1,0,2,2,3,2,2,2,4,1,1,10.1,0,65,82
6666,3,1,0,3,2,3,2,2,1,1,2,1,6.9,0,39,52
6667,3,0,0,2,2,3,2,2,2,2,1,1,9.6,0,50,69
6668,3,1,0,2,2,3,2,3,1,4,2,2,16.8,0,24,38
6669,3,2,0,2,3,3,2,3,1,4,1,1,11.1,1,34,54
6670,3,0,0,2,2,3,2,2,2,4,1,1,11.1,0,45,56
6671,3,1,0,2,2,3,2,2,2,4,1,1,11.5,0,33,44
6672,3,0,0,2,2,3,2,2,2,1,2,1,10.1,0,38,57
6673,3,0,0,3,2,3,2,2,2,1,2,1,3.7,0,24,35
6674,3,2,0,2,2,3,2,2,2,4,2,2,14.0,1,41,53
6675,3,1,0,2,2,3,2,2,2,4,2,2,18.4,0,50,63
6676,3,1,0,2,2,3,2,2,2,4,2,2,24.0,0,29,40
6677,3,2,0,2,2,3,2,2,2,4,1,1,11.3,1,22,32
6678,3,0,0,2,2,3,2,2,2,4,1,1,8.8,0,37,52
6679,3,1,0,2,2,3,2,2,2,4,1,1,14.9,0,13,20
6680,3,2,0,2,3,3,2,2,2,4,1,1,18.2,1,44,64
6681,3,1,0,2,2,3,2,2,2,1,2,1,7.6,0,30,45
6682,3,1,0,2,2,3,2,2,2,4,1,1,17.6,0,27,35
6683,3,1,0,2,2,3,2,2,2,4,1,1,8.6,0,19,25
6684,3,2,0,2,2,3,2,2,2,4,1,1,8.2,1,48,68
6685,3,1,0,3,2,3,3,2,2,4,1,1,9.5,0,41,50
6686,3,1,0,2,3,3,2,2,1,4,1,1,10.9,0,26,47
6687,3,1,0,2,2,3,3,2,2,4,1,1,10.0,0,51,70
6688,3,0,0,2,2,3,2,2,2,2,1,1,6.3,0,29,40
6689,3,2,0,2,2,3,3,2,2,2,1,1,7.4,1,28,39
6690,3,0,0,2,2,3,3,2,1,4,2,2,30.5,0,52,59
6691,3,1,0,2,2,3,2,2,2,4,1,1,14.2,0,52,70
6692,3,1,0,2,2,2,2,2,2,4,1,1,8.2,0,46,57
6693,3,0,0,2,2,3,2,2,2,4,1,1,12.2,0,35,46
6694,3,1,0,2,2,3,2,2,2,4,1,1,8.4,0,33,50
6695,3,2,0,2,2,3,2,2,2,4,1,1,14.2,1,48,63
6696,3,1,0,2,2,3,2,2,2,2,2,1,12.0,0,44,62
6697,3,2,0,2,2,3,2,2,2,1,2,1,5.4,1,31,46
6698,3,0,0,2,2,3,2,2,2,4,1,1,7.9,0,18,26
6699,3,2,0,2,2,3,2,2,2,2,1,1,10.7,1,41,64
6700,3,0,0,2,2,3,3,2,2,4,1,1,9.7,0,49,63
6701,3,1,0,2,2,3,2,2,2,4,1,1,10.6,0,32,49
6702,3,1,0,2,2,3,2,2,2,4,1,1,11.2,0,25,38
6703,3,1,0,2,2,3,2,2,2,4,1,1,11.6,0,65,84
6704,3,1,0,2,2,3,2,2,1,1,2,1,8.9,0,38,53
6705,3,1,0,2,3,3,2,2,2,1,2,1,7.7,0,39,51
6706,3,1,0,2,2,3,2,2,2,2,1,1,5.8,0,24,31
6707,3,1,0,2,2,3,3,2,2,4,1,1,12.0,0,29,38
6708,3,1,0,2,2,3,2,2,2,1,2,1,11.3,0,19,24
6709,3,1,0,2,2,3,2,2,2,4,1,1,11.1,0,53,72
6710,3,1,0,2,2,3,2,2,1,4,1,1,11.6,0,43,68
6711,3,2,0,2,2,3,3,2,2,4,1,1,17.2,1,43,63
6712,3,2,0,2,2,3,2,2,2,4,1,1,8.5,1,32,46
6713,3,1,0,2,3,3,2,2,2,2,2,1,6.5,0,40,51
6714,3,0,0,2,2,3,2,2,2,2,1,1,11.7,0,40,45
6715,3,0,0,2,2,3,2,2,2,4,2,2,20.9,0,24,42
6716,3,2,0,3,3,3,2,2,1,4,1,1,11.1,1,33,51
6717,3,2,0,2,2,3,2,2,2,4,1,1,12.2,1,35,52
6718,3,2,0,2,2,3,2,2,2,4,1,1,10.9,1,41,52
6719,3,1,0,2,2,3,2,2,2,1,3,1,9.2,0,41,53
6720,3,1,0,2,3,3,2,2,2,4,1,1,15.0,0,48,58
6721,3,2,0,2,3,3,2,2,2,4,2,2,15.6,1,45,57
6722,3,2,0,2,2,3,2,2,2,1,2,1,8.0,1,23,42
6723,3,0,0,2,2,3,2,2,2,1,2,2,11.3,0,24,44
6724,3,0,0,2,2,3,2,2,2,4,2,2,13.5,0,42,56
6725,3,1,0,2,3,3,2,2,2,4,1,1,10.1,0,29,44
6726,3,1,0,2,2,3,2,2,2,2,1,1,10.7,0,34,48
6727,3,1,0,2,2,3,2,2,2,1,2,1,8.6,0,51,72
6728,3,2,0,2,2,3,2,2,2,4,1,1,17.5,1,35,63
6729,3,2,0,2,2,3,2,2,2,1,2,1,7.3,1,21,36
6730,3,1,0,2,2,3,2,2,2,4,1,1,18.2,0,24,27
6731,3,0,0,2,2,3,2,2,1,2,1,1,8.7,0,40,54
6732,3,2,0,2,2,3,2,2,1,4,2,2,24.5,1,32,49
6733,3,2,0,2,2,3,2,2,2,2,1,1,12.2,1,30,47
6734,3,2,0,2,3,3,3,2,2,2,2,1,9.3,1,60,70
6735,3,0,0,2,2,3,2,2,2,4,1,1,12.9,0,39,53
6736,3,0,0,2,2,3,2,2,2,4,1,1,18.9,0,20,30
6737,3,1,0,2,2,3,2,2,2,4,2,2,18.3,0,22,37
6738,3,0,0,2,2,3,2,2,2,4,1,1,12.6,0,61,80
6739,3,1,0,2,2,3,2,2,2,4,1,1,11.5,0,39,50
6740,3,1,0,3,2,3,2,2,2,4,1,1,13.9,0,37,43
6741,3,1,0,2,2,3,2,2,2,4,1,1,11.5,0,21,29
6742,3,1,0,2,2,3,2,2,2,4,1,1,10.6,0,39,55
6743,3,0,0,2,2,3,2,2,2,4,1,1,11.3,0,55,65
6744,3,1,0,2,3,3,3,2,1,2,1,1,10.7,0,25,40
6745,3,0,0,2,2,3,2,2,2,4,1,1,10.6,0,39,45
6746,3,1,0,2,2,3,2,2,2,4,1,1,11.9,0,38,45
6747,3,1,0,2,2,3,2,2,2,2,1,1,9.7,0,28,38
6748,3,1,0,2,2,3,2,2,2,1,2,1,9.0,0,18,30
6749,3,1,0,2,2,3,2,2,2,1,3,1,7.6,0,47,53
6750,3,1,0,2,2,3,2,2,2,2,1,1,9.2,0,35,49
6751,3,0,0,2,2,3,2,2,2,1,3,1,7.2,0,35,46
6752,3,2,0,2,2,3,3,2,2,4,1,1,13.9,0,33,45
6753,3,1,0,2,2,3,2,2,1,2,1,1,10.0,0,51,71
6754,3,1,0,2,2,3,3,2,2,4,1,1,10.4,0,26,33
6755,3,2,0,2,2,3,2,2,2,4,1,1,14.0,1,53,78
6756,3,0,0,2,2,3,2,2,2,4,1,1,12.6,0,52,63
6757,3,1,0,2,2,3,2,2,2,4,1,1,12.6,0,27,40
6758,3,1,0,2,2,3,3,2,2,2,1,1,5.9,0,18,28
6759,3,1,0,2,2,3,2,2,2,4,1,1,10.7,0,31,54
6760,3,1,0,2,2,3,2,2,2,4,1,1,10.4,0,57,72
6761,3,2,0,2,2,3,3,2,2,4,1,1,11.6,1,37,50
6762,3,1,0,2,2,2,2,2,2,4,2,2,21.2,0,25,36
6763,3,1,0,2,2,2,2,2,2,4,2,2,14.0,0,51,63
6764,3,0,0,2,2,3,2,2,2,4,1,1,8.8,0,35,46
6765,3,1,0,3,2,3,2,3,2,1,2,1,7.2,0,60,84
6766,3,2,0,2,2,3,2,2,2,2,1,1,9.2,1,23,35
6767,3,0,0,2,2,3,2,2,2,2,1,1,10.6,0,33,42
6768,3,0,0,2,3,3,2,2,2,4,1,1,15.0,0,37,58
6769,3,2,0,2,2,3,2,2,2,4,1,1,12.6,1,27,31
6770,3,1,0,2,2,3,2,2,2,2,1,1,9.9,0,40,61
6771,3,1,0,2,2,3,2,2,2,2,1,1,11.4,0,35,49
6772,3,0,0,2,2,3,2,2,2,4,1,1,12.0,0,38,46
6773,3,1,0,2,2,3,2,2,2,2,1,1,9.2,0,44,54
6774,3,2,0,2,2,3,2,2,2,1,2,1,9.1,1,29,47
6775,3,1,0,2,2,3,3,2,1,2,1,1,10.4,0,45,56
6776,3,2,0,2,2,3,2,2,2,4,1,1,12.4,1,27,40
6777,3,1,0,2,2,3,2,2,2,2,1,1,9.7,0,33,54
6778,3,0,0,2,2,3,2,2,1,4,1,1,12.9,0,38,48
6779,3,1,0,2,2,3,2,2,2,2,1,1,10.4,0,44,63
6780,3,1,0,2,2,3,2,2,2,2,2,1,6.4,0,35,52
6781,3,0,0,2,2,3,2,2,2,4,1,1,10.8,0,19,23
6782,3,0,0,2,2,3,2,2,2,4,1,1,10.0,0,22,28
6783,3,1,0,2,3,3,2,2,2,4,2,2,20.1,0,33,43
6784,3,2,0,3,2,3,2,2,2,4,2,2,13.9,1,39,63
6785,3,2,0,3,2,3,2,2,2,4,1,1,14.0,1,17,29
6786,3,0,0,2,2,3,2,2,2,4,1,1,13.9,0,35,47
6787,3,2,0,3,2,3,2,2,2,2,1,1,8.6,1,40,52
6788,3,1,0,2,2,3,2,2,2,4,1,1,11.6,0,29,37
6789,3,1,0,2,2,3,2,2,2,4,1,1,13.3,0,40,51
6790,3,0,0,2,2,3,2,2,2,4,1,1,12.1,0,17,30
6791,3,1,0,2,2,3,2,2,1,2,2,1,7.2,0,47,76
6792,3,0,0,2,2,3,2,2,2,2,1,1,10.6,0,38,60
6793,3,1,0,2,2,3,2,2,2,1,2,1,5.6,0,25,42
6794,3,1,0,2,2,3,2,2,2,4,2,2,26.3,0,34,48
6795,3,0,0,2,2,3,2,2,2,4,1,1,11.3,0,12,14
6796,3,2,0,3,2,3,2,2,2,4,2,2,20.6,1,26,37
6797,3,1,0,2,2,3,2,2,2,1,2,1,8.2,0,41,55
6798,3,1,0,2,2,3,2,2,2,4,1,1,9.1,0,18,35
6799,3,0,0,2,3,3,2,2,2,2,1,1,8.1,0,33,51
6800,3,1,0,2,2,3,2,2,2,4,1,1,7.8,0,60,83
6801,3,1,0,2,2,3,2,2,2,4,2,2,21.4,0,54,75
6802,3,1,0,2,2,3,2,2,2,4,1,1,9.7,0,26,49
6803,3,2,0,2,2,3,2,3,2,4,1,1,9.8,1,34,54
6804,3,0,0,2,2,3,2,2,2,4,1,1,12.1,0,37,52
6805,3,0,0,2,2,3,2,2,2,4,1,1,9.6,0,12,19
6806,3,1,0,2,2,3,2,2,2,2,1,1,10.8,0,44,54
6807,3,0,0,2,2,3,2,2,2,2,1,1,6.9,0,39,57
6808,3,1,0,2,2,3,2,2,2,1,2,1,8.9,0,22,34
