essay_id,set,score,org_score,pos_adjadv,pos_noun,pos_pronoun,pos_verb,pos_other,pos_nums,complex_short,complex_medium,complex_long,vocab_level,pred_score
24576,9,1,1,2,2,3,2,2,2,0.0,0.0,1.0,17.0,0
24577,9,2,1,2,2,3,3,2,1,0.0,1.0,0.0,15.6,1
24578,9,2,1,2,2,3,2,2,2,0.0,0.0,1.0,80.2,1
24579,9,2,1,2,2,3,2,2,2,0.0,0.0,1.0,23.8,1
24580,9,1,1,2,2,3,2,2,2,0.0,1.0,0.0,10.6,0
24581,9,0,1,2,2,3,2,2,2,0.0,1.0,0.0,7.8,0
24582,9,2,1,3,2,2,2,3,2,0.0,0.0,1.0,48.8,1
24583,9,0,1,2,2,3,2,2,2,0.0,1.0,0.0,4.3,0
24584,9,0,1,2,2,3,2,2,2,0.0,1.0,0.0,6.1,0
24585,9,2,1,2,2,3,2,2,2,0.0,0.0,1.0,33.5,1
24586,9,0,1,2,2,3,2,2,2,0.0,1.0,0.0,12.9,0
24587,9,2,1,2,2,3,2,2,2,0.0,0.0,1.0,27.7,1
24588,9,1,1,2,2,3,2,2,2,0.0,1.0,0.0,11.6,0
24589,9,2,1,2,2,3,2,2,2,0.0,0.0,1.0,61.0,1
24590,9,1,1,2,2,3,2,2,2,0.0,1.0,0.0,11.3,0
24591,9,1,1,2,2,3,2,2,2,0.0,0.0,1.0,32.6,0
24592,9,2,1,2,3,3,2,2,2,0.0,0.0,1.0,34.0,1
24593,9,2,1,2,2,3,2,3,2,0.0,0.0,1.0,35.5,1
24594,9,2,1,2,2,3,2,2,2,0.0,1.0,0.0,10.4,1
24595,9,1,1,2,2,3,2,2,2,0.0,0.0,1.0,27.9,0
24596,9,2,1,2,2,3,2,2,2,0.0,0.0,1.0,49.6,1
24597,9,1,1,2,2,3,2,2,2,0.0,0.0,1.0,20.5,0
24598,9,1,1,2,2,3,3,2,2,0.0,0.0,1.0,49.6,0
24599,9,1,1,2,2,3,2,2,2,1.0,0.0,0.0,3.1,0
24600,9,0,1,2,2,3,2,2,2,0.0,1.0,0.0,5.1,0
24601,9,1,1,3,2,3,2,2,2,0.0,0.0,1.0,13.5,0
24602,9,1,1,2,2,3,3,2,2,0.0,0.0,1.0,55.2,0
24603,9,1,1,2,2,3,2,2,2,0.0,0.0,1.0,21.4,0
24604,9,2,1,2,2,3,2,2,2,0.0,0.0,1.0,20.8,1
24605,9,2,1,2,2,3,2,2,2,0.0,0.0,1.0,35.4,1
24606,9,0,1,2,2,3,2,2,2,0.0,1.0,0.0,5.7,0
24607,9,2,1,2,2,3,3,2,2,0.0,0.0,1.0,23.7,1
24608,9,1,1,2,2,3,2,2,2,0.0,0.0,1.0,19.0,0
24609,9,2,1,2,2,3,2,2,2,0.0,0.0,1.0,31.1,1
24610,9,1,1,2,2,3,2,2,2,1.0,0.0,0.0,6.1,0
24611,9,1,1,3,2,3,2,2,2,0.0,1.0,0.0,13.8,0
24612,9,1,1,2,2,3,2,2,2,0.0,1.0,0.0,12.3,0
24613,9,1,1,2,2,3,2,2,2,0.0,1.0,0.0,13.8,0
24614,9,1,1,3,2,3,2,2,2,0.0,1.0,0.0,11.1,0
24615,9,2,1,2,2,3,2,2,2,0.0,0.0,1.0,65.8,1
24616,9,1,1,2,3,3,3,2,2,0.0,0.0,1.0,44.9,0
24617,9,1,1,2,2,3,2,2,2,0.0,0.0,1.0,28.2,0
24618,9,1,1,2,2,3,2,2,2,0.0,0.0,1.0,28.5,0
24619,9,2,1,2,2,3,2,2,2,0.0,0.0,1.0,31.9,1
24620,9,0,1,2,2,3,2,2,2,0.0,1.0,0.0,15.2,0
24621,9,0,1,2,2,3,2,2,2,0.0,0.0,1.0,25.3,0
24622,9,1,1,2,2,3,2,2,2,0.0,1.0,0.0,6.0,0
24623,9,1,1,3,3,3,2,3,2,0.0,0.0,1.0,26.8,0
24624,9,0,1,2,2,3,2,2,2,1.0,0.0,0.0,2.9,0
24625,9,0,1,2,2,3,2,2,2,0.0,1.0,0.0,14.2,0
24626,9,1,1,2,2,3,3,2,2,0.0,0.0,1.0,21.7,0
24627,9,2,1,2,2,3,2,2,1,0.0,0.0,1.0,64.6,1
24628,9,0,1,2,2,3,2,2,2,1.0,0.0,0.0,3.6,0
24629,9,2,1,2,2,3,2,2,2,0.0,1.0,0.0,11.1,1
24630,9,1,1,2,2,3,2,2,2,0.0,0.0,1.0,25.6,0
24631,9,2,1,2,2,3,2,2,2,0.0,1.0,0.0,16.0,1
24632,9,2,1,2,2,3,2,2,2,0.0,0.0,1.0,22.6,1
24633,9,1,1,2,2,3,2,2,2,0.0,0.0,1.0,20.6,0
24634,9,2,1,2,2,3,2,2,2,0.0,0.0,1.0,30.8,1
24635,9,1,1,2,2,3,2,2,2,0.0,1.0,0.0,9.0,0
24636,9,2,1,2,2,3,2,2,2,0.0,0.0,1.0,33.4,1
24637,9,1,1,2,2,3,2,2,2,0.0,0.0,1.0,21.3,0
24638,9,0,1,2,2,3,2,2,2,0.0,1.0,0.0,9.8,0
24639,9,1,1,2,2,3,2,2,2,0.0,0.0,1.0,9.3,0
24640,9,1,1,2,2,3,2,2,2,0.0,1.0,0.0,12.7,0
24641,9,1,1,2,2,3,2,2,2,0.0,1.0,0.0,11.0,0
24642,9,1,1,2,2,3,2,2,2,1.0,0.0,0.0,2.4,0
24643,9,1,1,2,2,3,2,2,2,0.0,0.0,1.0,51.6,0
24644,9,2,1,2,2,3,2,2,2,0.0,0.0,1.0,29.3,1
24645,9,0,1,2,2,3,2,2,2,1.0,0.0,0.0,8.2,0
24646,9,1,1,2,2,3,2,3,2,0.0,1.0,0.0,18.5,0
24647,9,1,1,2,2,2,3,2,2,0.0,0.0,1.0,49.8,0
24648,9,1,1,2,2,3,2,2,2,0.0,1.0,0.0,6.6,0
24649,9,2,1,2,2,3,2,2,2,0.0,0.0,1.0,18.6,1
24650,9,2,1,3,2,3,2,2,2,0.0,0.0,1.0,25.1,1
24651,9,2,1,3,2,3,2,2,2,0.0,0.0,1.0,55.1,1
24652,9,1,1,2,2,3,3,2,2,0.0,0.0,1.0,29.9,0
24653,9,1,1,2,2,3,2,2,2,0.0,0.0,1.0,23.6,0
24654,9,2,1,2,2,3,3,2,2,0.0,0.0,1.0,82.6,1
24655,9,1,1,3,2,3,2,2,2,0.0,1.0,0.0,10.1,0
24656,9,1,1,2,2,3,2,3,2,0.0,0.0,1.0,21.6,0
24657,9,0,1,2,2,3,2,2,2,1.0,0.0,0.0,5.3,0
24658,9,1,1,2,2,3,2,2,2,0.0,1.0,0.0,20.3,0
24659,9,2,1,2,2,3,2,2,2,0.0,0.0,1.0,31.1,1
24660,9,1,1,2,2,3,3,2,2,0.0,0.0,1.0,42.6,0
24661,9,1,1,2,2,3,2,2,2,0.0,0.0,1.0,24.9,0
24662,9,0,1,2,2,3,2,2,2,0.0,0.0,1.0,9.7,0
24663,9,2,1,3,2,3,2,2,2,0.0,0.0,1.0,54.6,1
24664,9,0,1,2,2,3,2,3,2,0.0,1.0,0.0,6.4,0
24665,9,2,1,3,2,3,2,2,2,0.0,0.0,1.0,41.0,1
24666,9,0,1,2,2,3,2,2,2,1.0,0.0,0.0,155.9,0
24667,9,1,1,2,2,2,3,2,2,0.0,0.0,1.0,15.7,0
24668,9,1,1,2,2,3,2,2,2,0.0,0.0,1.0,25.3,0
24669,9,0,1,2,2,3,2,2,2,0.0,0.0,1.0,28.8,0
24670,9,2,1,2,2,3,2,3,2,0.0,0.0,1.0,32.0,1
24671,9,1,1,2,2,3,2,2,1,0.0,0.0,1.0,30.3,0
24672,9,2,1,2,2,3,2,2,1,0.0,0.0,1.0,46.4,1
24673,9,1,1,3,2,3,2,2,2,0.0,1.0,0.0,6.9,0
24674,9,1,1,2,2,3,2,2,2,0.0,0.0,1.0,19.3,0
24675,9,1,1,2,2,3,2,2,2,0.0,0.0,1.0,19.5,0
24676,9,0,1,2,2,3,2,2,2,0.0,0.0,1.0,34.8,0
24677,9,0,1,2,2,3,2,2,2,0.0,1.0,0.0,4.4,0
24678,9,1,1,2,2,3,2,2,2,0.0,1.0,0.0,8.4,0
24679,9,0,1,2,2,3,2,2,2,1.0,0.0,0.0,8.5,0
24680,9,1,1,2,2,3,2,2,2,0.0,0.0,1.0,28.5,0
24681,9,2,1,2,2,3,2,2,1,0.0,0.0,1.0,34.1,1
24682,9,1,1,2,2,3,2,2,2,0.0,1.0,0.0,15.9,0
24683,9,2,1,2,2,2,2,2,2,0.0,0.0,1.0,49.5,1
24684,9,1,1,2,2,3,2,2,2,0.0,0.0,1.0,25.8,0
24685,9,0,1,2,2,3,2,2,2,0.0,1.0,0.0,7.6,0
24686,9,1,1,2,2,3,2,2,2,0.0,0.0,1.0,32.3,0
24687,9,2,1,2,2,3,2,2,2,0.0,0.0,1.0,54.6,1
24688,9,1,1,3,2,3,2,2,2,0.0,0.0,1.0,32.6,0
24689,9,0,1,2,2,3,2,2,2,0.0,1.0,0.0,2.8,0
24690,9,2,1,2,2,3,2,2,2,0.0,1.0,0.0,8.4,1
24691,9,1,1,2,2,3,2,2,2,0.0,1.0,0.0,8.6,0
24692,9,2,1,2,2,3,2,2,2,0.0,0.0,1.0,64.3,1
24693,9,1,1,2,2,3,2,2,2,0.0,0.0,1.0,20.8,0
24694,9,0,1,2,2,3,2,2,2,0.0,1.0,0.0,9.0,0
24695,9,0,1,2,2,3,2,2,2,0.0,1.0,0.0,13.8,0
24696,9,1,1,2,2,3,2,2,2,0.0,1.0,0.0,16.7,0
24697,9,2,1,2,2,3,2,2,2,0.0,0.0,1.0,37.4,1
24698,9,0,1,2,2,3,2,2,2,0.0,1.0,0.0,10.1,0
24699,9,2,1,2,2,3,2,2,2,0.0,0.0,1.0,31.2,1
24700,9,0,1,2,2,3,2,2,2,0.0,1.0,0.0,11.0,0
24701,9,1,1,2,2,3,2,2,2,1.0,0.0,0.0,8.5,0
24702,9,2,1,2,2,3,2,2,2,0.0,0.0,1.0,42.0,1
24703,9,1,1,2,2,3,2,2,2,0.0,0.0,1.0,24.7,0
24704,9,2,1,3,2,3,2,3,2,0.0,0.0,1.0,56.1,1
24705,9,2,1,3,2,3,3,3,1,0.0,0.0,1.0,80.2,1
24706,9,0,1,2,2,3,2,2,2,0.0,1.0,0.0,16.5,0
24707,9,1,1,2,2,3,2,3,2,0.0,1.0,0.0,14.6,0
24708,9,1,1,2,2,3,2,2,2,0.0,0.0,1.0,25.1,0
24709,9,1,1,3,2,3,2,2,2,0.0,0.0,1.0,17.9,0
24710,9,2,1,2,2,3,2,2,2,0.0,0.0,1.0,19.6,1
24711,9,0,1,2,2,3,2,2,2,1.0,0.0,0.0,0.9,0
24712,9,1,1,2,2,3,2,2,2,0.0,0.0,1.0,23.4,0
24713,9,1,1,2,2,3,2,2,2,0.0,0.0,1.0,36.4,0
24714,9,1,1,2,2,3,3,2,2,0.0,0.0,1.0,47.5,0
24715,9,2,1,2,2,3,2,2,2,0.0,0.0,1.0,26.1,1
24716,9,2,1,2,2,3,2,3,2,0.0,0.0,1.0,32.5,1
24717,9,1,1,2,2,3,3,2,2,0.0,1.0,0.0,12.4,0
24718,9,2,1,3,2,3,2,3,2,0.0,0.0,1.0,42.9,1
24719,9,1,1,2,2,3,2,2,2,0.0,1.0,0.0,9.8,0
24720,9,2,1,2,2,3,2,2,2,0.0,1.0,0.0,19.8,1
24721,9,1,1,2,2,3,2,2,2,0.0,0.0,1.0,34.6,0
24722,9,2,1,2,2,3,2,2,2,0.0,0.0,1.0,58.7,1
24723,9,1,1,3,2,3,2,2,2,0.0,1.0,0.0,15.9,0
24724,9,2,1,2,3,3,2,2,1,0.0,0.0,1.0,123.3,1
24725,9,1,1,2,2,3,2,2,2,0.0,1.0,0.0,16.9,0
24726,9,2,1,2,2,3,2,2,1,0.0,0.0,1.0,20.5,1
24727,9,1,1,2,2,3,3,2,2,0.0,0.0,1.0,20.5,0
24728,9,2,1,2,2,2,2,2,2,0.0,0.0,1.0,36.1,1
24729,9,2,1,2,2,2,2,2,2,0.0,0.0,1.0,52.0,1
24730,9,1,1,2,2,3,2,2,2,0.0,1.0,0.0,12.1,0
24731,9,1,1,2,2,3,2,2,2,0.0,1.0,0.0,18.1,0
24732,9,1,1,2,2,3,2,2,2,0.0,1.0,0.0,16.1,0
24733,9,0,1,2,2,3,2,2,2,0.0,1.0,0.0,7.2,0
24734,9,2,1,3,2,3,2,2,1,0.0,0.0,1.0,66.6,1
24735,9,1,1,3,2,3,2,2,2,0.0,0.0,1.0,20.9,0
24736,9,1,1,2,2,3,2,2,2,0.0,1.0,0.0,15.7,0
24737,9,2,1,3,2,3,2,3,2,0.0,0.0,1.0,27.3,1
24738,9,2,1,2,2,3,2,3,1,0.0,0.0,1.0,38.6,1
24739,9,1,1,2,2,3,2,2,2,0.0,1.0,0.0,14.9,0
24740,9,0,1,2,2,3,2,3,2,0.0,1.0,0.0,6.5,0
24741,9,0,1,2,2,3,2,2,2,0.0,1.0,0.0,16.1,0
24742,9,2,1,2,2,3,2,2,2,0.0,1.0,0.0,13.5,1
24743,9,2,1,2,2,2,2,2,1,0.0,0.0,1.0,28.5,1
24744,9,0,1,3,2,3,2,2,2,1.0,0.0,0.0,7.1,0
24745,9,1,1,2,2,3,2,2,2,0.0,1.0,0.0,13.0,0
24746,9,0,1,2,2,3,2,2,2,0.0,0.0,1.0,36.8,0
24747,9,1,1,2,2,3,2,3,2,0.0,1.0,0.0,17.6,0
24748,9,0,1,2,2,3,2,2,2,1.0,0.0,0.0,1.8,0
24749,9,2,1,2,2,3,2,2,1,0.0,0.0,1.0,27.8,1
22952,9,1,1,2,2,3,2,2,2,0.0,1.0,0.0,18.3,0
22953,9,0,1,2,2,3,2,2,2,0.0,1.0,0.0,7.1,0
22954,9,0,1,2,2,3,2,2,2,0.0,0.0,1.0,19.2,0
22955,9,2,1,2,2,3,3,2,2,0.0,0.0,1.0,23.9,1
22956,9,1,1,2,2,3,2,3,2,0.0,1.0,0.0,12.8,0
22957,9,2,1,2,2,3,2,2,2,0.0,1.0,0.0,13.4,1
22958,9,1,1,2,2,3,2,2,2,0.0,0.0,1.0,19.5,0
22959,9,2,1,2,2,3,2,2,1,0.0,0.0,1.0,12.9,1
22960,9,0,1,3,2,3,2,2,2,0.0,0.0,1.0,7.0,0
22961,9,2,1,2,2,3,2,2,2,0.0,0.0,1.0,53.5,1
22962,9,2,1,2,2,3,3,2,2,0.0,0.0,1.0,30.3,1
22963,9,1,1,2,2,3,2,2,2,0.0,0.0,1.0,31.1,0
22964,9,1,1,2,2,3,2,2,2,0.0,0.0,1.0,23.6,0
22965,9,0,1,2,2,3,2,2,2,1.0,0.0,0.0,3.2,0
22966,9,1,1,2,2,3,2,2,2,0.0,1.0,0.0,13.2,0
22967,9,2,1,2,2,3,2,2,2,0.0,1.0,0.0,17.9,1
22968,9,2,1,2,2,3,2,3,2,0.0,0.0,1.0,34.5,1
22969,9,2,1,2,2,2,2,2,2,0.0,0.0,1.0,69.9,1
22970,9,2,1,2,2,3,2,2,2,0.0,0.0,1.0,38.9,1
22971,9,2,1,2,2,3,2,2,2,0.0,0.0,1.0,18.9,1
22972,9,2,1,2,3,3,2,2,2,0.0,0.0,1.0,24.8,1
22973,9,0,1,2,2,3,2,2,2,0.0,1.0,0.0,9.9,0
22974,9,2,1,2,2,3,2,2,2,0.0,0.0,1.0,27.9,1
22975,9,1,1,2,2,3,2,2,2,0.0,1.0,0.0,16.5,0
22976,9,1,1,2,2,3,2,2,2,0.0,0.0,1.0,14.9,0
22977,9,1,1,2,2,3,2,2,2,0.0,1.0,0.0,13.8,0
22978,9,1,1,2,2,3,2,2,2,0.0,0.0,1.0,17.6,0
22979,9,1,1,2,2,3,2,2,2,0.0,1.0,0.0,11.1,0
22980,9,2,1,2,2,3,2,2,2,0.0,0.0,1.0,52.1,1
22981,9,2,1,2,2,3,2,2,2,0.0,0.0,1.0,34.7,1
22982,9,1,1,2,2,3,2,3,2,0.0,1.0,0.0,7.4,0
22983,9,1,1,2,2,3,2,2,2,0.0,0.0,1.0,42.4,0
22984,9,1,1,2,2,3,2,2,2,0.0,1.0,0.0,11.9,0
22985,9,2,1,2,2,3,2,2,1,0.0,0.0,1.0,71.4,1
22986,9,2,1,3,2,3,2,2,2,0.0,0.0,1.0,31.5,1
22987,9,2,1,2,2,3,2,2,2,0.0,0.0,1.0,42.4,1
22988,9,1,1,2,2,3,2,3,2,0.0,1.0,0.0,10.4,0
22989,9,2,1,2,2,3,2,3,1,0.0,0.0,1.0,41.6,1
22990,9,2,1,3,2,3,2,2,1,0.0,0.0,1.0,69.3,1
22991,9,0,1,2,2,3,2,2,2,0.0,1.0,0.0,6.6,0
22992,9,1,1,2,2,3,2,2,2,0.0,0.0,1.0,40.9,0
22993,9,1,1,3,2,3,2,2,2,0.0,0.0,1.0,39.0,0
22994,9,1,1,2,2,3,2,2,2,0.0,0.0,1.0,28.7,0
22995,9,1,1,2,2,3,2,2,2,0.0,0.0,1.0,24.8,0
22996,9,1,1,2,2,3,2,2,2,0.0,1.0,0.0,7.6,0
22997,9,0,1,2,2,3,2,2,2,0.0,1.0,0.0,8.9,0
22998,9,2,1,2,2,3,2,2,2,0.0,1.0,0.0,15.6,1
22999,9,2,1,2,2,3,2,2,1,0.0,0.0,1.0,69.2,1
23000,9,2,1,2,2,3,2,2,2,0.0,0.0,1.0,36.6,1
23001,9,1,1,2,3,2,3,2,2,0.0,0.0,1.0,47.4,0
23002,9,2,1,2,2,3,2,2,2,0.0,0.0,1.0,52.7,1
23003,9,0,1,2,2,3,2,2,2,0.0,1.0,0.0,4.0,0
23004,9,0,1,3,2,3,2,2,2,1.0,0.0,0.0,0.9,0
23005,9,2,1,2,2,3,2,3,2,0.0,0.0,1.0,35.1,1
23006,9,1,1,2,2,3,2,2,2,0.0,1.0,0.0,15.9,0
23007,9,1,1,2,2,3,2,2,2,0.0,0.0,1.0,15.6,0
23008,9,1,1,2,2,3,2,2,2,0.0,0.0,1.0,17.6,0
23009,9,0,1,2,2,3,2,2,2,0.0,1.0,0.0,13.7,0
23010,9,1,1,2,2,3,2,2,2,0.0,0.0,1.0,24.8,0
23011,9,0,1,2,3,3,3,2,2,0.0,1.0,0.0,8.0,0
23012,9,1,1,2,2,3,2,2,2,0.0,1.0,0.0,8.7,0
23013,9,2,1,2,3,3,2,2,2,0.0,0.0,1.0,31.5,1
23014,9,1,1,2,2,3,2,2,2,0.0,1.0,0.0,7.9,0
23015,9,0,1,2,2,3,2,2,2,0.0,0.0,1.0,31.7,0
23016,9,2,1,3,2,3,2,2,2,0.0,1.0,0.0,9.4,1
23017,9,1,1,2,2,3,2,2,2,0.0,0.0,1.0,23.4,0
23018,9,2,1,2,2,3,2,2,2,0.0,0.0,1.0,85.1,1
23019,9,0,1,2,2,3,2,2,2,1.0,0.0,0.0,1.2,0
23020,9,2,1,2,2,3,2,2,2,0.0,0.0,1.0,44.4,1
23021,9,1,1,2,2,3,2,2,2,0.0,1.0,0.0,5.0,0
23022,9,0,1,3,2,3,2,2,2,0.0,0.0,1.0,31.4,0
23023,9,1,1,2,2,3,2,2,2,0.0,0.0,1.0,40.3,0
23024,9,1,1,2,2,3,2,2,2,0.0,1.0,0.0,20.1,0
23025,9,1,1,2,2,3,2,2,2,0.0,1.0,0.0,7.6,0
23026,9,2,1,3,2,3,3,2,2,0.0,0.0,1.0,38.7,1
23027,9,1,1,2,2,3,2,2,2,0.0,1.0,0.0,18.5,0
23028,9,1,1,2,2,3,2,2,2,0.0,0.0,1.0,44.1,0
23029,9,2,1,2,2,3,3,2,2,0.0,0.0,1.0,56.4,1
23030,9,0,1,2,2,3,2,2,2,0.0,0.0,1.0,25.8,0
23031,9,0,1,3,2,3,2,2,2,0.0,0.0,1.0,17.9,0
23032,9,1,1,2,2,3,2,2,2,0.0,0.0,1.0,19.7,0
23033,9,1,1,3,2,3,2,2,2,0.0,0.0,1.0,23.7,0
23034,9,1,1,2,2,3,2,2,2,0.0,0.0,1.0,17.4,0
23035,9,1,1,2,2,3,2,2,2,0.0,0.0,1.0,30.6,0
23036,9,1,1,2,2,3,2,2,2,0.0,1.0,0.0,9.3,0
23037,9,2,1,2,2,3,3,2,2,0.0,0.0,1.0,32.1,1
23038,9,2,1,2,2,3,2,2,2,0.0,0.0,1.0,34.6,1
23039,9,2,1,2,2,3,2,3,1,0.0,0.0,1.0,26.0,1
23040,9,2,1,2,2,3,2,2,2,0.0,1.0,0.0,15.4,1
23041,9,0,1,2,2,3,2,2,2,1.0,0.0,0.0,-3.1,0
23042,9,2,1,2,2,3,2,2,2,0.0,0.0,1.0,48.9,1
23043,9,2,1,2,2,3,2,2,2,0.0,0.0,1.0,18.8,1
23044,9,2,1,2,2,3,3,2,2,0.0,0.0,1.0,39.6,1
23045,9,1,1,3,2,2,3,2,1,0.0,0.0,1.0,31.6,0
23046,9,1,1,2,2,3,3,2,2,0.0,0.0,1.0,18.5,0
23047,9,1,1,2,2,3,2,2,2,0.0,1.0,0.0,18.2,0
23048,9,0,1,2,2,3,2,3,2,0.0,1.0,0.0,16.4,0
23049,9,0,1,2,2,3,2,2,2,0.0,0.0,1.0,37.5,0
23050,9,1,1,3,3,3,2,2,2,0.0,1.0,0.0,10.6,0
23051,9,2,1,2,2,3,2,2,2,0.0,0.0,1.0,34.7,1
23052,9,1,1,2,2,3,2,2,1,0.0,0.0,1.0,29.7,0
23053,9,2,1,2,2,3,2,2,2,0.0,0.0,1.0,32.2,1
23054,9,1,1,2,2,3,2,2,2,0.0,1.0,0.0,8.2,0
23055,9,1,1,2,2,3,2,2,2,0.0,0.0,1.0,34.8,0
23056,9,1,1,2,2,3,2,2,2,0.0,0.0,1.0,20.3,0
23057,9,2,1,2,2,3,2,3,2,0.0,0.0,1.0,30.7,1
23058,9,1,1,2,2,3,2,2,2,0.0,1.0,0.0,7.1,0
23059,9,1,1,2,2,3,2,2,2,0.0,0.0,1.0,36.2,0
23060,9,2,1,3,2,3,3,2,2,0.0,0.0,1.0,51.0,1
23061,9,2,1,2,2,3,2,2,2,0.0,0.0,1.0,23.0,1
23062,9,1,1,3,2,3,2,2,2,0.0,0.0,1.0,30.6,0
23063,9,1,1,2,2,3,2,2,2,0.0,1.0,0.0,13.8,0
23064,9,2,1,3,2,3,2,2,2,0.0,0.0,1.0,30.3,1
23065,9,2,1,2,3,3,2,2,1,0.0,0.0,1.0,22.1,1
23066,9,1,1,2,2,3,2,2,2,0.0,1.0,0.0,10.3,0
23067,9,0,1,2,2,3,2,2,2,1.0,0.0,0.0,8.2,0
23068,9,1,1,2,2,3,2,2,2,0.0,0.0,1.0,44.9,0
23069,9,0,1,2,2,3,2,2,2,0.0,0.0,1.0,32.4,0
23070,9,2,1,2,2,2,2,2,2,0.0,0.0,1.0,18.8,1
23071,9,0,1,2,2,3,2,2,2,1.0,0.0,0.0,2.9,0
23072,9,1,1,2,2,3,2,2,2,0.0,1.0,0.0,13.6,0
23073,9,2,1,2,2,2,2,2,2,0.0,0.0,1.0,44.3,1
23074,9,2,1,2,2,3,3,2,2,0.0,0.0,1.0,41.6,1
23075,9,0,1,2,2,3,2,2,2,0.0,0.0,1.0,23.6,0
23076,9,1,1,3,2,3,2,2,2,0.0,0.0,1.0,33.6,0
23077,9,2,1,2,2,3,2,2,2,0.0,0.0,1.0,43.3,1
23078,9,0,1,2,2,3,2,2,2,0.0,1.0,0.0,10.1,0
23079,9,0,1,2,2,3,2,2,2,0.0,1.0,0.0,13.6,0
23080,9,1,1,2,2,3,2,2,2,0.0,1.0,0.0,15.6,0
23081,9,2,1,2,2,3,2,2,2,0.0,1.0,0.0,5.6,1
23082,9,0,1,3,2,3,2,2,2,1.0,0.0,0.0,7.1,0
23083,9,2,1,2,2,2,2,2,2,0.0,0.0,1.0,49.5,1
23084,9,0,1,2,2,3,2,2,2,0.0,1.0,0.0,7.2,0
23085,9,0,1,2,2,3,2,2,2,0.0,0.0,1.0,19.8,0
23086,9,1,1,2,2,3,2,2,2,0.0,1.0,0.0,11.3,0
23087,9,0,1,2,2,3,2,2,2,0.0,0.0,1.0,19.9,0
23088,9,0,1,2,2,3,2,2,2,1.0,0.0,0.0,-2.7,0
23089,9,2,1,3,2,3,3,2,2,0.0,0.0,1.0,33.5,1
23090,9,0,1,2,2,3,2,2,2,0.0,1.0,0.0,6.0,0
23091,9,1,1,3,2,3,2,2,2,0.0,0.0,1.0,18.5,0
23092,9,1,1,2,2,3,2,3,2,1.0,0.0,0.0,3.6,0
23093,9,1,1,2,2,3,2,2,2,0.0,0.0,1.0,11.4,0
23094,9,1,1,2,2,3,2,2,2,0.0,1.0,0.0,13.5,0
23095,9,1,1,2,2,3,3,2,2,0.0,0.0,1.0,19.6,0
23096,9,2,1,2,2,3,2,2,2,0.0,0.0,1.0,26.8,1
23097,9,1,1,2,2,3,2,2,2,0.0,0.0,1.0,24.1,0
23098,9,1,1,2,2,3,2,2,2,0.0,1.0,0.0,1.7,0
23099,9,0,1,2,2,3,2,2,2,0.0,1.0,0.0,9.5,0
23100,9,1,1,3,2,3,2,2,2,0.0,0.0,1.0,17.0,0
23101,9,1,1,2,2,3,2,2,2,0.0,0.0,1.0,25.1,0
23102,9,1,1,2,2,3,2,2,2,0.0,0.0,1.0,30.5,0
23103,9,0,1,2,2,3,2,2,2,0.0,0.0,1.0,31.8,0
23104,9,1,1,2,2,3,2,2,2,0.0,1.0,0.0,10.9,0
23105,9,2,1,2,2,3,2,3,2,0.0,0.0,1.0,41.7,1
23106,9,0,1,2,2,3,2,2,2,0.0,0.0,1.0,84.1,0
23107,9,2,1,2,2,3,2,2,2,0.0,1.0,0.0,7.7,1
23108,9,1,1,2,3,3,2,2,2,0.0,0.0,1.0,35.2,0
23109,9,1,1,2,2,3,2,2,2,0.0,1.0,0.0,11.6,0
23110,9,1,1,2,2,3,2,2,2,0.0,1.0,0.0,13.1,0
23111,9,1,1,3,2,3,2,2,2,0.0,0.0,1.0,25.3,0
23112,9,2,1,2,2,3,2,2,2,0.0,0.0,1.0,39.6,1
23113,9,1,1,3,2,3,2,2,2,0.0,0.0,1.0,18.7,0
23114,9,2,1,2,2,3,2,2,2,0.0,0.0,1.0,44.8,1
23115,9,2,1,2,2,3,2,2,2,0.0,0.0,1.0,18.7,1
23116,9,2,1,2,2,3,2,2,2,0.0,0.0,1.0,22.9,1
23117,9,2,1,3,2,3,2,2,2,0.0,0.0,1.0,43.2,1
23118,9,1,1,3,2,3,2,2,2,0.0,0.0,1.0,34.8,0
23119,9,2,1,2,2,3,2,2,2,0.0,0.0,1.0,77.2,1
23120,9,2,1,2,3,3,2,2,2,0.0,0.0,1.0,25.1,1
23121,9,1,1,2,2,3,2,2,2,0.0,0.0,1.0,32.5,0
23122,9,2,1,2,2,3,2,2,2,0.0,1.0,0.0,12.8,1
23123,9,1,1,2,2,3,2,2,2,0.0,1.0,0.0,19.0,0
23124,9,1,1,2,3,3,2,2,2,0.0,0.0,1.0,22.1,0
23125,9,0,1,2,2,3,2,2,2,0.0,1.0,0.0,11.8,0
23126,9,0,1,2,2,3,2,2,2,0.0,1.0,0.0,7.4,0
23127,9,0,1,2,2,3,2,2,2,0.0,1.0,0.0,4.8,0
23128,9,1,1,2,2,3,3,2,2,0.0,0.0,1.0,17.3,0
23129,9,1,1,2,2,3,2,2,1,0.0,1.0,0.0,17.1,0
23130,9,1,1,2,2,3,2,2,2,1.0,0.0,0.0,7.4,0
23131,9,2,1,2,2,3,2,2,2,0.0,0.0,1.0,44.9,1
23132,9,1,1,2,2,3,3,2,2,0.0,0.0,1.0,29.3,0
23133,9,1,1,2,2,3,2,2,2,0.0,0.0,1.0,31.7,0
23134,9,1,1,2,2,3,3,2,2,0.0,0.0,1.0,43.0,0
23135,9,1,1,2,2,3,2,2,2,0.0,0.0,1.0,41.7,0
23136,9,1,1,2,2,3,2,2,2,0.0,0.0,1.0,36.5,0
23137,9,0,1,2,2,3,2,2,2,0.0,1.0,0.0,10.7,0
23138,9,1,1,2,2,3,2,2,2,0.0,1.0,0.0,6.6,0
23139,9,1,1,2,2,3,2,2,2,0.0,0.0,1.0,19.5,0
23140,9,1,1,2,2,3,2,2,2,0.0,1.0,0.0,9.3,0
23141,9,1,1,2,2,3,2,2,2,0.0,1.0,0.0,18.1,0
23142,9,1,1,2,2,3,2,2,2,0.0,1.0,0.0,10.8,0
23143,9,0,1,2,2,3,2,2,2,0.0,0.0,1.0,23.1,0
23144,9,0,1,2,2,3,2,2,2,0.0,1.0,0.0,18.9,0
23145,9,1,1,2,2,3,2,2,2,0.0,1.0,0.0,18.7,0
23146,9,2,1,2,2,3,3,2,2,0.0,0.0,1.0,36.0,1
23147,9,0,1,3,2,3,2,2,2,1.0,0.0,0.0,6.1,0
23148,9,1,1,2,2,3,2,2,2,0.0,1.0,0.0,13.4,0
23149,9,1,1,3,2,3,3,2,1,0.0,0.0,1.0,58.8,0
23150,9,0,1,2,2,3,2,2,2,0.0,0.0,1.0,23.2,0
23151,9,2,1,2,2,2,2,2,2,0.0,0.0,1.0,37.1,1
23152,9,0,1,2,2,3,2,2,2,0.0,1.0,0.0,10.7,0
23153,9,1,1,2,2,3,2,2,2,0.0,1.0,0.0,8.8,0
23154,9,0,1,2,2,3,2,2,2,0.0,1.0,0.0,18.4,0
23155,9,2,1,2,2,3,2,2,2,0.0,0.0,1.0,79.0,1
23156,9,0,1,2,2,3,2,2,2,0.0,0.0,1.0,24.9,0
23157,9,2,1,2,2,3,3,3,2,0.0,0.0,1.0,63.6,1
23158,9,1,1,2,2,3,2,2,2,0.0,1.0,0.0,9.3,0
23159,9,1,1,3,2,3,2,2,2,0.0,0.0,1.0,22.1,0
23160,9,0,1,2,2,3,2,2,2,0.0,1.0,0.0,20.5,0
23161,9,1,1,2,2,3,2,2,2,1.0,0.0,0.0,11.3,0
23162,9,0,1,2,2,3,2,2,2,0.0,0.0,1.0,19.5,0
23163,9,1,1,2,3,3,2,2,2,0.0,1.0,0.0,11.9,0
23164,9,1,1,2,2,3,2,2,2,0.0,0.0,1.0,22.8,0
23165,9,1,1,2,2,3,2,2,2,0.0,1.0,0.0,18.0,0
23166,9,1,1,2,2,3,2,2,1,0.0,0.0,1.0,25.2,0
23167,9,1,1,2,2,2,2,2,2,0.0,0.0,1.0,27.5,0
23168,9,1,1,2,2,3,2,2,2,0.0,0.0,1.0,18.6,0
23169,9,1,1,2,2,3,2,2,2,0.0,0.0,1.0,20.7,0
23170,9,2,1,3,3,3,2,2,2,0.0,0.0,1.0,43.1,1
23171,9,1,1,2,2,3,2,2,2,0.0,0.0,1.0,57.4,0
23172,9,2,1,2,2,3,2,2,1,0.0,0.0,1.0,48.3,1
23173,9,2,1,2,2,3,2,2,2,0.0,0.0,1.0,27.5,1
23174,9,1,1,2,2,3,2,2,2,0.0,1.0,0.0,13.0,0
23175,9,0,1,2,2,3,2,2,2,0.0,0.0,1.0,31.0,0
23176,9,1,1,2,2,3,2,2,2,0.0,1.0,0.0,17.2,0
23177,9,1,1,2,2,3,2,2,2,0.0,0.0,1.0,21.2,0
23178,9,1,1,2,2,3,2,2,2,0.0,0.0,1.0,23.7,0
23179,9,1,1,2,2,3,2,2,2,0.0,1.0,0.0,16.0,0
23180,9,0,1,2,2,3,2,2,2,0.0,0.0,1.0,21.6,0
23181,9,1,1,2,2,3,3,2,2,0.0,0.0,1.0,42.7,0
23182,9,0,1,2,2,3,2,2,2,0.0,1.0,0.0,13.8,0
23183,9,1,1,2,2,3,2,2,2,0.0,1.0,0.0,11.3,0
23184,9,1,1,2,2,3,2,2,2,0.0,0.0,1.0,18.8,0
23185,9,2,1,2,2,3,2,3,2,0.0,0.0,1.0,63.1,1
23186,9,0,1,2,3,3,2,2,2,0.0,1.0,0.0,10.2,0
23187,9,2,1,2,2,3,2,2,2,0.0,0.0,1.0,19.2,1
23188,9,1,1,3,2,3,2,2,2,0.0,0.0,1.0,39.5,0
23189,9,1,1,2,2,3,3,2,2,0.0,0.0,1.0,18.0,0
23190,9,0,1,2,2,3,2,2,2,0.0,1.0,0.0,5.4,0
23191,9,1,1,2,2,3,2,2,2,0.0,0.0,1.0,23.5,0
23192,9,1,1,2,2,3,2,2,2,1.0,0.0,0.0,15.1,0
23193,9,1,1,2,2,3,2,2,1,0.0,0.0,1.0,20.9,0
23194,9,1,1,2,2,3,2,2,2,0.0,1.0,0.0,11.9,0
23195,9,1,1,3,2,3,2,2,2,0.0,1.0,0.0,10.4,0
23196,9,2,1,2,2,3,2,2,2,0.0,0.0,1.0,43.9,1
23197,9,2,1,2,2,3,2,2,1,0.0,0.0,1.0,84.0,1
23198,9,1,1,2,2,3,2,2,2,0.0,1.0,0.0,12.0,0
23199,9,1,1,2,2,3,2,2,2,0.0,0.0,1.0,43.2,0
23200,9,0,1,2,2,3,2,2,2,1.0,0.0,0.0,-2.9,0
23201,9,0,1,2,2,3,3,2,2,0.0,0.0,1.0,19.5,0
23202,9,2,1,2,2,3,3,2,2,0.0,0.0,1.0,67.4,1
23203,9,2,1,2,2,3,2,2,2,0.0,0.0,1.0,28.6,1
23204,9,0,1,2,2,3,2,2,2,0.0,1.0,0.0,2.1,0
23205,9,0,1,2,2,3,2,2,2,1.0,0.0,0.0,0.9,0
23206,9,2,1,2,2,3,2,2,1,0.0,0.0,1.0,33.0,1
23207,9,1,1,2,2,3,2,2,2,0.0,0.0,1.0,29.3,0
23208,9,2,1,2,2,3,2,2,2,0.0,1.0,0.0,14.3,1
23209,9,0,1,2,2,3,2,2,2,0.0,0.0,1.0,22.4,0
23210,9,2,1,3,2,3,3,3,2,0.5,0.5,0.0,5.9,1
23211,9,1,1,2,2,3,2,2,2,0.0,0.0,1.0,14.0,0
23212,9,0,1,2,2,3,2,2,2,0.0,1.0,0.0,9.3,0
23213,9,1,1,3,2,3,3,2,2,0.0,0.0,1.0,19.7,0
23214,9,1,1,3,2,3,2,2,2,0.0,1.0,0.0,21.7,0
23215,9,0,1,2,2,3,2,2,2,0.0,0.0,1.0,24.3,0
23216,9,1,1,2,2,3,2,2,2,0.0,1.0,0.0,5.7,0
23217,9,2,1,2,2,3,2,2,2,0.0,0.0,1.0,61.5,1
23218,9,1,1,2,2,3,2,2,2,0.0,0.0,1.0,21.8,0
23219,9,1,1,2,2,3,2,2,2,0.0,1.0,0.0,8.4,0
23220,9,2,1,3,2,3,2,2,2,0.0,0.0,1.0,56.5,1
23221,9,0,1,2,2,3,2,2,2,0.0,1.0,0.0,12.5,0
23222,9,0,1,2,2,3,2,2,2,1.0,0.0,0.0,7.4,0
23223,9,2,1,2,2,3,2,2,2,0.0,0.0,1.0,52.6,1
23224,9,0,1,3,2,3,2,2,2,0.0,1.0,0.0,13.7,0
23225,9,2,1,2,2,3,2,2,2,0.0,0.0,1.0,30.1,1
23226,9,1,1,2,2,3,2,2,2,0.0,0.0,1.0,13.6,0
23227,9,2,1,2,2,3,2,2,2,0.0,0.0,1.0,32.1,1
23228,9,1,1,2,2,3,2,2,2,0.0,1.0,0.0,10.3,0
23229,9,0,1,2,2,3,2,2,2,0.0,0.0,1.0,19.1,0
23230,9,0,1,2,2,3,2,2,2,0.0,1.0,0.0,13.1,0
23231,9,0,1,2,2,3,2,2,2,1.0,0.0,0.0,8.1,0
23232,9,2,1,2,2,3,2,3,2,0.0,0.0,1.0,35.4,1
23233,9,2,1,2,2,3,2,2,1,0.0,0.0,1.0,76.6,1
23234,9,1,1,2,2,3,2,2,2,0.0,0.0,1.0,16.6,0
23235,9,2,1,3,2,3,2,2,2,0.0,0.0,1.0,37.9,1
23236,9,2,1,2,2,3,2,2,2,0.0,0.0,1.0,10.4,1
23237,9,2,1,2,2,3,2,3,2,0.0,0.0,1.0,23.9,1
23238,9,2,1,2,2,3,2,2,2,0.0,0.0,1.0,22.1,1
23239,9,1,1,2,2,3,2,2,2,0.0,0.0,1.0,23.3,0
23240,9,2,1,2,2,3,2,2,2,0.0,0.0,1.0,53.9,1
23241,9,0,1,2,2,3,2,2,2,0.0,0.0,1.0,18.7,0
23242,9,0,1,2,2,3,2,2,2,0.0,0.0,1.0,17.1,0
23243,9,2,1,2,2,3,2,2,2,0.0,0.0,1.0,20.3,1
23244,9,1,1,2,2,3,2,2,1,0.0,0.0,1.0,25.3,0
23245,9,2,1,2,2,3,2,2,2,0.0,0.0,1.0,54.0,1
23246,9,0,1,2,2,3,2,2,2,0.0,1.0,0.0,3.8,0
23247,9,0,1,2,2,3,2,2,2,1.0,0.0,0.0,22.0,0
23248,9,1,1,2,2,3,2,2,2,0.0,1.0,0.0,15.3,0
23249,9,1,1,2,2,3,2,2,2,0.0,1.0,0.0,17.4,0
23250,9,2,1,2,3,3,3,2,1,0.0,0.0,1.0,38.5,1
23251,9,2,1,2,2,2,3,2,2,0.0,0.0,1.0,39.3,1
23252,9,2,1,2,2,3,2,3,2,0.0,0.0,1.0,30.4,1
23253,9,2,1,2,2,3,2,2,2,0.0,0.0,1.0,67.8,1
23254,9,2,1,2,3,3,3,2,2,0.0,0.0,1.0,30.6,1
23255,9,2,1,2,2,3,2,2,2,0.0,0.0,1.0,27.1,1
23256,9,2,1,3,2,3,2,2,2,0.0,0.0,1.0,48.9,1
23257,9,0,1,2,2,3,2,2,2,1.0,0.0,0.0,6.1,0
23258,9,2,1,2,2,3,2,3,2,0.0,0.0,1.0,37.3,1
23259,9,2,1,2,2,3,2,2,2,0.0,0.0,1.0,26.8,1
23260,9,1,1,2,2,3,3,2,2,0.0,1.0,0.0,20.6,0
23261,9,2,1,2,2,3,2,2,2,0.0,0.0,1.0,28.8,1
23262,9,2,1,2,2,3,2,2,2,0.0,0.0,1.0,36.7,1
23263,9,1,1,2,2,3,2,2,2,0.0,0.0,1.0,50.8,0
23264,9,0,1,2,2,3,2,2,2,0.0,0.0,1.0,25.7,0
23265,9,2,1,3,2,3,2,2,2,0.0,0.0,1.0,20.9,1
23266,9,2,1,2,2,3,2,2,2,0.0,1.0,0.0,16.5,1
23267,9,2,1,2,3,3,2,2,1,0.0,0.0,1.0,74.6,1
23268,9,0,1,3,2,3,2,2,2,0.0,1.0,0.0,10.4,0
23269,9,0,1,2,2,3,2,2,2,0.0,1.0,0.0,9.0,0
23270,9,1,1,2,2,3,2,2,2,0.0,0.0,1.0,23.6,0
23271,9,1,1,2,2,3,2,2,2,0.0,1.0,0.0,13.9,0
23272,9,2,1,2,2,3,2,2,2,0.0,0.0,1.0,34.6,1
23273,9,1,1,2,2,3,2,2,2,0.0,1.0,0.0,15.2,0
23274,9,1,1,2,2,3,2,2,2,0.0,1.0,0.0,13.8,0
23275,9,1,1,2,2,3,2,2,2,1.0,0.0,0.0,10.3,0
23276,9,1,1,2,2,3,2,2,2,1.0,0.0,0.0,12.0,0
23277,9,1,1,2,2,3,2,2,2,0.0,0.0,1.0,22.7,0
23278,9,2,1,2,2,3,2,2,2,0.0,0.0,1.0,51.7,1
23279,9,2,1,2,2,3,3,2,2,0.0,0.0,1.0,54.5,1
23280,9,1,1,2,2,3,2,2,2,0.0,0.0,1.0,33.6,0
23281,9,1,1,2,2,3,2,2,2,0.0,1.0,0.0,14.0,0
23282,9,1,1,2,2,3,2,2,2,0.0,1.0,0.0,9.1,0
23283,9,0,1,2,2,3,2,2,2,0.0,1.0,0.0,17.6,0
23284,9,0,1,2,2,3,2,2,2,0.0,1.0,0.0,10.6,0
23285,9,2,1,2,2,3,2,2,2,0.0,0.0,1.0,40.6,1
23286,9,0,1,2,2,3,2,2,2,0.0,1.0,0.0,13.6,0
23287,9,2,1,2,2,3,2,2,2,0.0,0.0,1.0,34.9,1
23288,9,2,1,2,2,3,2,2,1,0.0,0.0,1.0,48.6,1
23289,9,1,1,2,3,3,2,2,2,0.0,0.0,1.0,17.6,0
23290,9,1,1,2,2,3,2,2,2,0.0,1.0,0.0,11.4,0
23291,9,0,1,2,2,3,2,2,2,1.0,0.0,0.0,-0.4,0
23292,9,1,1,2,2,3,2,2,2,0.0,0.0,1.0,42.8,0
23293,9,1,1,2,2,3,2,2,2,0.0,1.0,0.0,8.7,0
23294,9,2,1,3,3,3,2,2,2,0.0,0.0,1.0,68.2,1
23295,9,0,1,2,2,3,2,2,2,0.0,0.0,1.0,21.8,0
23296,9,1,1,2,2,3,2,2,2,0.0,0.0,1.0,42.8,0
23297,9,1,1,2,2,3,3,2,2,0.0,0.0,1.0,61.7,0
23298,9,1,1,2,2,3,2,2,2,0.0,1.0,0.0,1.4,0
23299,9,1,1,2,2,3,2,2,2,0.0,0.0,1.0,23.6,0
23300,9,1,1,2,2,3,2,2,2,0.0,1.0,0.0,7.2,0
23301,9,0,1,2,2,3,2,2,2,0.0,1.0,0.0,8.6,0
23302,9,2,1,2,3,3,2,2,2,0.0,0.0,1.0,17.5,1
23303,9,2,1,3,3,3,2,2,1,0.0,0.0,1.0,60.7,1
23304,9,1,1,2,2,3,2,2,2,0.0,0.0,1.0,25.8,0
23305,9,2,1,2,2,2,2,2,2,0.0,0.0,1.0,53.6,1
23306,9,1,1,2,2,3,2,2,2,0.0,1.0,0.0,10.6,0
23307,9,0,1,2,2,3,2,2,2,0.0,1.0,0.0,5.2,0
23308,9,1,1,2,3,3,2,2,2,0.0,1.0,0.0,16.3,0
23309,9,2,1,2,3,3,2,2,2,0.0,0.0,1.0,23.9,1
23310,9,1,1,3,3,3,2,2,1,0.0,0.0,1.0,35.1,0
23311,9,2,1,2,2,3,2,2,2,0.0,0.0,1.0,28.5,1
23312,9,0,1,2,2,3,2,2,2,0.0,0.0,1.0,20.6,0
23313,9,1,1,2,2,3,2,2,2,0.0,1.0,0.0,11.1,0
23314,9,0,1,2,2,3,2,2,2,0.0,0.0,1.0,20.1,0
23315,9,1,1,2,2,3,2,2,2,0.0,0.0,1.0,14.8,0
23316,9,2,1,2,2,3,2,3,2,0.0,0.0,1.0,43.1,1
23317,9,1,1,2,2,3,2,2,2,0.0,0.0,1.0,37.3,0
23318,9,0,1,2,2,3,2,2,2,0.0,1.0,0.0,5.8,0
23319,9,1,1,2,3,3,2,2,2,0.0,0.0,1.0,27.8,0
23320,9,1,1,2,2,3,2,2,2,0.0,0.0,1.0,32.1,0
23321,9,2,1,2,2,3,3,2,2,0.0,0.0,1.0,21.5,1
23322,9,0,1,2,2,3,3,2,2,0.0,1.0,0.0,11.0,0
23323,9,1,1,2,2,3,2,2,2,0.0,0.0,1.0,19.3,0
23324,9,2,1,2,2,3,2,2,2,0.0,0.0,1.0,32.2,1
23325,9,1,1,2,2,3,2,2,2,0.0,0.0,1.0,20.3,0
23326,9,2,1,3,2,3,2,2,2,0.0,0.0,1.0,34.5,1
23327,9,0,1,2,2,3,2,2,2,1.0,0.0,0.0,-5.8,0
23328,9,2,1,2,2,3,2,2,2,0.0,0.0,1.0,39.1,1
23329,9,1,1,2,2,3,2,2,2,0.0,0.0,1.0,24.1,0
23330,9,1,1,2,2,3,2,2,2,0.0,0.0,1.0,21.7,0
23331,9,0,1,2,2,3,2,3,2,0.0,1.0,0.0,11.7,0
23332,9,1,1,2,2,3,2,2,2,0.0,0.0,1.0,15.7,0
23333,9,1,1,2,2,3,2,2,2,0.0,0.0,1.0,43.7,0
23334,9,0,1,2,2,3,2,2,2,0.0,1.0,0.0,1.9,0
23335,9,2,1,2,2,3,2,2,2,0.0,0.0,1.0,19.8,1
23336,9,0,1,2,2,3,2,2,1,0.0,0.0,1.0,14.6,0
23337,9,2,1,3,2,3,2,2,2,0.0,0.0,1.0,79.6,1
23338,9,1,1,2,2,3,2,2,2,0.0,0.0,1.0,25.5,0
23339,9,1,1,2,2,3,2,2,1,0.0,0.0,1.0,20.7,0
23340,9,0,1,2,2,3,2,2,2,0.0,1.0,0.0,9.9,0
23341,9,0,1,2,2,3,2,2,1,0.0,0.0,1.0,30.4,0
23342,9,1,1,2,3,3,2,2,2,0.0,0.0,1.0,28.0,0
23343,9,2,1,2,2,3,2,2,2,0.0,0.0,1.0,41.7,1
23344,9,1,1,2,2,3,2,2,2,0.0,1.0,0.0,13.0,0
23345,9,2,1,2,2,3,2,2,2,0.0,0.0,1.0,47.9,1
23346,9,2,1,2,2,3,2,2,2,0.0,0.0,1.0,24.6,1
23347,9,2,1,2,2,3,2,2,2,0.0,0.0,1.0,32.5,1
23348,9,1,1,2,2,3,2,2,2,0.0,0.0,1.0,35.1,0
23349,9,1,1,3,2,3,2,2,2,0.0,0.0,1.0,49.2,0
23350,9,0,1,2,2,3,2,2,2,0.0,1.0,0.0,3.6,0
23351,9,2,1,2,2,3,2,2,2,0.0,1.0,0.0,12.3,1
23352,9,2,1,2,2,3,2,2,2,0.0,0.0,1.0,24.1,1
23353,9,1,1,2,2,3,2,2,2,0.0,1.0,0.0,4.0,0
23354,9,1,1,2,2,3,3,2,2,0.0,0.0,1.0,19.5,0
23355,9,0,1,2,2,3,2,2,2,0.0,1.0,0.0,7.2,0
23356,9,1,1,2,2,3,2,2,2,0.0,1.0,0.0,8.3,0
23357,9,2,1,2,2,3,2,3,1,0.0,0.0,1.0,50.3,1
23358,9,2,1,2,2,3,2,2,2,0.0,0.0,1.0,28.6,1
23359,9,1,1,3,2,3,2,2,2,0.0,0.0,1.0,25.4,0
23360,9,2,1,2,2,3,2,2,2,0.0,1.0,0.0,19.0,1
23361,9,2,1,2,2,3,2,2,2,0.0,0.0,1.0,28.6,1
23362,9,0,1,2,2,3,2,2,2,0.0,1.0,0.0,11.3,0
23363,9,0,1,2,2,3,2,2,2,0.0,1.0,0.0,11.9,0
23364,9,2,1,2,2,3,2,2,2,0.0,0.0,1.0,31.9,1
23365,9,2,1,3,2,3,2,2,1,0.0,0.0,1.0,27.2,1
23366,9,2,1,2,2,3,2,2,2,0.0,0.0,1.0,45.8,1
23367,9,1,1,2,2,3,3,3,2,0.0,0.0,1.0,30.0,0
23368,9,2,1,3,2,3,2,2,2,0.0,0.0,1.0,59.1,1
23369,9,2,1,2,2,3,2,2,2,0.0,0.0,1.0,20.2,1
23370,9,0,1,2,2,3,2,2,2,0.0,1.0,0.0,12.1,0
23371,9,1,1,2,2,3,2,2,2,0.0,0.0,1.0,26.9,0
23372,9,1,1,2,2,3,2,3,2,0.0,0.0,1.0,17.6,0
23373,9,0,1,2,2,3,2,2,2,0.0,0.0,1.0,20.1,0
23374,9,1,1,2,2,3,2,2,2,0.0,1.0,0.0,14.8,0
23375,9,2,1,2,2,3,2,2,2,0.0,1.0,0.0,19.0,1
23376,9,2,1,2,2,3,2,2,2,0.0,0.0,1.0,25.6,1
23377,9,2,1,3,2,3,3,2,2,0.0,0.0,1.0,20.4,1
23378,9,1,1,2,2,2,2,2,2,0.0,0.0,1.0,17.3,0
23379,9,1,1,2,2,3,2,3,2,1.0,0.0,0.0,10.3,0
23380,9,2,1,2,2,3,2,2,2,0.0,0.0,1.0,40.0,1
23381,9,0,1,2,2,3,2,2,2,1.0,0.0,0.0,2.6,0
23382,9,2,1,3,2,3,2,2,2,0.0,0.0,1.0,66.2,1
23383,9,2,1,2,2,3,2,3,2,0.0,0.0,1.0,39.8,1
23384,9,2,1,2,2,3,2,2,2,0.0,0.0,1.0,28.8,1
23385,9,0,1,2,2,3,2,2,2,0.0,1.0,0.0,13.4,0
23386,9,2,1,2,2,2,2,2,2,0.0,0.0,1.0,38.6,1
23387,9,1,1,3,3,3,2,2,2,0.0,1.0,0.0,10.8,0
23388,9,1,1,2,2,3,2,2,2,0.0,1.0,0.0,12.6,0
23389,9,2,1,3,2,3,2,2,2,0.0,0.0,1.0,64.1,1
23390,9,2,1,2,2,3,2,2,2,0.0,0.0,1.0,34.7,1
23391,9,1,1,2,2,3,2,2,2,0.0,1.0,0.0,17.3,0
23392,9,2,1,2,2,2,3,2,2,0.0,0.0,1.0,50.5,1
23393,9,1,1,2,2,3,2,2,2,0.0,1.0,0.0,10.6,0
23394,9,2,1,2,2,3,2,2,2,0.0,1.0,0.0,8.8,1
23395,9,2,1,2,2,3,2,2,1,0.0,0.0,1.0,48.9,1
23396,9,1,1,2,2,3,3,2,2,0.0,0.0,1.0,34.6,0
23397,9,1,1,2,2,3,2,2,2,0.0,1.0,0.0,12.0,0
23398,9,0,1,2,2,3,2,2,2,0.0,1.0,0.0,11.0,0
23399,9,0,1,2,2,3,2,2,2,0.0,1.0,0.0,11.9,0
23400,9,2,1,2,2,3,3,2,2,0.0,0.0,1.0,21.7,1
23401,9,1,1,2,3,3,2,2,2,0.0,1.0,0.0,19.0,0
23402,9,1,1,2,2,3,2,2,2,0.0,1.0,0.0,10.2,0
23403,9,1,1,2,2,3,2,2,2,0.0,1.0,0.0,11.4,0
23404,9,2,1,2,2,3,2,2,2,0.0,0.0,1.0,44.4,1
23405,9,1,1,2,2,3,2,2,2,0.0,1.0,0.0,14.1,0
23406,9,2,1,2,2,3,2,2,2,0.0,0.0,1.0,25.4,1
23407,9,2,1,3,2,3,2,2,2,0.0,0.0,1.0,31.2,1
23408,9,1,1,2,2,3,2,2,2,0.0,1.0,0.0,18.6,0
23409,9,2,1,2,2,3,2,2,1,0.0,0.0,1.0,58.4,1
23410,9,1,1,2,3,3,2,2,2,0.0,1.0,0.0,4.6,0
23411,9,1,1,2,2,3,2,2,2,0.0,0.0,1.0,31.9,0
23412,9,0,1,2,2,3,2,2,2,0.0,1.0,0.0,11.7,0
23413,9,1,1,2,3,3,2,2,2,0.0,0.0,1.0,24.0,0
23414,9,0,1,2,2,3,2,2,2,0.0,1.0,0.0,15.6,0
23415,9,1,1,3,2,3,3,2,2,0.0,0.0,1.0,6.8,0
23416,9,0,1,2,2,3,2,2,2,0.0,1.0,0.0,10.5,0
23417,9,0,1,2,2,3,2,2,2,0.0,1.0,0.0,11.6,0
23418,9,1,1,2,2,3,2,2,2,0.0,0.0,1.0,23.1,0
23419,9,1,1,2,2,3,2,2,2,0.0,0.0,1.0,30.3,0
23420,9,2,1,2,2,3,2,2,2,0.0,0.0,1.0,24.7,1
23421,9,2,1,2,2,3,2,3,2,0.0,0.0,1.0,30.5,1
23422,9,1,1,2,2,3,2,2,2,0.0,1.0,0.0,14.0,0
23423,9,1,1,2,2,3,2,2,2,0.0,1.0,0.0,7.6,0
23424,9,0,1,2,2,3,2,2,2,0.0,1.0,0.0,11.8,0
23425,9,0,1,2,2,3,2,2,2,0.0,0.0,1.0,22.6,0
23426,9,1,1,2,2,3,2,2,2,1.0,0.0,0.0,9.5,0
23427,9,2,1,2,3,3,2,2,1,0.0,0.0,1.0,80.0,1
23428,9,0,1,2,2,3,2,2,2,0.0,1.0,0.0,17.1,0
23429,9,1,1,2,2,3,2,3,2,0.0,1.0,0.0,12.4,0
23430,9,2,1,2,3,3,2,2,2,0.0,0.0,1.0,19.2,1
23431,9,1,1,2,2,3,3,2,2,0.0,1.0,0.0,14.4,0
23432,9,2,1,3,2,3,3,2,2,0.0,0.0,1.0,21.0,1
23433,9,0,1,2,2,3,2,2,2,0.0,1.0,0.0,12.0,0
23434,9,2,1,2,2,3,2,2,2,0.0,0.0,1.0,40.3,1
23435,9,1,1,2,2,3,2,2,2,0.0,1.0,0.0,6.2,0
23436,9,1,1,2,2,3,2,2,2,0.0,0.0,1.0,25.0,0
23437,9,1,1,2,3,3,2,3,1,0.0,1.0,0.0,19.3,0
23438,9,2,1,2,2,3,2,2,2,0.0,0.0,1.0,22.2,1
23439,9,0,1,2,2,3,3,2,2,0.0,1.0,0.0,15.9,0
23440,9,0,1,2,2,3,2,2,2,0.0,1.0,0.0,4.7,0
23441,9,2,1,2,2,3,2,2,2,0.0,0.0,1.0,43.0,1
23442,9,1,1,2,2,3,2,2,2,0.0,0.0,1.0,27.1,0
23443,9,2,1,3,2,3,2,2,2,0.0,0.0,1.0,54.6,1
23444,9,2,1,2,2,3,2,2,2,0.0,0.0,1.0,19.2,1
23445,9,2,1,2,2,2,2,2,2,0.0,0.0,1.0,25.2,1
23446,9,2,1,2,2,3,2,2,2,0.0,0.0,1.0,24.9,1
23447,9,0,1,2,2,3,3,2,2,0.0,1.0,0.0,11.4,0
23448,9,1,1,2,2,3,2,2,2,0.0,1.0,0.0,8.7,0
23449,9,1,1,2,2,3,2,2,2,0.0,1.0,0.0,14.2,0
23450,9,1,1,2,2,3,2,2,2,0.0,1.0,0.0,1.1,0
23451,9,1,1,3,2,3,2,2,2,0.0,1.0,0.0,12.1,0
23452,9,2,1,2,2,3,2,2,2,0.0,1.0,0.0,16.4,1
23453,9,2,1,3,2,3,2,2,2,0.0,0.0,1.0,27.6,1
23454,9,0,1,3,2,3,2,2,2,0.0,1.0,0.0,13.2,0
23455,9,1,1,2,2,3,2,2,2,0.0,1.0,0.0,15.2,0
23456,9,0,1,2,2,3,2,2,2,1.0,0.0,0.0,3.4,0
23457,9,2,1,2,2,3,2,2,2,0.0,0.0,1.0,22.4,1
23458,9,1,1,2,2,3,2,2,2,0.0,1.0,0.0,13.2,0
23459,9,2,1,2,2,3,2,2,2,0.0,0.0,1.0,22.1,1
23460,9,1,1,2,2,3,2,2,2,0.0,0.0,1.0,26.0,0
23461,9,0,1,2,2,3,2,2,2,0.0,1.0,0.0,5.4,0
23462,9,2,1,2,2,3,2,2,2,0.0,0.0,1.0,38.8,1
23463,9,1,1,2,2,3,2,2,2,0.0,0.0,1.0,20.9,0
23464,9,2,1,2,2,3,2,2,2,0.0,0.0,1.0,25.6,1
23465,9,1,1,2,2,3,2,2,2,1.0,0.0,0.0,1.4,0
23466,9,2,1,2,2,3,2,2,1,0.0,0.0,1.0,24.0,1
23467,9,1,1,3,2,3,2,2,2,0.0,0.0,1.0,42.0,0
23468,9,0,1,2,2,3,3,2,2,0.0,1.0,0.0,11.4,0
23469,9,1,1,2,2,3,2,2,2,0.0,0.0,1.0,89.5,0
23470,9,2,1,2,3,3,2,2,2,0.0,0.0,1.0,32.6,1
23471,9,1,1,2,2,3,2,2,2,0.0,0.0,1.0,23.6,0
23472,9,0,1,3,2,3,2,3,2,0.0,1.0,0.0,13.8,0
23473,9,1,1,2,2,3,2,2,2,0.0,0.0,1.0,41.5,0
23474,9,2,1,2,2,3,3,2,2,0.0,0.0,1.0,40.6,1
23475,9,2,1,2,2,3,2,2,2,0.0,0.0,1.0,71.8,1
23476,9,1,1,2,2,3,2,2,2,0.0,0.0,1.0,31.0,0
23477,9,2,1,2,2,3,2,2,2,0.0,0.0,1.0,29.0,1
23478,9,0,1,2,2,3,2,2,2,0.0,0.0,1.0,22.0,0
23479,9,0,1,2,2,3,2,2,2,0.0,1.0,0.0,15.9,0
23480,9,0,1,2,2,3,2,2,2,0.0,1.0,0.0,14.1,0
23481,9,0,1,2,2,3,2,2,2,0.0,1.0,0.0,13.2,0
23482,9,2,1,2,2,3,2,2,2,0.0,0.0,1.0,18.4,1
23483,9,2,1,2,2,3,2,2,2,0.0,0.0,1.0,21.1,1
23484,9,1,1,2,2,3,2,2,2,0.0,1.0,0.0,10.7,0
23485,9,2,1,2,2,3,2,2,1,0.0,0.0,1.0,21.7,1
23486,9,2,1,2,2,3,3,2,2,0.0,0.0,1.0,13.1,1
23487,9,1,1,2,3,3,2,2,2,0.0,1.0,0.0,5.8,0
23488,9,2,1,3,3,2,2,2,2,0.0,0.0,1.0,64.0,1
23489,9,0,1,2,2,3,2,2,2,1.0,0.0,0.0,6.1,0
23490,9,1,1,2,2,3,3,2,1,0.0,0.0,1.0,42.4,0
23491,9,0,1,2,2,3,2,2,2,0.0,1.0,0.0,14.4,0
23492,9,0,1,2,2,3,2,2,2,0.0,0.0,1.0,29.7,0
23493,9,1,1,2,2,3,2,2,2,0.0,0.0,1.0,16.5,0
23494,9,0,1,2,2,3,2,2,2,0.0,1.0,0.0,14.2,0
23495,9,0,1,3,2,3,2,2,2,0.0,0.0,1.0,18.3,0
23496,9,1,1,2,2,3,2,2,2,0.0,0.0,1.0,24.5,0
23497,9,0,1,2,2,3,2,2,2,0.0,0.0,1.0,26.9,0
23498,9,1,1,2,2,3,2,2,2,0.0,0.0,1.0,17.0,0
23499,9,1,1,2,2,3,2,2,2,0.0,0.0,1.0,18.9,0
23500,9,0,1,2,2,3,2,2,2,0.0,1.0,0.0,11.4,0
23501,9,2,1,3,2,3,2,2,2,0.0,1.0,0.0,9.0,1
23502,9,1,1,2,2,3,2,2,2,0.0,1.0,0.0,8.1,0
23503,9,0,1,2,2,3,3,2,2,0.0,0.0,1.0,9.8,0
23504,9,1,1,2,2,3,2,2,2,0.0,1.0,0.0,18.4,0
23505,9,0,1,2,2,3,2,2,2,0.0,1.0,0.0,5.1,0
23506,9,0,1,2,2,3,2,2,2,0.0,0.0,1.0,24.3,0
23507,9,2,1,2,2,3,2,2,2,0.0,0.0,1.0,23.6,1
23508,9,1,1,3,2,3,2,2,2,0.0,1.0,0.0,13.8,0
23509,9,1,1,2,2,3,2,2,2,0.0,0.0,1.0,43.1,0
23510,9,1,1,2,2,3,2,2,2,0.0,1.0,0.0,13.9,0
23511,9,2,1,2,2,3,2,2,2,0.0,0.0,1.0,20.0,1
23512,9,0,1,2,2,3,2,2,2,0.0,1.0,0.0,6.4,0
23513,9,0,1,2,2,3,2,2,2,0.0,1.0,0.0,15.6,0
23514,9,2,1,2,2,3,2,2,2,0.0,1.0,0.0,9.4,1
23515,9,2,1,2,3,3,3,2,2,0.0,0.0,1.0,25.3,1
23516,9,2,1,2,2,3,2,2,2,0.0,0.0,1.0,20.8,1
23517,9,1,1,2,2,3,2,2,2,0.0,1.0,0.0,9.7,0
23518,9,2,1,2,2,3,3,2,2,0.0,0.0,1.0,57.7,1
23519,9,1,1,3,2,3,2,2,2,0.0,0.0,1.0,22.3,0
23520,9,2,1,3,2,3,2,2,2,0.0,0.0,1.0,35.0,1
23521,9,2,1,2,2,3,2,2,2,0.0,0.0,1.0,44.5,1
23522,9,1,1,2,2,3,2,2,2,0.0,1.0,0.0,11.2,0
23523,9,1,1,2,2,3,2,2,2,0.0,0.0,1.0,18.5,0
23524,9,1,1,2,2,3,2,2,2,0.0,0.0,1.0,26.8,0
23525,9,2,1,3,2,3,2,3,1,0.0,0.0,1.0,134.0,1
23526,9,2,1,2,2,3,2,2,2,0.0,0.0,1.0,59.6,1
23527,9,2,1,2,2,3,2,2,2,0.0,0.0,1.0,39.9,1
23528,9,1,1,2,2,3,2,2,2,0.0,1.0,0.0,10.3,0
23529,9,0,1,2,2,3,2,2,2,0.0,1.0,0.0,10.2,0
23530,9,0,1,2,2,3,2,2,2,0.0,1.0,0.0,17.8,0
23531,9,2,1,3,3,2,2,3,2,0.0,0.0,1.0,48.6,1
23532,9,2,1,2,2,3,2,3,2,0.0,0.0,1.0,99.7,1
23533,9,0,1,2,2,3,2,2,2,0.0,1.0,0.0,2.2,0
23534,9,0,1,2,2,3,2,2,2,0.0,1.0,0.0,8.2,0
23535,9,1,1,2,2,3,2,2,2,0.0,0.0,1.0,36.2,0
23536,9,2,1,2,2,3,2,2,2,0.0,0.0,1.0,24.3,1
23537,9,1,1,2,2,3,2,2,2,0.0,0.0,1.0,82.5,0
23538,9,1,1,2,2,3,2,3,2,0.0,0.0,1.0,25.5,0
23539,9,2,1,2,2,2,2,2,2,0.0,0.0,1.0,25.0,1
23540,9,1,1,2,2,3,3,2,2,0.0,0.0,1.0,36.8,0
23541,9,2,1,2,2,3,2,2,2,0.0,0.0,1.0,15.9,1
23542,9,0,1,2,2,3,2,2,2,0.0,1.0,0.0,17.3,0
23543,9,2,1,2,2,3,2,2,2,0.0,0.0,1.0,24.6,1
23544,9,1,1,2,2,3,2,2,2,0.0,0.0,1.0,20.2,0
23545,9,2,1,2,2,3,2,2,2,0.0,0.0,1.0,25.8,1
23546,9,2,1,2,2,3,2,2,2,0.0,0.0,1.0,33.8,1
23547,9,2,1,2,2,2,2,2,2,0.0,0.0,1.0,59.1,1
23548,9,1,1,2,2,3,2,2,2,0.0,1.0,0.0,14.9,0
23549,9,0,1,2,2,3,2,2,2,0.0,0.0,1.0,21.6,0
23550,9,0,1,2,2,3,2,2,2,0.0,1.0,0.0,6.7,0
23551,9,1,1,2,2,3,2,2,2,0.0,1.0,0.0,16.1,0
23552,9,2,1,2,2,3,2,2,2,0.0,0.0,1.0,21.1,1
23553,9,1,1,2,2,3,2,2,2,0.0,1.0,0.0,14.4,0
23554,9,0,1,2,2,3,2,2,2,0.0,1.0,0.0,17.9,0
23555,9,1,1,2,2,3,2,2,2,0.0,0.0,1.0,26.1,0
23556,9,1,1,2,2,3,2,2,2,0.0,0.0,1.0,34.9,0
23557,9,1,1,2,2,3,2,3,2,0.0,0.0,1.0,35.9,0
23558,9,0,1,2,2,3,2,3,2,1.0,0.0,0.0,7.6,0
23559,9,2,1,2,2,3,2,2,1,0.0,0.0,1.0,33.9,1
23560,9,1,1,2,3,3,2,2,2,0.0,1.0,0.0,20.0,0
23561,9,0,1,2,3,3,2,2,2,0.0,1.0,0.0,12.5,0
23562,9,1,1,2,2,3,2,2,2,0.0,0.0,1.0,17.5,0
23563,9,1,1,2,2,3,2,2,2,0.0,1.0,0.0,16.2,0
23564,9,0,1,2,3,3,2,2,2,0.0,1.0,0.0,12.9,0
23565,9,0,1,2,2,3,3,2,2,0.0,1.0,0.0,9.7,0
23566,9,2,1,3,2,3,2,2,2,0.0,0.0,1.0,23.8,1
23567,9,2,1,2,2,3,3,2,2,0.0,0.0,1.0,25.4,1
23568,9,2,1,2,2,3,2,2,2,0.0,0.0,1.0,27.6,1
23569,9,0,1,2,2,3,2,2,2,0.0,1.0,0.0,4.2,0
23570,9,1,1,2,2,3,2,2,2,0.0,0.0,1.0,40.4,0
23571,9,1,1,2,2,3,2,2,2,0.0,1.0,0.0,19.1,0
23572,9,1,1,2,2,3,2,2,2,1.0,0.0,0.0,6.6,0
23573,9,1,1,2,2,3,2,2,2,1.0,0.0,0.0,10.3,0
23574,9,2,1,2,2,3,2,2,2,0.0,0.0,1.0,39.1,1
23575,9,1,1,2,2,3,3,3,1,0.0,0.0,1.0,31.4,0
23576,9,1,1,2,2,3,2,2,2,0.0,0.0,1.0,24.0,0
23577,9,2,1,3,2,3,3,3,2,0.0,0.0,1.0,35.6,1
23578,9,0,1,2,2,3,2,2,2,0.0,1.0,0.0,6.5,0
23579,9,1,1,2,2,3,2,2,2,0.0,0.0,1.0,22.4,0
23580,9,0,1,2,2,3,2,2,2,1.0,0.0,0.0,1.5,0
23581,9,1,1,2,3,3,2,2,2,0.0,0.0,1.0,44.6,0
23582,9,1,1,2,3,3,3,2,2,0.0,1.0,0.0,10.6,0
23583,9,1,1,2,2,3,2,2,2,0.0,1.0,0.0,16.9,0
23584,9,1,1,2,2,3,2,2,2,0.0,1.0,0.0,17.6,0
23585,9,1,1,2,3,3,2,2,2,0.0,0.0,1.0,26.7,0
23586,9,2,1,2,2,3,2,2,2,0.0,0.0,1.0,35.8,1
23587,9,0,1,2,2,3,2,2,2,1.0,0.0,0.0,-0.6,0
23588,9,2,1,2,2,3,2,2,2,0.0,0.0,1.0,42.4,1
23589,9,1,1,2,2,3,2,2,2,0.0,0.0,1.0,27.0,0
23590,9,1,1,2,2,3,2,2,2,0.0,0.0,1.0,36.8,0
23591,9,1,1,2,2,3,2,2,2,0.0,0.0,1.0,27.5,0
23592,9,1,1,2,2,3,2,2,2,0.0,0.0,1.0,36.1,0
23593,9,1,1,2,2,3,2,2,2,0.0,0.0,1.0,21.2,0
23594,9,2,1,2,2,3,3,2,1,0.0,0.0,1.0,28.0,1
23595,9,1,1,2,2,3,2,2,2,0.0,0.0,1.0,33.6,0
23596,9,2,1,2,2,3,2,2,2,0.0,0.0,1.0,55.0,1
23597,9,2,1,2,2,3,2,2,2,0.0,0.0,1.0,32.3,1
23598,9,2,1,2,2,3,2,2,2,0.0,1.0,0.0,11.1,1
23599,9,0,1,2,2,3,2,2,2,1.0,0.0,0.0,2.4,0
23600,9,2,1,3,2,3,2,2,2,0.0,0.0,1.0,28.3,1
23601,9,1,1,2,2,3,2,2,2,0.0,0.0,1.0,20.2,0
23602,9,0,1,3,2,3,2,2,2,0.0,0.0,1.0,24.5,0
23603,9,1,1,2,2,3,2,2,2,0.0,0.0,1.0,47.8,0
23604,9,1,1,2,2,3,2,2,2,0.0,0.0,1.0,17.3,0
23605,9,2,1,2,3,3,2,2,2,0.0,0.0,1.0,42.5,1
23606,9,0,1,2,2,3,2,2,2,1.0,0.0,0.0,-6.5,0
23607,9,1,1,2,2,3,3,2,2,0.0,0.0,1.0,15.9,0
23608,9,1,1,2,2,3,2,2,2,0.0,0.0,1.0,8.1,0
23609,9,2,1,2,2,3,2,2,2,0.0,1.0,0.0,15.7,1
23610,9,2,1,2,2,3,2,2,2,0.0,0.0,1.0,40.8,1
23611,9,1,1,2,2,3,3,2,2,0.0,0.0,1.0,31.3,0
23612,9,0,1,3,2,3,2,2,2,1.0,0.0,0.0,4.0,0
23613,9,1,1,2,2,3,2,2,2,0.0,1.0,0.0,15.3,0
23614,9,2,1,2,2,3,2,2,1,0.0,0.0,1.0,85.1,1
23615,9,1,1,2,2,3,2,2,2,0.0,0.0,1.0,26.8,0
23616,9,1,1,3,2,3,2,2,1,0.0,0.0,1.0,133.4,0
23617,9,0,1,2,2,3,2,2,2,0.0,0.0,1.0,21.6,0
23618,9,0,1,2,2,3,2,2,2,0.0,1.0,0.0,7.9,0
23619,9,1,1,2,2,3,2,2,2,0.0,0.0,1.0,6.9,0
23620,9,1,1,2,2,3,2,2,2,0.0,1.0,0.0,11.2,0
23621,9,1,1,3,2,3,2,2,2,0.0,1.0,0.0,10.9,0
23622,9,0,1,2,2,3,2,2,2,1.0,0.0,0.0,2.0,0
23623,9,0,1,2,2,3,2,3,2,0.0,1.0,0.0,16.9,0
23624,9,2,1,2,2,3,2,2,2,0.0,0.0,1.0,23.4,1
23625,9,1,1,2,2,3,2,2,2,0.0,0.0,1.0,61.1,0
23626,9,0,1,2,2,3,2,2,2,1.0,0.0,0.0,5.2,0
23627,9,0,1,2,2,3,2,2,2,0.0,1.0,0.0,6.8,0
23628,9,0,1,2,2,3,2,2,2,0.0,0.0,1.0,19.5,0
23629,9,2,1,3,2,3,3,2,2,0.0,0.0,1.0,30.6,1
23630,9,1,1,2,2,3,2,2,2,0.0,1.0,0.0,13.4,0
23631,9,2,1,2,2,3,2,2,2,0.0,0.0,1.0,28.3,1
23632,9,2,1,2,2,3,2,2,2,0.0,0.0,1.0,17.7,1
23633,9,2,1,2,2,2,2,2,2,0.0,0.0,1.0,33.8,1
23634,9,0,1,2,2,3,2,2,2,0.0,1.0,0.0,8.7,0
23635,9,2,1,3,2,3,2,2,2,0.0,0.0,1.0,53.1,1
23636,9,0,1,2,2,3,2,2,2,0.0,1.0,0.0,5.1,0
23637,9,2,1,2,2,3,3,2,1,0.0,0.0,1.0,43.4,1
23638,9,0,1,2,2,3,3,2,2,0.0,1.0,0.0,8.5,0
23639,9,1,1,2,2,3,2,2,2,0.0,1.0,0.0,16.4,0
23640,9,1,1,2,3,3,2,2,2,0.0,0.0,1.0,53.8,0
23641,9,1,1,2,2,3,2,2,2,0.0,0.0,1.0,17.8,0
23642,9,1,1,2,2,3,2,2,2,0.0,1.0,0.0,9.7,0
23643,9,2,1,2,2,3,2,2,2,0.0,1.0,0.0,18.8,1
23644,9,2,1,2,3,3,2,2,2,0.0,0.0,1.0,20.7,1
23645,9,1,1,2,2,3,2,3,2,1.0,0.0,0.0,6.3,0
23646,9,2,1,2,2,3,2,3,2,0.0,0.0,1.0,65.3,1
23647,9,1,1,2,2,3,2,2,2,0.0,1.0,0.0,12.0,0
23648,9,1,1,2,2,3,2,2,2,0.0,0.0,1.0,33.9,0
23649,9,2,1,2,2,3,3,2,2,0.0,0.0,1.0,19.5,1
23650,9,2,1,2,2,3,3,2,2,0.0,1.0,0.0,19.3,1
23651,9,2,1,2,2,3,2,2,2,0.0,0.0,1.0,65.0,1
23652,9,1,1,2,3,3,2,2,2,0.0,1.0,0.0,16.3,0
23653,9,1,1,2,2,3,2,2,2,0.0,0.0,1.0,29.8,0
23654,9,2,1,2,2,3,2,3,2,0.0,0.0,1.0,37.4,1
23655,9,1,1,2,2,3,2,2,2,0.0,1.0,0.0,18.7,0
23656,9,1,1,2,2,3,2,2,1,0.0,0.0,1.0,35.0,0
23657,9,2,1,3,2,3,2,2,1,0.0,0.0,1.0,83.3,1
23658,9,0,1,2,2,3,2,2,2,1.0,0.0,0.0,3.8,0
23659,9,2,1,2,2,3,2,2,1,0.0,0.0,1.0,54.6,1
23660,9,2,1,2,2,3,2,2,1,0.0,0.0,1.0,45.5,1
23661,9,2,1,2,2,3,2,2,2,0.0,0.0,1.0,28.8,1
23662,9,0,1,2,2,3,2,2,2,1.0,0.0,0.0,3.8,0
23663,9,2,1,2,2,3,2,2,2,0.0,0.0,1.0,21.7,1
23664,9,1,1,2,2,3,2,2,2,0.0,0.0,1.0,19.1,0
23665,9,0,1,2,2,3,2,2,2,0.0,0.0,1.0,16.8,0
23666,9,0,1,2,2,3,2,2,2,0.0,1.0,0.0,3.8,0
23667,9,0,1,2,2,3,2,2,2,1.0,0.0,0.0,5.1,0
23668,9,0,1,2,2,3,2,2,2,0.0,1.0,0.0,9.3,0
23669,9,0,1,2,2,3,2,2,2,0.0,1.0,0.0,4.6,0
23670,9,0,1,2,2,3,2,2,2,1.0,0.0,0.0,6.5,0
23671,9,2,1,2,2,3,2,2,2,0.0,0.0,1.0,59.2,1
23672,9,1,1,2,2,3,2,2,2,0.0,1.0,0.0,16.8,0
23673,9,1,1,2,2,3,2,2,2,0.0,0.0,1.0,27.4,0
23674,9,1,1,2,2,3,2,3,2,0.0,1.0,0.0,14.4,0
23675,9,1,1,2,2,3,2,2,2,0.0,0.0,1.0,30.2,0
23676,9,2,1,2,2,3,2,3,2,0.0,1.0,0.0,13.5,1
23677,9,2,1,2,2,3,2,2,1,0.0,0.0,1.0,50.6,1
23678,9,0,1,2,2,3,2,2,2,0.0,1.0,0.0,7.6,0
23679,9,2,1,2,2,3,2,2,1,0.0,0.0,1.0,55.2,1
23680,9,0,1,2,2,3,3,2,2,0.0,0.0,1.0,19.4,0
23681,9,2,1,3,2,3,2,2,2,0.0,0.0,1.0,29.4,1
23682,9,2,1,2,2,2,2,2,2,0.0,0.0,1.0,16.5,1
23683,9,2,1,2,2,3,2,2,2,0.0,1.0,0.0,15.8,1
23684,9,1,1,2,2,3,2,2,2,0.0,1.0,0.0,18.1,0
23685,9,0,1,2,2,3,2,3,2,1.0,0.0,0.0,2.3,0
23686,9,1,1,3,2,3,2,2,2,0.0,0.0,1.0,20.6,0
23687,9,2,1,2,2,3,2,2,1,0.0,0.0,1.0,35.5,1
23688,9,1,1,2,2,3,2,2,2,0.0,1.0,0.0,8.9,0
23689,9,1,1,2,2,3,2,2,2,0.0,1.0,0.0,18.7,0
23690,9,2,1,2,2,3,2,3,2,0.0,0.0,1.0,39.3,1
23691,9,2,1,2,2,3,3,2,2,0.0,0.0,1.0,21.2,1
23692,9,1,1,2,2,3,2,2,2,0.0,1.0,0.0,6.8,0
23693,9,0,1,2,2,3,2,2,2,0.0,1.0,0.0,6.7,0
23694,9,2,1,2,2,3,2,2,2,0.0,0.0,1.0,7.9,1
23695,9,2,1,2,2,3,2,2,2,0.0,0.0,1.0,51.7,1
23696,9,0,1,2,2,3,2,2,2,0.0,0.0,1.0,24.2,0
23697,9,1,1,2,2,3,2,2,2,0.0,0.0,1.0,30.5,0
23698,9,2,1,2,2,3,2,2,2,0.0,0.0,1.0,68.8,1
23699,9,2,1,2,2,3,2,2,2,0.0,0.0,1.0,22.8,1
23700,9,1,1,2,2,3,2,2,2,0.0,0.0,1.0,23.9,0
23701,9,2,1,2,2,3,2,2,2,1.0,0.0,0.0,6.6,1
23702,9,1,1,3,3,3,2,2,2,0.0,0.0,1.0,39.6,0
23703,9,0,1,3,2,3,2,2,2,0.0,1.0,0.0,11.4,0
23704,9,2,1,2,2,3,2,3,2,0.0,0.0,1.0,41.8,1
23705,9,1,1,2,2,3,2,2,2,0.0,0.0,1.0,29.1,0
23706,9,2,1,2,2,3,2,2,2,0.0,0.0,1.0,34.9,1
23707,9,1,1,2,2,3,2,2,2,0.0,0.0,1.0,17.6,0
23708,9,2,1,2,2,3,2,2,2,0.0,1.0,0.0,5.1,1
23709,9,2,1,2,2,2,2,2,2,0.0,0.0,1.0,55.1,1
23710,9,2,1,2,2,3,2,2,2,0.0,0.0,1.0,42.1,1
23711,9,1,1,2,2,3,2,2,2,0.0,1.0,0.0,12.7,0
23712,9,0,1,2,2,3,2,2,2,1.0,0.0,0.0,2.6,0
23713,9,1,1,2,2,3,2,2,2,1.0,0.0,0.0,11.4,0
23714,9,0,1,2,2,2,2,2,2,0.0,1.0,0.0,17.0,0
23715,9,2,1,2,2,3,2,2,2,0.0,0.0,1.0,33.0,1
23716,9,0,1,2,2,3,2,2,2,0.0,1.0,0.0,11.3,0
23717,9,2,1,2,2,3,2,2,2,0.0,1.0,0.0,10.5,1
23718,9,2,1,2,2,3,2,2,2,0.0,0.0,1.0,28.1,1
23719,9,1,1,2,2,3,2,2,2,0.0,0.0,1.0,34.2,0
23720,9,1,1,2,2,3,2,2,2,1.0,0.0,0.0,4.9,0
23721,9,1,1,2,3,3,2,2,2,0.0,0.0,1.0,20.3,0
23722,9,1,1,3,2,3,2,3,1,0.0,0.0,1.0,6.5,0
23723,9,1,1,2,2,3,2,2,2,0.0,0.0,1.0,19.7,0
23724,9,1,1,2,2,3,2,2,2,0.0,0.0,1.0,19.2,0
23725,9,0,1,2,2,3,2,2,2,0.0,1.0,0.0,8.4,0
23726,9,0,1,2,2,3,2,3,2,0.0,1.0,0.0,16.0,0
23727,9,2,1,2,2,3,3,2,2,0.0,0.0,1.0,54.3,1
23728,9,1,1,2,2,3,2,2,2,0.0,0.0,1.0,36.7,0
23729,9,2,1,2,2,3,2,2,2,0.0,0.0,1.0,29.6,1
23730,9,0,1,2,2,3,2,2,2,0.0,1.0,0.0,7.9,0
23731,9,2,1,2,2,3,2,2,1,0.0,0.0,1.0,18.8,1
23732,9,2,1,3,2,3,2,2,2,0.0,0.0,1.0,23.5,1
23733,9,0,1,2,2,3,3,2,2,0.0,1.0,0.0,12.5,0
23734,9,0,1,2,2,3,2,2,2,0.0,0.0,1.0,20.5,0
23735,9,0,1,2,2,3,3,2,2,0.0,1.0,0.0,3.3,0
23736,9,2,1,2,2,3,2,2,2,0.0,0.0,1.0,31.2,1
23737,9,1,1,2,2,3,2,3,2,0.0,1.0,0.0,23.2,0
23738,9,2,1,2,2,3,2,2,2,0.0,0.0,1.0,17.4,1
23739,9,1,1,2,2,3,2,2,2,0.0,0.0,1.0,26.3,0
23740,9,1,1,2,3,3,3,2,2,0.0,1.0,0.0,11.1,0
23741,9,1,1,2,2,3,3,2,2,0.0,0.0,1.0,31.1,0
23742,9,1,1,2,2,3,2,2,2,0.0,1.0,0.0,18.6,0
23743,9,1,1,2,2,3,2,2,1,0.0,0.0,1.0,20.9,0
23744,9,1,1,2,3,3,3,2,2,0.0,1.0,0.0,14.0,0
23745,9,2,1,2,2,2,2,3,2,0.0,0.0,1.0,24.8,1
23746,9,1,1,2,2,3,2,2,1,0.0,0.0,1.0,37.7,0
23747,9,1,1,2,2,3,2,2,2,0.0,0.0,1.0,40.5,0
23748,9,0,1,2,2,3,2,2,2,0.0,1.0,0.0,8.0,0
23749,9,1,1,2,2,3,2,2,2,0.0,0.0,1.0,21.9,0
23750,9,1,1,2,2,3,2,2,1,0.0,1.0,0.0,20.0,0
23751,9,1,1,2,2,3,2,2,2,0.0,0.0,1.0,19.6,0
23752,9,1,1,3,2,3,2,2,2,0.0,0.0,1.0,33.4,0
23753,9,1,1,2,2,3,2,2,2,0.0,0.0,1.0,24.4,0
23754,9,0,1,2,2,3,2,2,2,1.0,0.0,0.0,10.3,0
23755,9,0,1,2,2,3,2,2,2,0.0,1.0,0.0,17.6,0
23756,9,2,1,2,2,3,2,2,2,0.0,1.0,0.0,17.7,1
23757,9,2,1,2,2,3,2,2,2,0.0,1.0,0.0,16.0,1
23758,9,1,1,2,2,3,2,2,2,0.0,0.0,1.0,18.8,0
23759,9,1,1,2,2,3,2,2,2,0.0,1.0,0.0,17.1,0
23760,9,2,1,2,2,2,2,2,2,0.0,0.0,1.0,35.9,1
23761,9,1,1,2,2,3,2,2,2,0.0,0.0,1.0,22.0,0
23762,9,1,1,2,2,3,2,2,2,0.0,0.0,1.0,28.2,0
23763,9,1,1,3,2,3,3,2,2,0.0,0.0,1.0,15.3,0
23764,9,0,1,3,2,3,2,2,2,0.0,1.0,0.0,11.1,0
23765,9,1,1,2,2,3,2,2,2,0.0,1.0,0.0,14.8,0
23766,9,2,1,2,2,3,2,3,2,0.0,0.0,1.0,53.6,1
23767,9,1,1,2,2,3,2,2,2,0.0,1.0,0.0,13.6,0
23768,9,2,1,2,2,3,2,2,2,0.0,0.0,1.0,32.8,1
23769,9,0,1,2,2,3,2,2,2,0.0,1.0,0.0,6.2,0
23770,9,1,1,2,2,3,2,2,2,0.0,1.0,0.0,16.1,0
23771,9,0,1,2,2,3,2,2,2,1.0,0.0,0.0,5.9,0
23772,9,1,1,2,2,3,2,2,2,0.0,1.0,0.0,15.2,0
23773,9,2,1,2,2,3,2,2,2,0.0,0.0,1.0,27.9,1
23774,9,1,1,2,2,3,2,2,2,0.0,1.0,0.0,14.6,0
23775,9,2,1,3,2,3,2,2,2,0.0,0.0,1.0,27.1,1
23776,9,2,1,2,2,3,2,2,2,0.0,0.0,1.0,18.5,1
23777,9,2,1,2,2,2,2,2,2,0.0,0.0,1.0,42.6,1
23778,9,0,1,2,2,3,2,2,2,0.0,1.0,0.0,14.1,0
23779,9,0,1,2,3,3,2,2,2,0.0,0.0,1.0,31.7,0
23780,9,1,1,2,2,3,2,2,2,0.0,0.0,1.0,22.5,0
23781,9,0,1,2,2,3,2,3,2,0.0,1.0,0.0,10.2,0
23782,9,1,1,2,2,3,2,2,2,0.0,0.0,1.0,24.5,0
23783,9,2,1,2,2,3,2,2,2,0.0,0.0,1.0,14.6,1
23784,9,0,1,2,2,3,2,2,2,0.0,0.0,1.0,24.4,0
23785,9,1,1,2,2,3,2,3,2,0.0,0.0,1.0,32.3,0
23786,9,0,1,2,2,3,2,2,2,0.0,1.0,0.0,7.4,0
23787,9,2,1,2,2,3,2,2,2,0.0,0.0,1.0,24.7,1
23788,9,0,1,2,2,3,3,2,2,0.0,1.0,0.0,10.6,0
23789,9,2,1,2,2,3,2,2,2,0.0,0.0,1.0,39.5,1
23790,9,0,1,2,2,3,2,2,2,0.0,1.0,0.0,9.3,0
23791,9,2,1,2,2,3,2,2,2,0.0,0.0,1.0,45.9,1
23792,9,1,1,2,2,3,2,2,2,0.0,1.0,0.0,8.1,0
23793,9,1,1,2,2,3,2,2,2,0.0,0.0,1.0,25.9,0
23794,9,1,1,2,2,3,2,2,2,0.0,0.0,1.0,37.1,0
23795,9,2,1,3,2,3,2,2,2,0.0,1.0,0.0,12.4,1
23796,9,2,1,2,2,3,2,2,2,0.0,0.0,1.0,23.5,1
23797,9,1,1,2,2,3,2,2,2,0.0,1.0,0.0,2.4,0
23798,9,1,1,2,2,3,2,2,2,0.0,0.0,1.0,27.4,0
23799,9,2,1,2,2,3,2,2,2,0.0,0.0,1.0,32.1,1
23800,9,0,1,2,3,3,2,2,2,0.0,1.0,0.0,4.2,0
23801,9,2,1,2,2,3,2,2,2,0.0,1.0,0.0,18.3,1
23802,9,2,1,3,2,3,2,2,1,0.0,0.0,1.0,48.8,1
23803,9,1,1,2,2,3,2,2,2,0.0,0.0,1.0,68.8,0
23804,9,2,1,2,2,2,2,3,2,0.0,0.0,1.0,26.0,1
23805,9,1,1,2,2,3,2,2,2,0.0,1.0,0.0,10.4,0
23806,9,1,1,2,2,3,2,2,2,0.0,0.0,1.0,22.2,0
23807,9,1,1,2,2,3,2,3,2,0.0,0.0,1.0,29.6,0
23808,9,1,1,2,2,3,2,2,2,0.0,1.0,0.0,5.4,0
23809,9,1,1,2,2,3,2,2,2,0.0,1.0,0.0,1.4,0
23810,9,2,1,2,2,3,2,2,2,0.0,0.0,1.0,37.3,1
23811,9,2,1,2,2,3,2,2,2,0.0,0.0,1.0,12.5,1
23812,9,0,1,2,2,3,2,2,2,0.0,1.0,0.0,14.3,0
23813,9,1,1,2,2,3,2,2,2,0.0,0.0,1.0,19.6,0
23814,9,0,1,3,2,3,2,2,2,0.0,0.0,1.0,41.2,0
23815,9,0,1,2,2,3,3,2,2,0.0,0.0,1.0,19.9,0
23816,9,1,1,2,2,3,2,2,1,0.0,0.0,1.0,28.8,0
23817,9,1,1,2,2,3,3,3,2,0.0,0.0,1.0,25.8,0
23818,9,2,1,2,2,3,3,2,2,0.0,0.0,1.0,41.7,1
23819,9,1,1,2,2,3,2,2,2,0.0,1.0,0.0,21.5,0
23820,9,0,1,2,2,3,2,2,2,0.0,1.0,0.0,20.8,0
23821,9,1,1,2,2,3,2,3,2,1.0,0.0,0.0,8.3,0
23822,9,1,1,2,2,3,3,2,2,0.0,1.0,0.0,8.0,0
23823,9,1,1,2,2,2,2,2,2,0.0,0.0,1.0,16.9,0
23824,9,2,1,2,2,3,2,3,2,0.0,0.0,1.0,64.2,1
23825,9,0,1,2,2,3,2,2,2,0.0,1.0,0.0,4.3,0
23826,9,0,1,2,2,3,2,2,2,0.0,1.0,0.0,15.2,0
23827,9,0,1,2,2,3,2,2,2,1.0,0.0,0.0,5.7,0
23828,9,1,1,2,2,3,2,2,2,0.0,1.0,0.0,10.8,0
23829,9,2,1,2,2,3,3,2,2,0.0,0.0,1.0,40.9,1
23830,9,1,1,2,2,3,2,2,2,0.0,0.0,1.0,18.6,0
23831,9,1,1,2,2,3,2,2,2,0.0,1.0,0.0,14.1,0
23832,9,2,1,2,2,3,3,2,2,0.0,0.0,1.0,16.8,1
23833,9,1,1,2,2,3,2,2,2,1.0,0.0,0.0,13.7,0
23834,9,1,1,2,2,3,2,2,2,0.0,1.0,0.0,14.2,0
23835,9,1,1,2,2,3,2,2,1,0.0,0.0,1.0,63.9,0
23836,9,0,1,3,2,3,2,2,2,0.0,1.0,0.0,12.7,0
23837,9,2,1,3,2,3,2,2,2,0.0,0.0,1.0,23.2,1
23838,9,0,1,2,2,3,2,2,2,1.0,0.0,0.0,0.5,0
23839,9,1,1,3,2,3,2,2,2,0.0,0.0,1.0,27.0,0
23840,9,2,1,2,2,3,2,2,2,0.0,0.0,1.0,29.4,1
23841,9,1,1,2,2,3,2,2,2,0.0,0.0,1.0,28.4,0
23842,9,1,1,2,2,3,2,2,2,0.0,0.0,1.0,32.6,0
23843,9,0,1,2,2,3,2,2,2,0.0,1.0,0.0,13.7,0
23844,9,1,1,2,2,3,2,2,2,0.0,1.0,0.0,10.4,0
23845,9,0,1,2,2,3,2,2,2,0.0,1.0,0.0,8.0,0
23846,9,2,1,2,2,3,2,2,2,0.0,1.0,0.0,4.6,1
23847,9,0,1,2,2,3,2,2,2,1.0,0.0,0.0,-0.1,0
23848,9,2,1,2,2,3,2,2,2,0.0,0.0,1.0,19.5,1
23849,9,1,1,2,2,3,2,2,2,0.0,0.0,1.0,36.2,0
23850,9,0,1,2,2,3,2,2,2,0.0,1.0,0.0,6.9,0
23851,9,2,1,2,3,3,2,2,1,0.0,0.0,1.0,26.1,1
23852,9,1,1,2,2,3,2,2,2,0.0,1.0,0.0,11.4,0
23853,9,1,1,2,2,3,2,2,2,0.0,1.0,0.0,15.8,0
23854,9,0,1,2,2,3,2,2,2,0.0,1.0,0.0,17.5,0
23855,9,1,1,2,2,3,2,3,2,0.0,1.0,0.0,12.5,0
23856,9,2,1,3,2,3,2,2,2,0.0,0.0,1.0,45.3,1
23857,9,2,1,2,2,3,2,2,2,0.0,0.0,1.0,26.0,1
23858,9,0,1,2,2,3,2,2,2,1.0,0.0,0.0,12.3,0
23859,9,1,1,2,2,3,2,2,2,0.0,1.0,0.0,9.8,0
23860,9,1,1,2,2,3,2,2,2,0.0,0.0,1.0,52.2,0
23861,9,1,1,2,2,3,2,2,2,0.0,1.0,0.0,10.9,0
23862,9,0,1,2,2,3,2,2,2,0.0,1.0,0.0,10.3,0
23863,9,1,1,2,2,3,3,2,2,0.0,0.0,1.0,28.8,0
23864,9,2,1,2,2,3,2,2,2,0.0,0.0,1.0,38.4,1
23865,9,0,1,2,2,3,2,2,2,0.0,1.0,0.0,5.1,0
23866,9,1,1,2,2,3,2,2,2,0.0,1.0,0.0,15.2,0
23867,9,0,1,2,2,3,2,2,2,0.0,1.0,0.0,10.3,0
23868,9,1,1,2,2,3,2,2,2,0.0,1.0,0.0,11.3,0
23869,9,1,1,2,2,3,2,3,2,0.0,0.0,1.0,33.7,0
23870,9,1,1,2,2,3,2,2,1,0.0,0.0,1.0,39.2,0
23871,9,2,1,2,3,3,2,2,2,0.0,0.0,1.0,18.3,1
23872,9,1,1,3,3,3,2,2,2,0.0,1.0,0.0,13.5,0
23873,9,2,1,2,2,3,2,2,2,0.0,0.0,1.0,24.1,1
23874,9,0,1,2,2,3,2,2,2,0.0,0.0,1.0,32.0,0
23875,9,2,1,2,2,3,2,2,2,0.0,1.0,0.0,19.7,1
23876,9,1,1,2,2,3,2,2,2,0.0,1.0,0.0,13.1,0
23877,9,1,1,2,2,3,2,2,2,0.0,0.0,1.0,28.4,0
23878,9,1,1,2,2,3,2,3,2,1.0,0.0,0.0,8.3,0
23879,9,1,1,2,2,3,2,2,2,0.0,1.0,0.0,11.5,0
23880,9,1,1,2,2,3,3,2,2,0.0,1.0,0.0,7.2,0
23881,9,2,1,2,2,3,2,2,1,0.0,0.0,1.0,78.2,1
23882,9,2,1,2,2,2,2,2,2,0.0,0.0,1.0,46.8,1
23883,9,2,1,2,2,3,2,2,2,0.0,0.0,1.0,11.9,1
23884,9,1,1,2,2,3,2,2,2,0.0,0.0,1.0,32.4,0
23885,9,1,1,2,2,3,2,2,2,0.0,1.0,0.0,17.2,0
23886,9,1,1,2,2,3,2,2,2,0.0,1.0,0.0,12.8,0
23887,9,0,1,2,2,3,2,2,2,0.0,0.0,1.0,21.6,0
23888,9,1,1,2,2,3,2,2,2,0.0,1.0,0.0,17.5,0
23889,9,1,1,2,2,3,2,2,2,0.0,0.0,1.0,16.9,0
23890,9,0,1,2,2,3,2,2,2,0.0,0.0,1.0,15.8,0
23891,9,0,1,3,2,3,2,2,2,0.0,0.0,1.0,17.5,0
23892,9,1,1,2,2,3,2,3,2,0.0,0.0,1.0,25.0,0
23893,9,2,1,2,2,3,2,2,2,0.0,0.0,1.0,46.3,1
23894,9,0,1,2,2,3,2,2,2,1.0,0.0,0.0,0.4,0
23895,9,1,1,2,2,3,2,2,1,0.0,0.0,1.0,15.6,0
23896,9,2,1,2,2,3,2,2,2,0.0,0.0,1.0,27.6,1
23897,9,2,1,2,2,3,2,2,2,0.0,0.0,1.0,35.8,1
23898,9,0,1,2,2,3,2,2,2,0.0,1.0,0.0,10.1,0
23899,9,0,1,2,2,3,2,2,2,0.0,1.0,0.0,16.3,0
23900,9,0,1,2,2,3,2,2,2,1.0,0.0,0.0,5.2,0
23901,9,1,1,2,2,3,2,2,2,0.0,1.0,0.0,9.7,0
23902,9,1,1,2,2,3,2,2,2,1.0,0.0,0.0,6.7,0
23903,9,1,1,2,3,3,2,2,2,0.0,1.0,0.0,14.5,0
23904,9,1,1,3,3,3,2,2,2,0.0,0.0,1.0,12.2,0
23905,9,2,1,2,2,3,2,2,2,0.0,0.0,1.0,58.9,1
23906,9,1,1,2,2,3,2,2,2,1.0,0.0,0.0,5.7,0
23907,9,0,1,2,2,3,2,2,2,0.0,1.0,0.0,15.1,0
23908,9,1,1,2,2,3,2,2,2,0.0,0.0,1.0,38.0,1
23909,9,0,1,2,2,3,2,2,2,0.0,0.0,1.0,14.4,0
23910,9,2,1,3,3,3,2,2,2,0.0,0.0,1.0,35.8,1
23911,9,0,1,2,2,3,2,2,2,0.0,1.0,0.0,16.4,0
23912,9,0,1,2,2,3,2,2,2,0.0,1.0,0.0,5.4,0
23913,9,2,1,2,3,3,2,3,2,0.0,0.0,1.0,17.6,1
23914,9,1,1,2,2,3,2,2,2,1.0,0.0,0.0,7.4,0
23915,9,1,1,2,2,3,3,2,2,0.0,0.0,1.0,15.0,0
23916,9,2,1,3,2,3,2,2,1,0.0,0.0,1.0,88.4,1
23917,9,1,1,2,2,3,2,2,2,0.0,1.0,0.0,13.0,0
23918,9,1,1,2,2,3,2,2,2,0.0,0.0,1.0,20.1,0
23919,9,2,1,2,2,3,2,2,2,0.0,0.0,1.0,36.1,1
23920,9,1,1,2,2,3,2,2,2,0.0,1.0,0.0,10.6,0
23921,9,0,1,2,2,3,2,2,2,0.0,1.0,0.0,6.4,0
23922,9,2,1,2,3,3,2,3,1,0.0,0.0,1.0,28.0,1
23923,9,1,1,2,2,3,2,3,2,0.0,0.0,1.0,27.4,0
23924,9,0,1,2,2,3,2,2,2,0.0,1.0,0.0,7.4,0
23925,9,2,1,2,2,3,2,2,2,0.0,0.0,1.0,29.8,1
23926,9,1,1,2,2,2,2,2,1,0.0,0.0,1.0,41.5,0
23927,9,1,1,2,2,3,2,2,2,0.0,0.0,1.0,20.7,0
23928,9,0,1,3,2,3,2,2,2,0.0,1.0,0.0,15.8,0
23929,9,1,1,2,2,3,2,2,2,0.0,0.0,1.0,8.2,0
23930,9,0,1,2,2,3,2,2,2,1.0,0.0,0.0,22.0,0
23931,9,0,1,2,2,2,2,2,2,0.0,0.0,1.0,19.0,0
23932,9,1,1,2,2,3,2,2,2,0.0,0.0,1.0,23.2,0
23933,9,1,1,2,2,3,2,2,2,0.0,1.0,0.0,5.4,0
23934,9,2,1,2,2,3,2,2,2,0.0,1.0,0.0,15.3,1
23935,9,1,1,2,2,3,2,2,2,0.0,0.0,1.0,19.3,0
23936,9,0,1,2,2,3,2,2,2,1.0,0.0,0.0,9.5,0
23937,9,1,1,2,2,3,2,3,2,0.0,0.0,1.0,24.5,0
23938,9,0,1,2,2,3,2,2,2,0.0,1.0,0.0,7.8,0
23939,9,2,1,3,2,3,2,2,1,0.0,0.0,1.0,51.0,1
23940,9,1,1,2,2,3,2,2,2,0.0,1.0,0.0,13.7,0
23941,9,2,1,2,3,3,2,2,2,0.0,0.0,1.0,42.7,1
23942,9,2,1,2,2,3,2,2,2,0.0,0.0,1.0,69.6,1
23943,9,1,1,2,2,3,2,3,2,0.0,0.0,1.0,20.4,0
23944,9,0,1,2,2,3,2,2,2,1.0,0.0,0.0,16.8,0
23945,9,0,1,2,2,3,2,2,2,0.0,1.0,0.0,9.9,0
23946,9,1,1,2,2,3,2,2,2,0.0,0.0,1.0,26.8,0
23947,9,2,1,2,2,3,2,2,1,0.0,0.0,1.0,41.3,1
23948,9,2,1,2,2,3,2,2,2,0.0,0.0,1.0,27.0,1
23949,9,0,1,2,2,3,2,2,2,0.0,1.0,0.0,8.5,0
23950,9,0,1,2,2,3,2,2,2,0.0,1.0,0.0,9.3,0
23951,9,0,1,2,2,3,2,2,2,0.0,1.0,0.0,6.2,0
23952,9,2,1,2,2,3,3,2,2,0.0,0.0,1.0,73.6,1
23953,9,1,1,2,2,3,2,2,2,0.0,1.0,0.0,12.8,0
23954,9,2,1,2,2,3,3,2,2,0.0,0.0,1.0,33.8,1
23955,9,1,1,2,2,3,2,2,2,0.0,0.0,1.0,33.0,0
23956,9,1,1,3,3,3,2,2,2,0.0,0.0,1.0,23.5,0
23957,9,2,1,2,2,3,2,3,2,0.0,0.0,1.0,19.9,1
23958,9,1,1,2,2,3,2,2,2,0.0,0.0,1.0,21.3,0
23959,9,2,1,2,2,3,2,2,2,0.0,1.0,0.0,10.5,1
23960,9,2,1,2,2,3,2,2,2,0.0,0.0,1.0,52.2,1
23961,9,2,1,2,2,3,2,2,2,0.0,0.0,1.0,28.6,1
23962,9,0,1,2,2,3,2,2,2,0.0,1.0,0.0,6.6,0
23963,9,0,1,2,2,3,2,2,2,1.0,0.0,0.0,3.6,0
23964,9,0,1,2,2,3,2,2,2,0.0,1.0,0.0,13.4,0
23965,9,2,1,2,2,3,2,2,2,0.0,1.0,0.0,15.2,1
23966,9,2,1,2,2,2,2,2,2,0.0,0.0,1.0,34.6,1
23967,9,2,1,2,2,3,2,2,2,0.0,0.0,1.0,41.1,1
23968,9,1,1,3,2,3,2,2,2,0.0,0.0,1.0,26.7,0
23969,9,1,1,2,2,3,2,2,2,0.0,0.0,1.0,27.4,0
23970,9,1,1,2,2,3,2,2,2,1.0,0.0,0.0,3.6,0
23971,9,1,1,2,2,3,2,2,2,0.0,1.0,0.0,15.6,0
23972,9,2,1,2,2,3,3,2,1,0.0,0.0,1.0,43.0,1
23973,9,0,1,2,2,3,2,2,2,0.0,1.0,0.0,8.4,0
23974,9,0,1,2,2,3,2,2,2,1.0,0.0,0.0,2.3,0
23975,9,0,1,2,2,3,2,2,2,0.0,0.0,1.0,10.3,0
23976,9,1,1,2,2,3,2,2,2,0.0,1.0,0.0,14.1,0
23977,9,0,1,2,2,3,2,2,2,0.0,1.0,0.0,15.1,0
23978,9,1,1,2,2,3,3,2,2,0.0,1.0,0.0,14.6,0
23979,9,1,1,2,2,2,2,2,2,0.0,0.0,1.0,17.9,0
23980,9,1,1,2,2,3,2,2,2,0.0,1.0,0.0,4.2,0
23981,9,2,1,2,3,3,2,2,2,0.0,0.0,1.0,24.3,1
23982,9,1,1,2,2,3,2,2,2,0.0,0.0,1.0,33.3,0
23983,9,1,1,2,3,3,2,2,2,0.0,0.0,1.0,27.3,0
23984,9,1,1,3,2,3,2,2,2,0.0,0.0,1.0,37.5,0
23985,9,0,1,2,2,3,2,2,2,0.0,0.0,1.0,35.0,0
23986,9,2,1,2,3,3,2,2,2,0.0,0.0,1.0,22.1,1
23987,9,2,1,2,2,3,2,2,2,0.0,0.0,1.0,35.3,1
23988,9,1,1,2,2,3,2,2,2,0.0,1.0,0.0,6.9,0
23989,9,1,1,2,2,3,2,2,2,0.0,0.0,1.0,22.9,0
23990,9,1,1,2,2,3,2,2,2,0.0,1.0,0.0,8.6,0
23991,9,0,1,2,2,3,2,2,2,0.0,1.0,0.0,8.5,0
23992,9,2,1,2,2,3,2,2,2,0.0,0.0,1.0,50.3,1
23993,9,1,1,2,2,3,2,2,2,0.0,1.0,0.0,14.2,0
23994,9,1,1,2,2,3,2,2,2,0.0,0.0,1.0,20.5,0
23995,9,1,1,2,2,3,2,2,2,0.0,1.0,0.0,19.8,0
23996,9,2,1,2,2,3,2,2,1,0.0,1.0,0.0,12.4,1
23997,9,1,1,2,2,3,2,2,2,0.0,0.0,1.0,27.3,0
23998,9,2,1,2,2,3,2,2,2,0.0,0.0,1.0,27.7,1
23999,9,1,1,2,2,3,2,2,2,0.0,0.0,1.0,27.6,0
24000,9,1,1,2,2,3,2,3,2,0.0,0.0,1.0,35.6,0
24001,9,1,1,2,2,3,2,3,2,0.0,0.0,1.0,47.0,0
24002,9,2,1,2,2,3,3,2,2,0.0,0.0,1.0,33.9,1
24003,9,2,1,2,2,3,2,2,2,0.0,0.0,1.0,61.8,1
24004,9,1,1,2,3,3,2,2,2,0.0,0.0,1.0,29.8,0
24005,9,2,1,2,2,3,2,2,2,0.0,1.0,0.0,15.2,1
24006,9,1,1,2,2,3,2,2,2,0.0,0.0,1.0,19.6,0
24007,9,1,1,3,2,3,2,2,2,0.0,0.0,1.0,20.0,0
24008,9,2,1,2,2,3,3,2,2,0.0,0.0,1.0,19.9,1
24009,9,0,1,2,2,3,2,2,2,0.0,1.0,0.0,13.5,0
24010,9,2,1,2,3,3,2,2,2,0.0,0.0,1.0,26.2,1
24011,9,1,1,2,2,3,2,2,2,0.0,1.0,0.0,17.1,0
24012,9,2,1,2,2,3,2,2,2,0.0,0.0,1.0,50.0,1
24013,9,2,1,2,2,3,2,2,1,0.0,0.0,1.0,30.5,1
24014,9,1,1,2,2,3,2,2,2,0.0,0.0,1.0,25.0,0
24015,9,1,1,2,2,2,2,2,2,0.0,0.0,1.0,34.3,0
24016,9,2,1,2,2,3,2,3,2,0.0,0.0,1.0,34.6,1
24017,9,1,1,2,2,3,2,3,2,0.0,1.0,0.0,8.1,0
24018,9,0,1,2,2,3,2,2,2,0.0,1.0,0.0,8.4,0
24019,9,1,1,2,2,3,3,2,2,0.0,0.0,1.0,28.4,0
24020,9,1,1,2,3,3,2,2,2,0.0,1.0,0.0,10.3,0
24021,9,0,1,2,2,3,2,2,2,1.0,0.0,0.0,7.5,0
24022,9,0,1,2,2,3,2,2,2,0.0,1.0,0.0,2.8,0
24023,9,0,1,2,2,3,2,2,2,0.0,1.0,0.0,14.9,0
24024,9,1,1,2,2,3,2,2,2,0.0,1.0,0.0,15.8,0
24025,9,0,1,2,2,3,2,2,2,1.0,0.0,0.0,9.7,0
24026,9,0,1,2,2,3,2,2,2,0.0,1.0,0.0,15.7,0
24027,9,2,1,2,2,3,2,2,2,0.0,1.0,0.0,11.6,1
24028,9,1,1,3,2,3,2,2,2,0.0,0.0,1.0,30.2,0
24029,9,1,1,2,2,3,2,2,2,1.0,0.0,0.0,2.7,0
24030,9,0,1,2,2,3,2,2,2,0.0,1.0,0.0,4.2,0
24031,9,0,1,2,2,3,2,2,2,0.0,1.0,0.0,10.1,0
24032,9,2,1,2,2,3,2,2,2,0.0,0.0,1.0,31.2,1
24033,9,1,1,2,2,3,2,2,2,0.0,0.0,1.0,21.6,0
24034,9,1,1,2,2,3,2,2,2,0.0,1.0,0.0,6.6,0
24035,9,0,1,2,2,3,2,2,2,0.0,1.0,0.0,8.6,0
24036,9,2,1,3,2,3,2,2,2,0.0,0.0,1.0,20.8,1
24037,9,1,1,2,2,3,2,2,2,0.0,0.0,1.0,19.5,0
24038,9,0,1,2,2,3,2,2,2,0.0,1.0,0.0,17.1,0
24039,9,0,1,2,2,3,2,2,2,0.0,1.0,0.0,13.1,0
24040,9,2,1,2,2,3,2,2,2,0.0,0.0,1.0,19.8,1
24041,9,0,1,2,2,3,2,2,2,0.0,0.0,1.0,25.7,0
24042,9,1,1,2,2,3,2,2,2,0.0,1.0,0.0,11.0,0
24043,9,1,1,2,2,3,2,2,2,0.0,1.0,0.0,15.5,0
24044,9,1,1,2,2,2,2,2,2,0.0,0.0,1.0,24.5,0
24045,9,2,1,2,2,3,2,2,2,0.0,0.0,1.0,15.4,1
24046,9,1,1,2,2,3,2,2,1,0.0,0.0,1.0,12.7,0
24047,9,1,1,2,2,3,2,2,2,0.0,1.0,0.0,13.5,0
24048,9,2,1,2,2,3,2,2,2,0.0,0.0,1.0,20.5,1
24049,9,2,1,2,2,3,2,3,2,0.0,0.0,1.0,26.6,1
24050,9,0,1,2,2,3,2,2,2,0.0,1.0,0.0,15.7,0
24051,9,2,1,3,2,3,2,2,1,0.0,0.0,1.0,25.0,1
24052,9,2,1,2,2,3,2,2,2,0.0,1.0,0.0,13.2,1
24053,9,1,1,2,2,3,2,2,2,0.0,0.0,1.0,21.1,0
24054,9,2,1,2,2,3,2,2,2,0.0,0.0,1.0,8.4,1
24055,9,0,1,3,2,3,2,2,2,0.0,1.0,0.0,8.9,0
24056,9,0,1,2,2,3,2,2,2,0.0,0.0,1.0,25.8,0
24057,9,1,1,2,2,3,2,2,2,0.0,1.0,0.0,14.6,0
24058,9,2,1,2,2,3,2,2,1,0.0,1.0,0.0,9.8,1
24059,9,1,1,2,2,3,2,2,2,0.0,0.0,1.0,30.2,0
24060,9,2,1,2,2,2,2,2,2,0.0,0.0,1.0,48.2,1
24061,9,1,1,2,3,3,2,2,2,0.0,1.0,0.0,15.1,0
24062,9,1,1,2,2,3,2,2,2,0.0,0.0,1.0,33.9,0
24063,9,2,1,2,2,3,2,2,1,0.0,0.0,1.0,34.8,1
24064,9,2,1,2,2,3,2,2,2,0.0,0.0,1.0,26.5,1
24065,9,2,1,2,2,3,2,2,2,0.0,0.0,1.0,82.2,1
24066,9,1,1,3,2,3,2,2,2,0.0,0.0,1.0,62.9,0
24067,9,2,1,2,2,3,2,2,2,0.0,0.0,1.0,17.6,1
24068,9,2,1,3,2,3,2,2,2,0.0,0.0,1.0,38.6,1
24069,9,2,1,2,2,3,2,2,1,0.0,0.0,1.0,31.6,1
24070,9,0,1,2,2,3,2,2,2,1.0,0.0,0.0,15.0,0
24071,9,1,1,2,2,3,2,2,2,1.0,0.0,0.0,11.8,0
24072,9,1,1,2,2,3,2,2,2,0.0,0.0,1.0,47.1,0
24073,9,2,1,2,2,3,2,2,2,0.0,1.0,0.0,17.6,1
24074,9,0,1,2,2,3,2,2,2,0.0,1.0,0.0,14.4,0
24075,9,1,1,2,2,3,3,2,2,0.0,0.0,1.0,38.3,0
24076,9,0,1,2,2,3,2,2,2,0.0,1.0,0.0,12.2,0
24077,9,2,1,2,2,2,2,2,1,0.0,0.0,1.0,48.2,1
24078,9,2,1,2,2,3,3,3,2,0.0,0.0,1.0,20.9,1
24079,9,2,1,3,3,3,2,2,2,0.0,0.0,1.0,73.5,1
24080,9,1,1,2,3,3,3,2,2,0.0,1.0,0.0,12.5,0
24081,9,1,1,3,2,3,3,2,2,0.0,0.0,1.0,19.9,0
24082,9,1,1,2,2,3,2,2,2,0.0,0.0,1.0,17.6,0
24083,9,2,1,3,2,3,3,2,2,0.0,0.0,1.0,26.2,1
24084,9,2,1,2,2,3,3,2,2,0.0,0.0,1.0,44.6,1
24085,9,2,1,2,2,2,3,3,2,0.0,0.0,1.0,24.0,1
24086,9,1,1,2,2,3,2,2,2,0.0,0.0,1.0,24.8,0
24087,9,2,1,2,2,3,2,2,2,0.0,0.0,1.0,18.9,1
24088,9,1,1,2,2,3,2,2,2,0.0,1.0,0.0,18.0,0
24089,9,0,1,2,2,3,2,2,2,0.0,1.0,0.0,16.0,0
24090,9,1,1,2,2,3,2,2,2,0.0,0.0,1.0,45.8,0
24091,9,1,1,2,2,3,2,2,2,0.0,1.0,0.0,18.4,0
24092,9,0,1,2,2,3,2,2,2,0.0,0.0,1.0,12.1,0
24093,9,2,1,2,2,3,2,2,2,0.0,1.0,0.0,14.8,1
24094,9,2,1,2,2,3,2,2,2,0.0,0.0,1.0,34.2,1
24095,9,2,1,2,2,3,2,2,2,0.0,0.0,1.0,54.0,1
24096,9,0,1,2,2,3,2,2,2,0.0,1.0,0.0,10.1,0
24097,9,1,1,2,2,3,3,2,2,0.0,0.0,1.0,22.7,0
24098,9,1,1,2,2,3,2,2,2,0.0,1.0,0.0,10.8,0
24099,9,2,1,2,3,3,2,2,2,0.0,0.0,1.0,25.0,1
24100,9,2,1,2,2,3,2,2,2,0.0,0.0,1.0,37.5,1
24101,9,2,1,2,3,3,2,2,2,0.0,1.0,0.0,11.4,1
24102,9,0,1,2,2,3,2,2,2,0.0,1.0,0.0,12.4,0
24103,9,2,1,2,2,3,2,2,2,0.0,0.0,1.0,41.7,1
24104,9,0,1,2,3,3,2,2,2,0.0,1.0,0.0,8.5,0
24105,9,1,1,2,2,3,2,2,2,0.0,0.0,1.0,26.7,0
24106,9,1,1,2,2,3,2,3,2,0.0,1.0,0.0,12.6,0
24107,9,2,1,3,2,3,2,2,2,0.0,0.0,1.0,27.1,1
24108,9,1,1,2,2,3,2,2,2,0.0,1.0,0.0,14.0,0
24109,9,1,1,2,2,3,2,2,2,0.0,1.0,0.0,8.9,0
24110,9,0,1,2,2,3,2,2,2,1.0,0.0,0.0,16.2,0
24111,9,0,1,2,2,3,2,2,2,1.0,0.0,0.0,0.9,0
24112,9,1,1,2,2,2,2,2,2,0.0,0.0,1.0,41.0,0
24113,9,1,1,2,2,3,2,2,2,0.0,1.0,0.0,8.2,0
24114,9,1,1,2,2,3,2,2,2,0.0,0.0,1.0,29.6,0
24115,9,2,1,2,2,3,2,2,2,0.0,0.0,1.0,20.8,1
24116,9,2,1,3,3,3,2,2,1,0.0,0.0,1.0,66.9,1
24117,9,1,1,2,2,3,2,2,2,0.0,0.0,1.0,36.5,0
24118,9,2,1,2,2,3,2,2,2,0.0,0.0,1.0,33.9,1
24119,9,2,1,2,2,3,2,2,2,0.0,0.0,1.0,20.1,1
24120,9,0,1,2,2,3,2,2,2,1.0,0.0,0.0,11.2,0
24121,9,1,1,2,2,3,2,3,2,1.0,0.0,0.0,7.6,0
24122,9,1,1,2,2,3,2,2,2,0.0,1.0,0.0,14.3,0
24123,9,2,1,2,2,3,2,2,2,0.0,0.0,1.0,34.9,1
24124,9,2,1,2,2,3,3,3,2,0.0,1.0,0.0,16.0,1
24125,9,1,1,2,2,3,2,2,2,0.0,0.0,1.0,36.0,0
24126,9,1,1,2,2,3,2,2,2,0.0,0.0,1.0,32.6,0
24127,9,1,1,2,2,3,2,2,2,0.0,0.0,1.0,18.8,0
24128,9,0,1,2,2,3,2,2,2,0.0,1.0,0.0,2.4,0
24129,9,1,1,2,2,3,2,2,2,0.0,1.0,0.0,9.2,0
24130,9,2,1,2,2,3,2,2,2,0.0,1.0,0.0,16.8,1
24131,9,1,1,3,2,3,2,2,2,0.0,0.0,1.0,38.7,0
24132,9,1,1,3,2,3,2,2,2,0.0,0.0,1.0,18.5,0
24133,9,2,1,2,2,3,2,2,1,0.0,0.0,1.0,38.4,1
24134,9,2,1,2,2,3,3,3,1,0.0,0.0,1.0,46.6,1
24135,9,2,1,2,2,3,2,2,2,0.0,0.0,1.0,33.3,1
24136,9,1,1,2,2,3,2,2,2,0.0,0.0,1.0,11.1,0
24137,9,2,1,2,2,3,2,2,2,0.0,1.0,0.0,13.1,1
24138,9,1,1,2,2,3,2,2,2,0.0,0.0,1.0,5.0,0
24139,9,1,1,2,2,3,2,2,2,0.0,0.0,1.0,21.3,0
24140,9,2,1,2,2,3,2,2,1,0.0,0.0,1.0,53.5,1
24141,9,1,1,2,2,3,2,2,2,1.0,0.0,0.0,4.3,0
24142,9,1,1,2,2,3,2,2,2,0.0,1.0,0.0,12.6,0
24143,9,1,1,2,2,3,2,2,2,0.0,0.0,1.0,22.3,0
24144,9,0,1,2,2,3,2,2,2,0.0,0.0,1.0,19.9,0
24145,9,0,1,2,2,3,2,2,2,1.0,0.0,0.0,2.0,0
24146,9,1,1,2,2,3,2,2,2,0.0,1.0,0.0,17.2,0
24147,9,2,1,2,3,3,2,2,2,0.0,0.0,1.0,39.7,1
24148,9,2,1,2,2,3,2,2,2,0.0,0.0,1.0,41.4,1
24149,9,2,1,2,2,3,2,3,2,0.0,1.0,0.0,20.3,1
24150,9,2,1,2,2,3,2,2,1,0.0,0.0,1.0,26.7,1
24151,9,1,1,2,2,3,2,2,2,0.0,1.0,0.0,7.3,0
24152,9,2,1,2,2,3,3,2,2,0.0,0.0,1.0,61.4,1
24153,9,1,1,2,2,3,2,2,2,0.0,1.0,0.0,12.0,0
24154,9,1,1,2,2,3,2,2,2,0.0,0.0,1.0,21.2,0
24155,9,1,1,2,2,3,2,2,2,0.0,0.0,1.0,16.3,0
24156,9,2,1,2,2,3,2,2,2,0.0,0.0,1.0,81.4,1
24157,9,1,1,2,2,3,3,2,2,0.0,1.0,0.0,14.3,0
24158,9,1,1,2,2,3,2,2,2,0.0,1.0,0.0,17.1,0
24159,9,0,1,2,2,3,2,2,2,0.0,1.0,0.0,4.9,0
24160,9,2,1,2,3,3,2,2,2,0.0,0.0,1.0,20.6,1
24161,9,1,1,2,2,3,2,2,2,0.0,1.0,0.0,13.0,0
24162,9,2,1,2,2,3,2,2,2,0.0,0.0,1.0,42.0,1
24163,9,2,1,2,2,3,2,2,2,0.0,0.0,1.0,26.8,1
24164,9,2,1,2,2,3,2,2,1,0.0,0.0,1.0,64.4,1
24165,9,2,1,2,2,3,2,2,2,0.0,0.0,1.0,25.0,1
24166,9,1,1,2,2,3,3,2,2,0.0,0.0,1.0,25.9,0
24167,9,1,1,2,2,3,2,2,2,1.0,0.0,0.0,16.8,0
24168,9,0,1,2,2,3,2,2,2,0.0,1.0,0.0,7.1,0
24169,9,1,1,2,2,3,2,2,2,0.0,0.0,1.0,54.1,0
24170,9,0,1,2,2,3,2,2,2,0.0,1.0,0.0,8.7,0
24171,9,0,1,2,2,3,2,2,2,0.0,0.0,1.0,21.5,0
24172,9,2,1,2,2,3,2,2,2,0.0,0.0,1.0,22.1,1
24173,9,2,1,2,2,3,2,2,2,0.0,0.0,1.0,82.2,1
24174,9,2,1,3,2,3,2,2,2,0.0,0.0,1.0,31.2,1
24175,9,2,1,2,2,3,2,2,2,0.0,0.0,1.0,42.1,1
24176,9,1,1,2,2,3,2,2,2,0.0,1.0,0.0,13.5,0
24177,9,0,1,2,2,3,2,2,2,1.0,0.0,0.0,-2.9,0
24178,9,1,1,2,2,3,2,2,2,0.0,0.0,1.0,21.9,0
24179,9,2,1,2,2,3,2,2,2,0.0,0.0,1.0,33.9,1
24180,9,2,1,2,2,3,2,2,2,0.0,0.0,1.0,34.1,1
24181,9,0,1,2,2,3,2,2,2,1.0,0.0,0.0,0.4,0
24182,9,1,1,2,2,3,2,2,2,0.0,0.0,1.0,23.0,0
24183,9,0,1,2,2,3,2,2,2,0.0,1.0,0.0,14.4,0
24184,9,0,1,2,2,3,2,2,2,0.0,1.0,0.0,11.2,0
24185,9,2,1,2,2,3,2,2,2,0.0,1.0,0.0,14.6,1
24186,9,2,1,2,2,3,2,2,2,0.0,0.0,1.0,41.5,1
24187,9,2,1,2,2,3,2,2,2,0.0,0.0,1.0,43.5,1
24188,9,2,1,2,2,3,2,2,2,0.0,1.0,0.0,10.6,1
24189,9,0,1,2,2,3,2,2,2,1.0,0.0,0.0,6.2,0
24190,9,1,1,2,2,3,2,2,2,0.0,1.0,0.0,15.3,0
24191,9,0,1,2,2,3,2,2,2,0.0,1.0,0.0,14.5,0
24192,9,1,1,2,2,3,2,2,2,0.0,1.0,0.0,15.7,0
24193,9,2,1,2,2,3,2,2,2,0.0,0.0,1.0,35.8,1
24194,9,1,1,2,2,3,2,2,2,0.0,1.0,0.0,16.5,0
24195,9,0,1,2,2,3,2,2,1,0.0,1.0,0.0,12.9,0
24196,9,2,1,2,2,2,2,2,2,0.0,0.0,1.0,68.9,1
24197,9,1,1,2,2,3,2,2,2,0.0,1.0,0.0,13.9,0
24198,9,2,1,3,2,3,2,3,2,0.0,0.0,1.0,50.0,1
24199,9,1,1,2,2,3,2,2,2,0.0,1.0,0.0,10.5,0
24200,9,2,1,2,2,3,2,2,2,0.0,0.0,1.0,40.0,1
24201,9,1,1,2,2,3,2,2,2,0.0,0.0,1.0,20.0,0
24202,9,0,1,2,2,3,2,2,2,0.0,1.0,0.0,18.4,0
24203,9,1,1,2,2,3,2,2,2,0.0,0.0,1.0,35.1,0
24204,9,1,1,2,2,3,2,2,2,0.0,0.0,1.0,23.3,0
24205,9,2,1,3,2,3,2,2,2,0.0,0.0,1.0,20.2,1
24206,9,1,1,2,2,3,2,2,2,0.0,1.0,0.0,9.7,0
24207,9,1,1,2,2,3,2,2,2,0.0,0.0,1.0,39.1,0
24208,9,0,1,2,2,3,2,2,2,0.0,1.0,0.0,5.8,0
24209,9,2,1,2,2,3,3,2,2,0.0,0.0,1.0,21.9,1
24210,9,2,1,2,2,3,3,2,2,0.0,0.0,1.0,70.2,1
24211,9,2,1,2,2,2,2,2,2,0.0,0.0,1.0,45.4,1
24212,9,1,1,2,2,3,2,2,2,0.0,0.0,1.0,19.7,0
24213,9,0,1,2,2,3,2,2,2,0.0,0.0,1.0,23.0,0
24214,9,0,1,2,2,3,2,3,2,0.0,1.0,0.0,11.1,0
24215,9,0,1,2,2,2,2,2,2,0.0,0.0,1.0,24.2,0
24216,9,1,1,2,2,3,2,2,2,0.0,0.0,1.0,21.8,0
24217,9,2,1,2,2,3,2,2,2,0.0,0.0,1.0,42.4,1
24218,9,2,1,2,2,3,2,2,2,0.0,0.0,1.0,54.7,1
24219,9,1,1,2,2,3,2,2,2,0.0,1.0,0.0,10.9,0
24220,9,0,1,2,2,3,2,2,2,0.0,1.0,0.0,5.1,0
24221,9,2,1,2,2,3,2,2,2,0.0,0.0,1.0,29.6,1
24222,9,1,1,2,2,3,2,3,2,0.0,0.0,1.0,34.0,0
24223,9,1,1,2,2,3,2,2,2,0.0,0.0,1.0,31.0,0
24224,9,2,1,2,2,2,2,2,2,0.0,0.0,1.0,32.2,1
24225,9,1,1,2,2,3,2,2,2,0.0,1.0,0.0,12.5,0
24226,9,2,1,2,2,3,2,2,2,0.0,0.0,1.0,30.9,1
24227,9,2,1,2,2,2,2,2,2,0.0,0.0,1.0,23.7,1
24228,9,1,1,2,2,3,2,2,2,0.0,0.0,1.0,32.1,0
24229,9,0,1,2,2,3,2,2,2,1.0,0.0,0.0,-5.3,0
24230,9,0,1,2,2,3,2,2,1,0.0,0.0,1.0,20.1,0
24231,9,0,1,2,2,3,2,2,2,1.0,0.0,0.0,7.1,0
24232,9,0,1,2,2,3,2,2,2,1.0,0.0,0.0,9.0,0
24233,9,1,1,2,2,3,2,2,2,0.0,0.0,1.0,26.4,0
24234,9,2,1,2,2,3,2,2,2,0.0,0.0,1.0,36.4,1
24235,9,1,1,2,2,3,2,3,2,1.0,0.0,0.0,9.0,0
24236,9,1,1,2,2,3,2,2,2,0.0,1.0,0.0,14.8,0
24237,9,2,1,2,2,3,2,2,2,0.0,0.0,1.0,45.2,1
24238,9,0,1,2,2,3,3,2,2,0.0,1.0,0.0,5.9,0
24239,9,2,1,2,2,3,2,3,2,0.0,1.0,0.0,14.9,0
24240,9,0,1,2,2,3,2,2,2,0.0,1.0,0.0,6.9,0
24241,9,0,1,2,2,3,2,2,1,0.0,0.0,1.0,29.5,0
24242,9,2,1,2,2,3,2,2,2,0.0,0.0,1.0,24.6,1
24243,9,0,1,2,2,3,2,2,2,0.0,1.0,0.0,10.4,0
24244,9,2,1,2,2,3,2,2,2,0.0,0.0,1.0,51.8,1
24245,9,1,1,2,2,3,2,2,2,0.0,1.0,0.0,16.9,0
24246,9,2,1,2,2,3,2,3,2,0.0,0.0,1.0,35.4,1
24247,9,2,1,2,2,3,2,2,1,0.0,0.0,1.0,36.6,1
24248,9,2,1,2,2,3,2,2,2,0.0,0.0,1.0,45.3,1
24249,9,0,1,2,2,3,2,2,2,0.0,1.0,0.0,7.6,0
24250,9,1,1,2,2,3,2,2,2,0.0,0.0,1.0,20.3,0
24251,9,2,1,2,2,3,2,2,2,0.0,0.0,1.0,27.1,1
24252,9,1,1,2,2,3,2,2,2,0.0,0.0,1.0,24.7,0
24253,9,1,1,2,2,3,2,2,2,1.0,0.0,0.0,7.8,0
24254,9,1,1,2,2,3,2,2,2,0.0,1.0,0.0,14.5,0
24255,9,2,1,2,2,3,2,2,1,0.0,0.0,1.0,38.0,1
24256,9,1,1,2,2,3,2,3,2,1.0,0.0,0.0,5.0,0
24257,9,0,1,2,2,3,2,2,2,0.0,1.0,0.0,5.5,0
24258,9,2,1,2,2,3,2,2,2,0.0,0.0,1.0,49.6,1
24259,9,1,1,2,2,3,2,2,2,0.0,0.0,1.0,32.9,0
24260,9,1,1,2,2,3,2,3,2,1.0,0.0,0.0,9.7,0
24261,9,0,1,2,2,3,2,3,2,0.0,1.0,0.0,2.4,0
24262,9,2,1,2,2,3,2,2,2,0.0,0.0,1.0,38.1,1
24263,9,1,1,2,2,3,2,2,2,1.0,0.0,0.0,5.9,0
24264,9,1,1,2,3,3,3,2,2,0.0,0.0,1.0,24.4,0
24265,9,1,1,2,2,3,2,2,2,0.0,1.0,0.0,7.9,0
24266,9,1,1,2,2,3,2,2,2,0.0,0.0,1.0,24.7,0
24267,9,0,1,2,2,3,2,2,2,0.0,1.0,0.0,10.0,0
24268,9,2,1,2,2,3,2,2,2,0.0,0.0,1.0,38.7,1
24269,9,1,1,2,2,3,2,2,2,0.0,1.0,0.0,13.1,0
24270,9,2,1,2,2,3,2,2,2,0.0,0.0,1.0,43.5,1
24271,9,1,1,2,2,3,2,2,2,0.0,0.0,1.0,23.8,0
24272,9,0,1,3,3,3,2,2,2,0.0,1.0,0.0,5.1,0
24273,9,0,1,2,2,3,2,2,2,0.0,0.0,1.0,20.0,0
24274,9,2,1,2,2,3,2,2,2,0.0,0.0,1.0,19.3,1
24275,9,2,1,2,2,3,2,2,1,0.0,0.0,1.0,40.9,1
24276,9,2,1,2,2,3,2,2,2,0.0,0.0,1.0,107.9,1
24277,9,0,1,2,2,3,2,2,2,0.0,0.0,1.0,38.0,0
24278,9,1,1,2,2,3,2,2,2,0.0,1.0,0.0,5.9,0
24279,9,0,1,2,2,3,2,2,2,0.0,1.0,0.0,20.1,0
24280,9,1,1,2,2,3,2,2,2,0.0,1.0,0.0,13.7,0
24281,9,1,1,2,3,3,2,2,2,0.0,0.0,1.0,25.3,0
24282,9,2,1,2,2,3,2,2,2,0.0,0.0,1.0,40.7,1
24283,9,0,1,2,2,3,2,2,2,0.0,1.0,0.0,14.2,0
24284,9,2,1,2,2,3,2,2,1,0.0,0.0,1.0,44.5,1
24285,9,2,1,3,2,3,2,2,2,0.0,0.0,1.0,64.2,1
24286,9,2,1,2,2,3,2,2,2,0.0,1.0,0.0,15.9,1
24287,9,2,1,2,2,3,2,2,2,0.0,0.0,1.0,37.0,1
24288,9,1,1,2,2,3,2,2,2,0.0,1.0,0.0,16.9,0
24289,9,1,1,2,2,3,2,2,2,1.0,0.0,0.0,3.8,0
24290,9,2,1,2,2,3,2,2,2,0.0,0.0,1.0,34.6,1
24291,9,1,1,2,2,3,2,2,2,0.0,0.0,1.0,19.3,0
24292,9,1,1,3,2,3,2,2,2,0.0,0.0,1.0,42.3,0
24293,9,2,1,2,2,3,2,3,2,0.0,1.0,0.0,10.8,1
24294,9,2,1,2,2,3,2,2,2,0.0,0.0,1.0,89.8,1
24295,9,2,1,2,2,3,2,2,2,0.0,0.0,1.0,34.6,1
24296,9,0,1,2,3,3,2,2,2,0.0,1.0,0.0,3.8,0
24297,9,2,1,2,2,3,2,2,2,0.0,0.0,1.0,16.0,1
24298,9,1,1,2,2,3,2,2,1,0.0,0.0,1.0,19.0,0
24299,9,1,1,2,2,3,2,2,2,0.0,0.0,1.0,29.0,0
24300,9,2,1,2,2,3,2,2,2,0.0,0.0,1.0,48.7,1
24301,9,1,1,2,2,3,2,2,2,0.0,0.0,1.0,30.5,0
24302,9,0,1,2,2,3,2,2,2,0.0,1.0,0.0,11.7,0
24303,9,2,1,3,3,3,2,2,2,0.0,0.0,1.0,23.5,1
24304,9,0,1,2,2,3,2,2,2,1.0,0.0,0.0,1.5,0
24305,9,2,1,2,2,3,2,3,2,0.0,0.0,1.0,48.0,1
24306,9,2,1,2,2,3,2,2,2,0.0,0.0,1.0,34.1,1
24307,9,0,1,2,2,3,2,2,2,0.0,1.0,0.0,9.0,0
24308,9,0,1,2,2,3,2,2,2,1.0,0.0,0.0,2.9,0
24309,9,2,1,2,2,3,2,2,2,0.0,0.0,1.0,48.7,1
24310,9,1,1,2,2,3,2,2,2,0.0,0.0,1.0,19.3,0
24311,9,0,1,2,2,3,2,2,2,1.0,0.0,0.0,8.3,0
24312,9,0,1,3,2,3,2,2,2,0.0,1.0,0.0,11.1,0
24313,9,1,1,2,2,3,2,2,2,0.0,0.0,1.0,31.1,0
24314,9,1,1,2,2,3,2,2,2,0.0,1.0,0.0,8.3,0
24315,9,0,1,2,2,3,2,2,2,0.0,1.0,0.0,9.5,0
24316,9,1,1,2,2,3,2,2,2,0.0,0.0,1.0,29.7,0
24317,9,1,1,2,3,3,2,2,2,0.0,0.0,1.0,26.2,0
24318,9,2,1,2,2,3,2,2,2,0.0,1.0,0.0,15.9,1
24319,9,0,1,2,2,3,2,2,2,0.0,1.0,0.0,16.6,0
24320,9,1,1,3,2,2,2,2,2,0.0,0.0,1.0,16.9,0
24321,9,2,1,2,2,3,2,2,2,0.0,0.0,1.0,37.4,1
24322,9,0,1,3,2,3,2,2,1,0.0,1.0,0.0,13.2,0
24323,9,1,1,2,2,3,2,2,2,0.0,1.0,0.0,8.4,0
24324,9,2,1,2,2,3,2,2,2,0.0,1.0,0.0,15.8,1
24325,9,0,1,2,2,3,2,2,2,0.0,0.0,1.0,21.1,0
24326,9,0,1,2,2,3,2,2,2,0.0,1.0,0.0,15.6,0
24327,9,2,1,2,2,2,2,2,2,0.0,0.0,1.0,33.9,1
24328,9,2,1,2,2,3,2,2,2,0.0,0.0,1.0,20.9,1
24329,9,1,1,3,2,3,2,2,2,0.0,0.0,1.0,16.9,0
24330,9,1,1,2,2,3,2,2,2,0.0,1.0,0.0,5.6,0
24331,9,0,1,2,2,3,2,2,2,1.0,0.0,0.0,-2.1,0
24332,9,2,1,2,2,3,2,2,2,0.0,0.0,1.0,46.8,1
24333,9,2,1,3,2,3,2,2,2,0.0,0.0,1.0,26.5,1
24334,9,2,1,2,3,3,2,2,2,0.0,0.0,1.0,37.2,1
24335,9,2,1,2,2,3,2,2,2,0.0,0.0,1.0,45.5,1
24336,9,1,1,2,2,3,2,2,2,0.0,0.0,1.0,28.7,0
24337,9,0,1,2,2,3,3,2,2,0.0,0.0,1.0,18.3,0
24338,9,1,1,2,2,3,2,2,2,0.0,1.0,0.0,18.1,0
24339,9,1,1,2,2,3,2,2,2,0.0,1.0,0.0,10.9,0
24340,9,1,1,2,2,3,2,2,2,0.0,1.0,0.0,5.5,0
24341,9,1,1,2,2,3,2,2,2,0.0,0.0,1.0,23.4,0
24342,9,1,1,2,2,3,2,2,2,0.0,1.0,0.0,8.8,0
24343,9,2,1,2,2,3,2,2,2,0.0,0.0,1.0,56.7,1
24344,9,2,1,2,3,3,2,2,2,0.0,0.0,1.0,31.3,1
24345,9,2,1,2,2,3,2,2,2,0.0,0.0,1.0,19.5,1
24346,9,1,1,2,2,3,2,2,2,0.0,1.0,0.0,14.0,0
24347,9,1,1,2,2,3,2,2,2,0.0,1.0,0.0,11.4,0
24348,9,0,1,2,2,3,2,2,2,0.0,0.0,1.0,22.7,0
24349,9,2,1,3,2,3,2,3,2,0.0,0.0,1.0,16.5,1
24350,9,0,1,2,2,3,2,2,2,0.0,1.0,0.0,9.3,0
24351,9,1,1,2,2,3,2,2,2,0.0,1.0,0.0,16.7,0
24352,9,2,1,2,3,3,3,2,2,0.0,0.0,1.0,21.7,1
24353,9,2,1,3,2,3,2,3,2,0.0,0.0,1.0,122.5,1
24354,9,2,1,2,2,3,2,2,2,0.0,0.0,1.0,22.9,1
24355,9,1,1,2,2,3,2,2,2,0.0,1.0,0.0,17.2,0
24356,9,1,1,2,2,3,2,2,2,0.0,1.0,0.0,10.3,0
24357,9,2,1,2,2,3,2,3,2,0.0,0.0,1.0,82.4,1
24358,9,0,1,2,2,3,2,2,2,0.0,0.0,1.0,28.4,0
24359,9,1,1,2,2,3,2,2,2,0.0,0.0,1.0,23.6,0
24360,9,1,1,2,2,3,2,2,2,0.0,0.0,1.0,33.8,0
24361,9,1,1,2,2,3,2,2,2,0.0,0.0,1.0,29.7,0
24362,9,2,1,2,2,2,2,2,2,0.0,0.0,1.0,82.0,1
24363,9,0,1,2,2,3,2,2,2,0.0,0.0,1.0,21.7,0
24364,9,2,1,2,2,3,2,2,1,0.0,0.0,1.0,22.2,1
24365,9,2,1,2,2,3,2,2,2,0.0,0.0,1.0,25.4,1
24366,9,0,1,2,2,3,2,2,2,0.0,1.0,0.0,6.7,0
24367,9,0,1,2,3,3,2,2,2,0.0,0.0,1.0,25.9,0
24368,9,0,1,2,2,3,2,2,2,0.0,1.0,0.0,16.2,0
24369,9,2,1,2,2,3,2,3,2,0.0,0.0,1.0,38.1,1
24370,9,0,1,2,2,3,2,2,2,0.0,1.0,0.0,13.5,0
24371,9,2,1,2,2,3,3,2,2,0.0,1.0,0.0,13.8,1
24372,9,2,1,2,2,3,2,2,2,0.0,0.0,1.0,35.2,1
24373,9,1,1,2,2,3,2,2,2,0.0,0.0,1.0,18.6,0
24374,9,0,1,2,2,3,2,2,2,0.0,1.0,0.0,20.7,0
24375,9,2,1,2,2,3,2,2,2,0.0,0.0,1.0,18.7,1
24376,9,1,1,2,2,3,2,2,2,0.0,0.0,1.0,46.9,0
24377,9,1,1,2,2,3,2,2,2,1.0,0.0,0.0,10.9,0
24378,9,0,1,2,2,3,2,2,2,0.0,1.0,0.0,12.1,0
24379,9,0,1,3,3,3,2,2,2,0.0,0.0,1.0,20.3,0
24380,9,1,1,2,2,3,2,3,2,0.0,0.0,1.0,25.7,0
24381,9,1,1,2,2,3,2,3,2,1.0,0.0,0.0,5.6,0
24382,9,1,1,2,2,3,2,2,2,0.0,0.0,1.0,21.3,0
24383,9,2,1,2,2,3,2,2,2,0.0,0.0,1.0,48.8,1
24384,9,0,1,2,2,3,2,3,2,0.0,0.0,1.0,21.6,0
24385,9,0,1,2,2,3,2,2,2,0.0,1.0,0.0,10.4,0
24386,9,0,1,2,2,3,2,2,2,0.0,0.0,1.0,31.9,0
24387,9,1,1,2,2,3,2,2,2,0.0,0.0,1.0,21.4,0
24388,9,1,1,2,2,3,2,2,2,0.0,1.0,0.0,15.1,0
24389,9,1,1,2,2,2,3,2,2,0.0,0.0,1.0,22.2,0
24390,9,2,1,3,2,3,2,2,2,0.0,0.0,1.0,19.3,1
24391,9,1,1,3,2,3,2,2,2,0.0,1.0,0.0,10.6,0
24392,9,0,1,2,2,3,2,2,2,0.0,1.0,0.0,15.3,0
24393,9,0,1,2,2,3,2,2,2,0.0,1.0,0.0,16.7,0
24394,9,0,1,2,2,3,2,2,2,0.0,1.0,0.0,7.7,0
24395,9,1,1,2,2,3,2,2,2,0.0,1.0,0.0,12.2,0
24396,9,0,1,2,2,3,2,2,1,0.0,1.0,0.0,9.1,0
24397,9,2,1,2,2,3,2,2,2,0.0,0.0,1.0,27.4,1
24398,9,1,1,2,2,3,2,2,1,0.0,1.0,0.0,15.7,0
24399,9,2,1,2,2,2,2,3,2,0.0,0.0,1.0,33.3,1
24400,9,2,1,2,2,3,2,3,2,0.0,0.0,1.0,30.6,1
24401,9,2,1,2,2,3,3,2,2,0.0,0.0,1.0,36.9,1
24402,9,2,1,2,2,3,2,2,2,0.0,0.0,1.0,69.1,1
24403,9,2,1,2,3,3,2,2,2,0.0,0.0,1.0,44.9,1
24404,9,2,1,2,2,3,2,2,2,0.0,0.0,1.0,25.7,1
24405,9,0,1,2,2,3,2,2,2,1.0,0.0,0.0,11.3,0
24406,9,2,1,2,2,3,3,2,2,0.0,0.0,1.0,40.5,1
24407,9,2,1,2,2,3,2,2,2,0.0,1.0,0.0,15.8,1
24408,9,0,1,2,2,3,2,2,2,0.0,1.0,0.0,18.4,0
24409,9,0,1,2,2,3,2,2,2,0.0,0.0,1.0,27.7,0
24410,9,2,1,2,2,3,2,3,1,0.0,0.0,1.0,75.3,1
24411,9,0,1,3,2,3,2,2,2,0.0,1.0,0.0,13.2,0
24412,9,1,1,2,2,3,2,2,2,0.0,1.0,0.0,15.1,0
24413,9,2,1,2,2,3,2,2,2,0.0,0.0,1.0,37.4,1
24414,9,2,1,2,2,2,2,2,2,0.0,0.0,1.0,45.9,1
24415,9,1,1,2,2,3,2,2,2,0.0,0.0,1.0,27.2,0
24416,9,2,1,2,2,3,2,3,2,0.0,0.0,1.0,37.4,1
24417,9,2,1,2,2,3,2,2,2,0.0,0.0,1.0,34.1,1
24418,9,1,1,2,2,3,2,2,2,0.0,0.0,1.0,6.6,0
24419,9,1,1,2,2,3,2,3,2,0.0,0.0,1.0,18.4,0
24420,9,2,1,3,2,3,2,2,1,0.0,0.0,1.0,83.3,1
24421,9,2,1,3,3,3,3,2,2,0.0,0.0,1.0,57.5,1
24422,9,0,1,2,2,3,3,2,2,0.0,1.0,0.0,5.6,0
24423,9,2,1,2,2,3,2,2,2,0.0,0.0,1.0,27.8,1
24424,9,0,1,2,2,3,2,2,2,0.0,1.0,0.0,13.1,0
24425,9,0,1,2,2,3,2,2,1,0.0,0.0,1.0,37.9,0
24426,9,0,1,2,2,3,2,2,2,0.0,1.0,0.0,10.2,0
24427,9,0,1,2,2,3,2,2,2,0.0,0.0,1.0,27.4,0
24428,9,1,1,2,2,3,2,2,2,0.0,1.0,0.0,10.6,0
24429,9,0,1,2,2,3,2,2,2,0.0,1.0,0.0,17.5,0
24430,9,1,1,2,2,3,2,2,2,0.0,0.0,1.0,25.2,0
24431,9,1,1,2,2,3,2,2,2,1.0,0.0,0.0,2.9,0
24432,9,2,1,3,2,2,2,2,2,0.0,0.0,1.0,37.6,1
24433,9,1,1,2,2,3,2,2,2,0.0,1.0,0.0,15.9,0
24434,9,0,1,2,2,3,2,2,2,0.0,1.0,0.0,4.6,0
24435,9,0,1,2,2,3,2,2,2,0.0,0.0,1.0,35.9,0
24436,9,1,1,3,2,3,2,2,2,0.0,0.0,1.0,11.1,0
24437,9,1,1,2,2,3,2,2,2,0.0,1.0,0.0,9.1,0
24438,9,1,1,2,2,3,2,2,2,0.0,0.0,1.0,17.0,0
24439,9,1,1,2,2,3,2,2,2,0.0,0.0,1.0,26.0,0
24440,9,2,1,2,2,3,2,2,2,0.0,1.0,0.0,22.3,1
24441,9,1,1,2,2,3,2,3,2,0.0,1.0,0.0,15.7,0
24442,9,1,1,2,2,3,2,2,2,0.0,0.0,1.0,29.1,0
24443,9,2,1,2,2,3,2,2,2,0.0,0.0,1.0,24.7,1
24444,9,2,1,2,3,3,2,2,2,0.0,0.0,1.0,16.4,1
24445,9,0,1,2,2,3,2,2,2,0.0,1.0,0.0,9.3,0
24446,9,0,1,2,2,3,2,2,2,0.0,1.0,0.0,16.0,0
24447,9,1,1,2,2,3,2,2,2,0.0,1.0,0.0,19.3,0
24448,9,2,1,2,2,3,2,2,2,0.0,0.0,1.0,53.2,1
24449,9,2,1,2,2,3,2,2,2,0.0,0.0,1.0,38.9,1
24450,9,0,1,2,2,3,2,2,2,0.0,1.0,0.0,9.3,0
24451,9,2,1,2,3,3,2,2,2,0.0,0.0,1.0,24.7,1
24452,9,0,1,2,2,3,2,2,2,1.0,0.0,0.0,9.5,0
24453,9,0,1,2,2,3,2,2,2,1.0,0.0,0.0,-0.6,0
24454,9,1,1,2,3,3,3,2,2,0.0,1.0,0.0,10.2,0
24455,9,2,1,3,2,3,3,2,2,0.0,0.0,1.0,27.0,1
24456,9,1,1,2,2,3,2,2,2,0.0,1.0,0.0,13.9,0
24457,9,1,1,2,2,3,2,2,2,0.0,1.0,0.0,10.5,0
24458,9,2,1,2,2,3,2,2,2,0.0,0.0,1.0,45.4,1
24459,9,0,1,2,2,3,2,2,2,0.0,1.0,0.0,13.1,0
24460,9,0,1,2,2,3,2,2,2,0.0,1.0,0.0,16.5,0
24461,9,2,1,2,2,3,2,2,2,0.0,0.0,1.0,31.6,1
24462,9,2,1,2,2,3,2,3,2,0.0,0.0,1.0,39.2,1
24463,9,0,1,2,2,3,2,2,2,1.0,0.0,0.0,2.6,0
24464,9,2,1,2,2,3,2,2,2,0.0,0.0,1.0,21.3,1
24465,9,0,1,2,2,3,2,2,1,0.0,1.0,0.0,10.2,0
24466,9,2,1,2,2,3,2,2,2,0.0,0.0,1.0,53.6,1
24467,9,1,1,3,2,3,2,2,2,0.0,0.0,1.0,29.4,0
24468,9,2,1,2,2,3,2,2,2,0.0,0.0,1.0,25.9,1
24469,9,0,1,2,2,3,2,2,2,0.0,1.0,0.0,13.5,0
24470,9,2,1,2,2,3,2,3,1,0.0,0.0,1.0,60.0,1
24471,9,1,1,2,2,3,2,2,2,0.0,0.0,1.0,37.1,0
24472,9,1,1,2,2,3,2,2,2,0.0,1.0,0.0,15.9,0
24473,9,2,1,2,2,3,2,2,2,0.0,0.0,1.0,27.2,1
24474,9,2,1,2,2,3,2,2,1,0.0,0.0,1.0,96.3,1
24475,9,0,1,2,2,3,2,2,2,0.0,1.0,0.0,14.0,0
24476,9,1,1,2,2,3,2,2,2,0.0,1.0,0.0,11.2,0
24477,9,1,1,2,2,3,3,2,2,0.0,0.0,1.0,18.2,0
24478,9,1,1,3,2,3,2,2,2,0.0,0.0,1.0,34.3,0
24479,9,2,1,2,2,3,2,2,2,0.0,0.0,1.0,31.5,1
24480,9,1,1,2,2,3,2,2,2,0.0,1.0,0.0,7.5,0
24481,9,0,1,2,2,3,2,2,2,0.0,1.0,0.0,1.2,0
24482,9,2,1,2,2,3,2,2,2,0.0,0.0,1.0,32.7,1
24483,9,0,1,2,2,3,2,2,2,0.0,1.0,0.0,8.9,0
24484,9,2,1,2,2,3,2,2,2,0.0,0.0,1.0,60.6,1
24485,9,2,1,2,2,3,2,2,2,0.0,0.0,1.0,44.3,1
24486,9,1,1,2,2,3,2,2,2,0.0,1.0,0.0,14.6,0
24487,9,1,1,2,2,3,3,2,2,0.0,0.0,1.0,52.6,0
24488,9,2,1,2,2,3,2,2,2,0.0,0.0,1.0,50.5,1
24489,9,1,1,3,2,3,2,2,2,0.0,0.0,1.0,22.5,0
24490,9,0,1,2,2,3,2,2,2,0.0,1.0,0.0,8.7,0
24491,9,1,1,2,2,3,2,2,2,0.0,0.0,1.0,34.3,0
24492,9,0,1,2,2,3,2,2,1,0.0,0.0,1.0,19.7,0
24493,9,0,1,2,2,3,2,2,2,1.0,0.0,0.0,5.2,0
24494,9,2,1,2,2,3,2,2,2,0.0,0.0,1.0,30.2,1
24495,9,1,1,3,2,3,2,2,2,1.0,0.0,0.0,7.7,0
24496,9,2,1,2,2,3,3,2,2,0.0,0.0,1.0,90.9,1
24497,9,2,1,2,2,3,2,2,1,0.0,0.0,1.0,23.7,1
24498,9,2,1,2,2,3,2,2,2,0.0,0.0,1.0,26.4,1
24499,9,0,1,2,2,3,2,2,2,0.0,1.0,0.0,8.6,0
24500,9,0,1,2,2,3,2,2,2,0.0,0.0,1.0,24.7,0
24501,9,0,1,2,2,3,2,2,2,1.0,0.0,0.0,7.4,0
24502,9,1,1,2,3,3,2,3,2,0.0,1.0,0.0,17.1,0
24503,9,1,1,3,2,3,2,3,2,0.0,0.0,1.0,36.0,0
24504,9,1,1,2,2,3,2,2,2,0.0,0.0,1.0,29.1,0
24505,9,2,1,2,2,3,3,2,2,0.0,0.0,1.0,18.2,1
24506,9,0,1,3,2,3,2,2,2,0.0,1.0,0.0,12.3,0
24507,9,0,1,2,2,3,2,2,2,0.0,1.0,0.0,9.0,0
24508,9,0,1,2,2,2,2,2,2,0.0,1.0,0.0,8.7,0
24509,9,2,1,2,2,3,2,2,2,0.0,0.0,1.0,34.7,1
24510,9,0,1,2,2,3,2,2,2,0.0,1.0,0.0,15.8,0
24511,9,0,1,2,2,3,2,2,2,0.0,1.0,0.0,4.9,0
24512,9,2,1,3,2,3,2,2,2,0.0,0.0,1.0,20.4,1
24513,9,1,1,2,2,3,2,2,1,0.0,0.0,1.0,23.4,0
24514,9,2,1,2,2,3,2,2,2,0.0,0.0,1.0,29.7,1
24515,9,0,1,2,2,3,2,2,2,0.0,1.0,0.0,15.8,0
24516,9,2,1,2,2,3,2,2,2,0.0,0.0,1.0,29.5,1
24517,9,0,1,2,2,3,2,2,2,0.0,0.0,1.0,21.0,0
24518,9,2,1,2,2,2,2,2,1,0.0,0.0,1.0,82.1,1
24519,9,1,1,2,2,3,2,2,2,0.0,0.0,1.0,14.3,0
24520,9,0,1,2,2,3,3,2,2,0.0,1.0,0.0,10.1,0
24521,9,0,1,2,2,3,2,2,2,0.0,1.0,0.0,9.8,0
24522,9,2,1,2,2,3,2,2,2,0.0,0.0,1.0,30.6,1
24523,9,2,1,2,2,3,2,2,2,0.0,0.0,1.0,42.2,1
24524,9,1,1,2,2,3,2,2,2,1.0,0.0,0.0,9.8,0
24525,9,1,1,2,2,2,2,2,1,0.0,0.0,1.0,19.0,0
24526,9,2,1,2,2,3,2,2,2,0.0,0.0,1.0,30.1,1
24527,9,0,1,2,2,3,2,2,2,0.0,1.0,0.0,12.6,0
24528,9,2,1,2,2,3,2,2,2,0.0,1.0,0.0,12.0,1
24529,9,2,1,2,2,3,2,2,2,0.0,0.0,1.0,38.0,1
24530,9,2,1,2,2,3,2,2,2,0.0,0.0,1.0,112.6,1
24531,9,1,1,2,3,3,2,2,2,0.0,0.0,1.0,20.3,0
24532,9,1,1,2,2,3,2,2,2,0.0,0.0,1.0,8.9,0
24533,9,1,1,2,2,3,2,2,2,0.0,0.0,1.0,38.9,0
24534,9,2,1,2,2,3,2,2,2,0.0,0.0,1.0,40.9,1
24535,9,1,1,2,2,3,2,2,2,0.0,1.0,0.0,10.5,0
24536,9,2,1,2,2,3,2,2,2,0.0,0.0,1.0,38.1,1
24537,9,1,1,2,2,3,2,2,2,0.0,0.0,1.0,25.2,0
24538,9,2,1,2,2,3,2,2,2,0.0,0.0,1.0,16.7,1
24539,9,1,1,2,2,3,2,2,2,0.0,0.0,1.0,51.0,0
24540,9,0,1,2,2,3,3,2,2,0.0,1.0,0.0,4.2,0
24541,9,0,1,2,3,3,2,2,2,0.0,0.0,1.0,23.2,0
24542,9,0,1,2,2,3,2,2,2,0.0,1.0,0.0,8.9,0
24543,9,0,1,2,2,3,2,2,2,0.0,1.0,0.0,6.6,0
24544,9,0,1,2,2,3,2,2,2,0.0,1.0,0.0,11.2,0
24545,9,2,1,2,2,3,2,2,1,0.0,0.0,1.0,130.9,1
24546,9,2,1,2,2,3,2,2,2,0.0,0.0,1.0,54.7,1
24547,9,1,1,2,2,3,2,2,2,0.0,0.0,1.0,58.1,0
24548,9,0,1,2,2,3,2,2,2,0.0,1.0,0.0,12.1,0
24549,9,1,1,2,2,3,2,3,2,0.0,1.0,0.0,13.2,0
24550,9,2,1,2,2,3,3,2,1,0.0,0.0,1.0,65.1,1
24551,9,0,1,2,2,3,2,2,2,0.0,1.0,0.0,13.7,0
24552,9,2,1,2,2,3,2,2,2,0.0,0.0,1.0,53.5,1
24553,9,1,1,2,2,3,2,2,2,0.0,0.0,1.0,23.2,0
24554,9,1,1,2,2,3,2,2,2,0.0,1.0,0.0,15.3,0
24555,9,1,1,2,2,3,2,2,2,1.0,0.0,0.0,7.3,0
24556,9,0,1,2,2,3,2,2,1,0.0,0.0,1.0,16.7,0
24557,9,1,1,2,2,3,2,2,2,0.0,0.0,1.0,45.9,0
24558,9,2,1,2,2,3,3,2,2,0.0,0.0,1.0,67.6,1
24559,9,1,1,2,2,3,2,2,2,0.0,1.0,0.0,7.8,0
24560,9,1,1,2,2,3,2,2,2,0.0,0.0,1.0,19.5,0
24561,9,1,1,2,2,3,2,3,2,0.0,1.0,0.0,11.1,0
24562,9,2,1,3,2,3,2,2,2,0.0,0.0,1.0,41.0,1
24563,9,2,1,2,2,3,2,2,2,0.0,0.0,1.0,39.0,1
24564,9,2,1,2,2,3,2,2,2,0.0,0.0,1.0,63.4,1
24565,9,0,1,2,2,3,2,2,2,1.0,0.0,0.0,4.3,0
24566,9,2,1,2,2,3,2,2,2,0.0,0.0,1.0,33.0,1
24567,9,1,1,2,2,3,2,2,2,0.0,1.0,0.0,11.4,0
24568,9,1,1,2,2,3,2,2,2,0.0,1.0,0.0,11.0,0
24569,9,0,1,2,2,3,2,2,2,0.0,0.0,1.0,21.4,0
24570,9,2,1,2,2,3,2,2,2,0.0,0.0,1.0,25.3,1
24571,9,2,1,2,2,3,2,2,2,0.0,1.0,0.0,13.2,1
24572,9,1,1,2,2,3,2,2,2,0.0,1.0,0.0,11.6,0
24573,9,2,1,2,2,3,2,2,1,0.0,1.0,0.0,18.2,1
24574,9,0,1,2,3,3,2,2,2,0.0,1.0,0.0,9.0,0
24575,9,0,1,2,2,3,2,2,2,0.0,1.0,0.0,4.5,0
